ID,DATA_Y
1329203,2021
1329349,2021
1329558,2021
1329674,2021
1330056,2021
1330277,2021
1330404,2021
1330422,2021
1330430,2021
1331330,2021
1331666,2021
1331918,2021
1332986,2021
1333152,2021
1333618,2021
1334313,2021
1334386,2021
1334454,2021
1334470,2021
1334678,2021
1335720,2021
1335949,2021
1336082,2021
1336115,2021
1336125,2021
1336138,2021
1336278,2021
1336444,2021
1336861,2021
1336894,2021
1336982,2021
1337074,2021
1337463,2021
1337876,2021
1337985,2021
1338096,2021
1338909,2021
1340346,2021
1340397,2021
1340724,2021
1340742,2021
1340836,2021
1341190,2021
1341596,2021
1342093,2021
1342633,2021
1342932,2021
1343425,2021
1343787,2021
1344570,2021
1344943,2021
1345735,2021
1345979,2021
1346209,2021
1346301,2021
1346338,2021
1347827,2021
1348132,2021
1349375,2021
1349584,2021
1350025,2021
1350232,2021
1350300,2021
1350538,2021
1350707,2021
1350836,2021
1350855,2021
1351204,2021
1351294,2021
1351524,2021
1351944,2021
1352152,2021
1352283,2021
1352536,2021
1353601,2021
1354054,2021
1354137,2021
1354442,2021
1354521,2021
1354672,2021
1354769,2021
1355148,2021
1355179,2021
1355320,2021
1355351,2021
1355541,2021
1355580,2021
1355724,2021
1356194,2021
1356243,2021
1357151,2021
1357720,2021
1357804,2021
1358221,2021
1358319,2021
1358402,2021
1358604,2021
1358812,2021
1359694,2021
1361158,2021
1362184,2021
1362185,2021
1362358,2021
1362479,2021
1362528,2021
1362766,2021
1363135,2021
1363403,2021
1363808,2021
1364010,2021
1364199,2021
1364318,2021
1365682,2021
1365763,2021
1366182,2021
1366211,2021
1366654,2021
1366859,2021
1366883,2021
1367057,2021
1367185,2021
1367389,2021
1367644,2021
1367687,2021
1367904,2021
1367979,2021
1368010,2021
1368126,2021
1368312,2021
1368357,2021
1368538,2021
1368732,2021
1369671,2021
1369786,2021
1369956,2021
1370264,2021
1370317,2021
1370338,2021
1370380,2021
1372529,2021
1372637,2021
1372706,2021
1373405,2021
1373678,2021
1374146,2021
1374528,2021
2329196,2021
2329432,2021
2329596,2021
2329715,2021
2330047,2021
2330140,2021
2330279,2021
2330325,2021
2330472,2021
2330486,2021
2330517,2021
2330669,2021
2330898,2021
2330991,2021
2331406,2021
2331854,2021
2331872,2021
2332213,2021
2333725,2021
2333922,2021
2334464,2021
2334629,2021
2334707,2021
2335235,2021
2335302,2021
2335468,2021
2335681,2021
2336688,2021
2337059,2021
2337147,2021
2337513,2021
2337561,2021
2337866,2021
2338044,2021
2339525,2021
2340109,2021
2340277,2021
2340483,2021
2341112,2021
2341258,2021
2342014,2021
2342214,2021
2343299,2021
2343347,2021
2343378,2021
2343764,2021
2344375,2021
2344565,2021
2344806,2021
2345727,2021
2345829,2021
2346161,2021
2346485,2021
2347721,2021
2347995,2021
2348613,2021
2348966,2021
2349142,2021
2349147,2021
2349866,2021
2350463,2021
2350954,2021
2351210,2021
2351432,2021
2351483,2021
2351557,2021
2351695,2021
2351747,2021
2351898,2021
2351901,2021
2352150,2021
2352160,2021
2352205,2021
2352222,2021
2352241,2021
2352355,2021
2352667,2021
2352942,2021
2353140,2021
2353162,2021
2353205,2021
2353731,2021
2353820,2021
2353826,2021
2354095,2021
2354140,2021
2354183,2021
2354717,2021
2354884,2021
2355021,2021
2355108,2021
2355630,2021
2355676,2021
2355732,2021
2355825,2021
2355995,2021
2356753,2021
2357115,2021
2357137,2021
2357270,2021
2357743,2021
2357904,2021
2358330,2021
2358469,2021
2359217,2021
2359944,2021
2362170,2021
2362250,2021
2362275,2021
2362335,2021
2362399,2021
2362428,2021
2362440,2021
2362896,2021
2362941,2021
2363184,2021
2363416,2021
2363720,2021
2363722,2021
2363807,2021
2363932,2021
2364004,2021
2364103,2021
2364216,2021
2364301,2021
2364743,2021
2365149,2021
2365996,2021
2366183,2021
2366387,2021
2366645,2021
2366666,2021
2366944,2021
2367009,2021
2367059,2021
2367306,2021
2367393,2021
2367721,2021
2367865,2021
2368016,2021
2368037,2021
2368133,2021
2368158,2021
2368159,2021
2368307,2021
2368403,2021
2372473,2021
2372594,2021
2372640,2021
2372661,2021
2373340,2021
2373804,2021
2374527,2021
2374617,2021
3329082,2021
3329222,2021
3329332,2021
3330072,2021
3330268,2021
3330873,2021
3332142,2021
3332612,2021
3334680,2021
3334835,2021
3334910,2021
3334913,2021
3334930,2021
3335910,2021
3336321,2021
3336402,2021
3336431,2021
3336493,2021
3336701,2021
3336735,2021
3336869,2021
3336929,2021
3337039,2021
3337321,2021
3337351,2021
3337357,2021
3337498,2021
3338039,2021
3338294,2021
3339272,2021
3340181,2021
3341689,2021
3341879,2021
3341923,2021
3342931,2021
3343025,2021
3343074,2021
3343165,2021
3343578,2021
3343994,2021
3344097,2021
3344488,2021
3344766,2021
3346618,2021
3346826,2021
3346999,2021
3347327,2021
3347972,2021
3348002,2021
3348794,2021
3349008,2021
3349998,2021
3350526,2021
3351744,2021
3352676,2021
3353062,2021
3353256,2021
3353811,2021
3353932,2021
3354096,2021
3355146,2021
3355237,2021
3355542,2021
3355573,2021
3355795,2021
3355817,2021
3356058,2021
3356460,2021
3356595,2021
3356739,2021
3356872,2021
3356932,2021
3357510,2021
3357563,2021
3357861,2021
3358133,2021
3358645,2021
3359017,2021
3359370,2021
3359482,2021
3359508,2021
3359785,2021
3359903,2021
3365103,2021
3365870,2021
3365888,2021
3366062,2021
3366514,2021
3366747,2021
3366909,2021
3366920,2021
3366969,2021
3367088,2021
3367101,2021
3367426,2021
3367990,2021
3368058,2021
3368092,2021
3368098,2021
3368113,2021
3368256,2021
3368319,2021
3368625,2021
3372508,2021
3372683,2021
3372875,2021
3373394,2021
3373559,2021
3373787,2021
4330043,2021
4330460,2021
4330930,2021
4331655,2021
4331683,2021
4332654,2021
4332969,2021
4333216,2021
4334066,2021
4334508,2021
4334631,2021
4334643,2021
4334766,2021
4335583,2021
4336050,2021
4336219,2021
4336512,2021
4336537,2021
4337298,2021
4337507,2021
4337726,2021
4338671,2021
4339198,2021
4339596,2021
4339989,2021
4340257,2021
4340801,2021
4341269,2021
4341273,2021
4342958,2021
4342989,2021
4343189,2021
4343402,2021
4343530,2021
4344182,2021
4344356,2021
4348090,2021
4348881,2021
4348949,2021
4348985,2021
4350041,2021
4350270,2021
4352672,2021
4352922,2021
4353245,2021
4353708,2021
4353933,2021
4354284,2021
4354326,2021
4355027,2021
4355078,2021
4355604,2021
4355979,2021
4356063,2021
4357044,2021
4357934,2021
4358566,2021
4358639,2021
4358718,2021
4358845,2021
4365057,2021
4365098,2021
4365954,2021
4367190,2021
4367648,2021
4367658,2021
4367868,2021
4368131,2021
4368231,2021
4368247,2021
4368285,2021
4368528,2021
4368566,2021
4368593,2021
4372433,2021
4372577,2021
4372668,2021
4372712,2021
4372879,2021
4373450,2021
4373594,2021
4373816,2021
4373842,2021
5333608,2021
5333689,2021
5334087,2021
5337524,2021
5364996,2021
5365020,2021
5365323,2021
5365508,2021
5365516,2021
5365522,2021
5365759,2021
5366074,2021
6333773,2021
6334156,2021
6337261,2021
6337269,2021
6337346,2021
6337597,2021
6337789,2021
6364566,2021
6365150,2021
6365584,2021
6365751,2021
7333159,2021
7333276,2021
7334107,2021
7337028,2021
7337449,2021
7337750,2021
7365825,2021
8333078,2021
8333932,2021
8334025,2021
8334165,2021
8337076,2021
8337817,2021
8364564,2021
8364694,2021
8365160,2021
8365466,2021
8365835,2021
9332674,2021
9332675,2021
9333167,2021
9333439,2021
9334189,2021
9337358,2021
9337547,2021
9337618,2021
9337732,2021
9365307,2021
9365420,2021
9365494,2021
9365810,2021
1287776,2021
1291115,2021
1291120,2021
1291173,2021
1291257,2021
1291289,2021
1291346,2021
1291444,2021
1291472,2021
1291517,2021
1291519,2021
1291521,2021
1291623,2021
1292081,2021
1292082,2021
1292284,2021
1292550,2021
1292569,2021
1292595,2021
1292621,2021
1296583,2021
1298202,2021
1298234,2021
1298321,2021
1299464,2021
2287815,2021
2288043,2021
2288115,2021
2288155,2021
2291080,2021
2291102,2021
2291141,2021
2291156,2021
2291200,2021
2291241,2021
2291243,2021
2291269,2021
2291278,2021
2291336,2021
2291345,2021
2291370,2021
2291374,2021
2291407,2021
2291428,2021
2291511,2021
2291531,2021
2291654,2021
2291937,2021
2291960,2021
2292045,2021
2292195,2021
2292295,2021
2292324,2021
2297651,2021
2298189,2021
2298614,2021
2298993,2021
3287903,2021
3287922,2021
3287967,2021
3288068,2021
3288180,2021
3288264,2021
3291468,2021
3291722,2021
3291925,2021
3292150,2021
3292246,2021
3292326,2021
3292402,2021
3292482,2021
3292526,2021
3292529,2021
3292782,2021
3295881,2021
3296097,2021
3296650,2021
3297742,2021
3297901,2021
3297918,2021
3298182,2021
3298524,2021
3298971,2021
4288441,2021
4291101,2021
4292548,2021
4292608,2021
4295839,2021
4296578,2021
4296591,2021
4298239,2021
4298408,2021
4298421,2021
4298755,2021
5287873,2021
5287954,2021
5288166,2021
5288216,2021
5288244,2021
5288255,2021
5288260,2021
5288464,2021
5291852,2021
5292202,2021
5292315,2021
5292424,2021
5296321,2021
5296744,2021
5296865,2021
5297302,2021
6288177,2021
6288299,2021
6288346,2021
6288390,2021
6288429,2021
6288468,2021
6288549,2021
6292209,2021
6292514,2021
6292683,2021
6295850,2021
6297138,2021
7287835,2021
7287876,2021
7287983,2021
7287998,2021
7288086,2021
7288460,2021
7291761,2021
7292276,2021
7292609,2021
7292612,2021
7296203,2021
7296279,2021
7296370,2021
7296483,2021
7297122,2021
7297363,2021
7297863,2021
7297912,2021
7297949,2021
7298010,2021
7298099,2021
7298141,2021
7298166,2021
7298252,2021
7298488,2021
7298553,2021
7298625,2021
7298877,2021
7298913,2021
7299024,2021
8287722,2021
8287866,2021
8287960,2021
8288253,2021
8288327,2021
8288352,2021
8288504,2021
8291989,2021
8292126,2021
8292272,2021
8296565,2021
8296918,2021
8296967,2021
8297427,2021
8297812,2021
8298060,2021
8298162,2021
8298349,2021
8298383,2021
8298414,2021
8298592,2021
8298844,2021
9287690,2021
9287725,2021
9287814,2021
9287916,2021
9288054,2021
9288478,2021
9288550,2021
9292266,2021
9292691,2021
9295816,2021
9295956,2021
9296205,2021
9296621,2021
9296633,2021
9296988,2021
9297428,2021
9297821,2021
9298316,2021
9298442,2021
9298480,2021
9298567,2021
9298593,2021
9298661,2021
9298712,2021
9298992,2021
1410194,2021
1410404,2021
1410971,2021
1411017,2021
1411421,2021
1411571,2021
1411633,2021
1411644,2021
1411991,2021
1412003,2021
1412165,2021
1412387,2021
1412475,2021
1412587,2021
1412860,2021
1412879,2021
1413554,2021
1413650,2021
1414123,2021
1414223,2021
1416261,2021
1416755,2021
1416859,2021
1417200,2021
1417449,2021
1417715,2021
1418816,2021
1420775,2021
1421205,2021
1421359,2021
1422340,2021
1422532,2021
1422889,2021
1423006,2021
1423722,2021
1423833,2021
1423970,2021
1424228,2021
1424557,2021
1424925,2021
1425251,2021
1425725,2021
1426839,2021
1427276,2021
1427812,2021
1428223,2021
1428605,2021
1428785,2021
1430567,2021
1433001,2021
1440417,2021
1446229,2021
1447080,2021
1447445,2021
1447950,2021
1448041,2021
1448141,2021
1448796,2021
1449299,2021
1449372,2021
1449518,2021
1449528,2021
1449617,2021
1449711,2021
1449731,2021
1450254,2021
1450274,2021
1450729,2021
1451234,2021
1451726,2021
1451845,2021
1451907,2021
1452020,2021
1455685,2021
1456155,2021
1456194,2021
1456421,2021
1456817,2021
1456837,2021
1457634,2021
1458412,2021
1459152,2021
1459281,2021
1459595,2021
1461108,2021
1461625,2021
1461638,2021
1462230,2021
1462231,2021
1462239,2021
1462551,2021
1462586,2021
1462680,2021
1462872,2021
1462905,2021
1462948,2021
1463092,2021
1463109,2021
1463220,2021
1463228,2021
1463344,2021
1463370,2021
1463375,2021
1463404,2021
1463484,2021
1463505,2021
1463535,2021
1463664,2021
1463667,2021
1464025,2021
1464577,2021
1464890,2021
1464916,2021
1464941,2021
1464980,2021
1465521,2021
1465526,2021
1467075,2021
1467604,2021
1467742,2021
1467794,2021
1468557,2021
2409545,2021
2409969,2021
2410147,2021
2410163,2021
2410218,2021
2411102,2021
2411613,2021
2413192,2021
2413219,2021
2413924,2021
2414131,2021
2414319,2021
2414619,2021
2414862,2021
2416035,2021
2416247,2021
2416471,2021
2416792,2021
2417003,2021
2417790,2021
2417974,2021
2418404,2021
2420273,2021
2420374,2021
2420485,2021
2420561,2021
2421603,2021
2421975,2021
2422177,2021
2422301,2021
2422906,2021
2422936,2021
2422984,2021
2423318,2021
2424435,2021
2424889,2021
2425953,2021
2426692,2021
2426896,2021
2426915,2021
2427427,2021
2429496,2021
2446022,2021
2446047,2021
2447849,2021
2447872,2021
2448411,2021
2448706,2021
2448872,2021
2448905,2021
2448962,2021
2449378,2021
2449458,2021
2450387,2021
2450718,2021
2450783,2021
2450847,2021
2450880,2021
2450983,2021
2451249,2021
2451305,2021
2451306,2021
2451526,2021
2451529,2021
2451801,2021
2456847,2021
2456893,2021
2457104,2021
2457685,2021
2457920,2021
2458161,2021
2458240,2021
2460684,2021
2461218,2021
2461427,2021
2461578,2021
2461722,2021
2461886,2021
2462077,2021
2462247,2021
2462251,2021
2462379,2021
2462422,2021
2462583,2021
2462606,2021
2462615,2021
2462951,2021
2463032,2021
2463204,2021
2463437,2021
2463499,2021
2463541,2021
2463542,2021
2463550,2021
2463601,2021
2463676,2021
2463677,2021
2463711,2021
2463754,2021
2463857,2021
2463999,2021
2464072,2021
2464157,2021
2464920,2021
2465885,2021
2467880,2021
2469364,2021
3412383,2021
3413942,2021
3414216,2021
3416119,2021
3416827,2021
3416910,2021
3417005,2021
3418129,2021
3420342,2021
3420380,2021
3421377,2021
3421906,2021
3421980,2021
3423484,2021
3423902,2021
3425174,2021
3426737,2021
3427404,2021
3428136,2021
3428147,2021
3428998,2021
3430980,2021
3431093,2021
3431133,2021
3445877,2021
3448466,2021
3448758,2021
3450041,2021
3450357,2021
3450820,2021
3450859,2021
3451056,2021
3451297,2021
3451519,2021
3451910,2021
3456042,2021
3456479,2021
3456953,2021
3457919,2021
3458113,2021
3458171,2021
3458379,2021
3459594,2021
3460040,2021
3460085,2021
3460105,2021
3460176,2021
3460216,2021
3460542,2021
3460954,2021
3461375,2021
3461517,2021
3461588,2021
3461715,2021
3461746,2021
3461848,2021
3461897,2021
3462096,2021
3462272,2021
3462517,2021
3462654,2021
3462672,2021
3463206,2021
3463217,2021
3463403,2021
3464504,2021
3465048,2021
3465408,2021
3467000,2021
3467938,2021
3468397,2021
3468771,2021
3469788,2021
3470933,2021
3471138,2021
4415796,2021
4417011,2021
4418011,2021
4419143,2021
4419421,2021
4419426,2021
4419607,2021
4420828,2021
4420975,2021
4421074,2021
4421297,2021
4421520,2021
4421955,2021
4422076,2021
4422107,2021
4423913,2021
4425575,2021
4426003,2021
4426991,2021
4427188,2021
4431331,2021
4432001,2021
4445866,2021
4448037,2021
4448368,2021
4449306,2021
4450160,2021
4450169,2021
4450655,2021
4450700,2021
4455688,2021
4456070,2021
4456988,2021
4457113,2021
4457261,2021
4457278,2021
4457933,2021
4458250,2021
4458328,2021
4458642,2021
4459062,2021
4459508,2021
4460357,2021
4460405,2021
4461170,2021
4461496,2021
4461554,2021
4461570,2021
4461619,2021
4461710,2021
4461902,2021
4462052,2021
4462241,2021
4462299,2021
4462417,2021
4462584,2021
4462665,2021
4462723,2021
4462736,2021
4463135,2021
4463144,2021
4463308,2021
4463364,2021
4463775,2021
4464002,2021
4464156,2021
4464853,2021
4465400,2021
4465458,2021
4465715,2021
4465941,2021
4466388,2021
4467625,2021
4467652,2021
4468348,2021
4468659,2021
4469666,2021
5418611,2021
5418808,2021
5422347,2021
5423915,2021
5427114,2021
5427269,2021
5427585,2021
5428750,2021
5430106,2021
5430953,2021
5432746,2021
5432932,2021
5433061,2021
5440158,2021
5442662,2021
5443357,2021
5443633,2021
5444422,2021
5444702,2021
5445777,2021
5445880,2021
5446017,2021
5446285,2021
5446305,2021
5446373,2021
5446400,2021
5447021,2021
5447207,2021
5447231,2021
5447313,2021
5448033,2021
5448161,2021
5448264,2021
5448668,2021
5448681,2021
5448731,2021
5449061,2021
5449332,2021
5449478,2021
5449592,2021
5449848,2021
5450456,2021
5450659,2021
5450831,2021
5451004,2021
5451013,2021
5451027,2021
5451452,2021
5451505,2021
5451854,2021
5451938,2021
5451956,2021
5452119,2021
5452144,2021
5453803,2021
5453955,2021
5453983,2021
5454090,2021
5454453,2021
5456787,2021
5456796,2021
5457586,2021
5458899,2021
5459302,2021
5459315,2021
5459563,2021
5460005,2021
5464309,2021
5465909,2021
5466625,2021
5467587,2021
5467624,2021
5467634,2021
5471118,2021
6416908,2021
6417920,2021
6418699,2021
6423255,2021
6423707,2021
6424250,2021
6425472,2021
6427604,2021
6428506,2021
6429514,2021
6431750,2021
6439885,2021
6441821,2021
6443351,2021
6443704,2021
6443880,2021
6444335,2021
6445768,2021
6445781,2021
6445793,2021
6445940,2021
6446016,2021
6446237,2021
6446309,2021
6446610,2021
6446813,2021
6447076,2021
6447273,2021
6447358,2021
6447780,2021
6448237,2021
6448265,2021
6448533,2021
6448565,2021
6448689,2021
6449436,2021
6449643,2021
6449738,2021
6449858,2021
6449995,2021
6450180,2021
6450263,2021
6450293,2021
6450741,2021
6450763,2021
6450811,2021
6451105,2021
6451153,2021
6451768,2021
6451831,2021
6451976,2021
6452326,2021
6452407,2021
6452414,2021
6453384,2021
6453562,2021
6454785,2021
6454837,2021
6455058,2021
6456673,2021
6457430,2021
6458512,2021
6458517,2021
6458977,2021
6459023,2021
6459030,2021
6459491,2021
6460240,2021
6460459,2021
6464463,2021
6465502,2021
6466285,2021
6468689,2021
6470982,2021
7409813,2021
7411007,2021
7411171,2021
7411174,2021
7413461,2021
7414731,2021
7415105,2021
7417222,2021
7417792,2021
7419835,2021
7419952,2021
7420375,2021
7421390,2021
7421891,2021
7422518,2021
7423528,2021
7430635,2021
7440140,2021
7441528,2021
7442619,2021
7444779,2021
7444926,2021
7445513,2021
7445778,2021
7446141,2021
7446282,2021
7446435,2021
7446497,2021
7447418,2021
7447851,2021
7448020,2021
7448038,2021
7448333,2021
7448413,2021
7448554,2021
7449272,2021
7449301,2021
7449326,2021
7449331,2021
7449545,2021
7449582,2021
7449610,2021
7449818,2021
7450289,2021
7450339,2021
7450388,2021
7450473,2021
7450488,2021
7451030,2021
7451151,2021
7451552,2021
7451577,2021
7451662,2021
7451737,2021
7452259,2021
7452910,2021
7453393,2021
7453472,2021
7453759,2021
7453873,2021
7453913,2021
7453964,2021
7454422,2021
7454803,2021
7455032,2021
7455114,2021
7455629,2021
7455748,2021
7457587,2021
7457643,2021
7458180,2021
7459099,2021
7461149,2021
7463942,2021
7464324,2021
7464343,2021
7465366,2021
7466620,2021
7467856,2021
7471250,2021
8411672,2021
8412578,2021
8414052,2021
8415333,2021
8416103,2021
8416207,2021
8417753,2021
8420026,2021
8421292,2021
8422247,2021
8424069,2021
8424085,2021
8426848,2021
8427817,2021
8428106,2021
8430934,2021
8430969,2021
8432210,2021
8434482,2021
8434507,2021
8435179,2021
8435482,2021
8435607,2021
8435761,2021
8435928,2021
8436524,2021
8436630,2021
8443347,2021
8443447,2021
8443548,2021
8443805,2021
8444511,2021
8444709,2021
8445643,2021
8446180,2021
8446225,2021
8446281,2021
8446291,2021
8446341,2021
8446462,2021
8446609,2021
8446963,2021
8447481,2021
8447612,2021
8447874,2021
8448185,2021
8448215,2021
8448340,2021
8448404,2021
8448495,2021
8448638,2021
8448767,2021
8448930,2021
8449397,2021
8449732,2021
8450127,2021
8450288,2021
8450728,2021
8450914,2021
8451743,2021
8451822,2021
8452035,2021
8452195,2021
8452444,2021
8452928,2021
8452985,2021
8454432,2021
8454751,2021
8454965,2021
8456498,2021
8456809,2021
8457463,2021
8457791,2021
8457930,2021
8458302,2021
8458959,2021
8459027,2021
8459293,2021
8459421,2021
8459791,2021
8459980,2021
8459993,2021
8460137,2021
8460234,2021
8464292,2021
8464333,2021
8465965,2021
8466371,2021
8467747,2021
8468542,2021
8469479,2021
8470789,2021
9410978,2021
9411620,2021
9412549,2021
9416904,2021
9416920,2021
9417861,2021
9417982,2021
9419498,2021
9420568,2021
9420644,2021
9420801,2021
9421565,2021
9422322,2021
9423371,2021
9423536,2021
9423711,2021
9423805,2021
9424253,2021
9426761,2021
9426974,2021
9427151,2021
9427225,2021
9427634,2021
9427849,2021
9428735,2021
9429169,2021
9430860,2021
9433352,2021
9435055,2021
9435172,2021
9436150,2021
9436327,2021
9436381,2021
9442418,2021
9442459,2021
9443067,2021
9443073,2021
9444817,2021
9445544,2021
9445730,2021
9445742,2021
9445944,2021
9446025,2021
9446239,2021
9446563,2021
9446586,2021
9446712,2021
9446748,2021
9446858,2021
9447224,2021
9448473,2021
9448510,2021
9448751,2021
9449262,2021
9449292,2021
9449294,2021
9449380,2021
9449414,2021
9449482,2021
9449597,2021
9449648,2021
9449850,2021
9450145,2021
9450429,2021
9450945,2021
9451241,2021
9451507,2021
9451725,2021
9451761,2021
9451906,2021
9453612,2021
9453754,2021
9453777,2021
9454486,2021
9454579,2021
9455778,2021
9456176,2021
9456177,2021
9456830,2021
9457306,2021
9457636,2021
9457697,2021
9458288,2021
9458382,2021
9458903,2021
9459016,2021
9460316,2021
9460419,2021
9460538,2021
9460808,2021
9460893,2021
9463971,2021
9464342,2021
9465196,2021
9466018,2021
9466175,2021
9466230,2021
9466251,2021
9468601,2021
9470881,2021
9471067,2021
1376239,2021
1376250,2021
1376256,2021
1376317,2021
1376332,2021
1376351,2021
1376374,2021
1376449,2021
1376472,2021
1376475,2021
1376636,2021
1376695,2021
1376808,2021
1376984,2021
1376995,2021
1377019,2021
1377062,2021
1377085,2021
1377147,2021
1377156,2021
1377170,2021
1377189,2021
1377215,2021
1377221,2021
1377270,2021
1377285,2021
1377354,2021
1377500,2021
1377536,2021
1377538,2021
1377546,2021
1377618,2021
1377863,2021
1377912,2021
1377943,2021
1377948,2021
1378050,2021
1378064,2021
1378077,2021
1378305,2021
1378361,2021
1378411,2021
1378414,2021
1378575,2021
1378658,2021
1378778,2021
1378926,2021
1380150,2021
1380720,2021
1380945,2021
1381018,2021
1381065,2021
1381139,2021
1381158,2021
1381170,2021
1381615,2021
1381702,2021
1381841,2021
1382068,2021
1382103,2021
1385160,2021
1385167,2021
1385197,2021
1385217,2021
1385325,2021
1385327,2021
1385387,2021
1385390,2021
1385580,2021
1385614,2021
1385615,2021
1385710,2021
1385721,2021
1385772,2021
1385788,2021
1385810,2021
1385832,2021
1385909,2021
1386076,2021
1386140,2021
1386264,2021
1386295,2021
1386298,2021
1386301,2021
1386393,2021
1386453,2021
1386576,2021
1386640,2021
1388104,2021
1388107,2021
1388176,2021
1388291,2021
1388394,2021
1388548,2021
1389184,2021
1392349,2021
1392409,2021
1392470,2021
1392689,2021
1392700,2021
1392808,2021
1392818,2021
1392876,2021
1392947,2021
1393004,2021
1393017,2021
1393103,2021
1393133,2021
1393305,2021
1393506,2021
1395677,2021
1395870,2021
1396062,2021
1396149,2021
1396201,2021
1396342,2021
1396551,2021
1396674,2021
1396936,2021
1397267,2021
1397443,2021
1397464,2021
1397540,2021
1397546,2021
1397563,2021
1397711,2021
1397729,2021
1397825,2021
1397942,2021
1398033,2021
1398054,2021
1398089,2021
1398213,2021
1398463,2021
1398789,2021
1398998,2021
1399112,2021
1399149,2021
1399204,2021
1399242,2021
1399370,2021
1399589,2021
1400209,2021
1401057,2021
1401276,2021
1402254,2021
1402514,2021
2376170,2021
2376214,2021
2376245,2021
2376333,2021
2376334,2021
2376337,2021
2376397,2021
2376553,2021
2376575,2021
2376967,2021
2377086,2021
2377118,2021
2377127,2021
2377240,2021
2377259,2021
2377303,2021
2377396,2021
2377835,2021
2378288,2021
2378311,2021
2378356,2021
2378730,2021
2378742,2021
2378760,2021
2378783,2021
2378909,2021
2379077,2021
2380405,2021
2380588,2021
2380984,2021
2381144,2021
2381164,2021
2381236,2021
2381527,2021
2381617,2021
2381755,2021
2381777,2021
2382010,2021
2382052,2021
2382346,2021
2385398,2021
2385401,2021
2385421,2021
2385487,2021
2385689,2021
2385799,2021
2385839,2021
2385883,2021
2385970,2021
2385984,2021
2386165,2021
2386273,2021
2386302,2021
2386392,2021
2386464,2021
2386476,2021
2386589,2021
2386618,2021
2388338,2021
2388491,2021
2388535,2021
2388598,2021
2388667,2021
2388848,2021
2388863,2021
2389170,2021
2389267,2021
2392577,2021
2392682,2021
2392683,2021
2392889,2021
2392928,2021
2392990,2021
2392997,2021
2393027,2021
2393042,2021
2393064,2021
2393069,2021
2393093,2021
2393267,2021
2393301,2021
2393337,2021
2395494,2021
2395626,2021
2396123,2021
2396565,2021
2397435,2021
2397653,2021
2397706,2021
2397794,2021
2397802,2021
2397873,2021
2398459,2021
2398661,2021
2398891,2021
2399144,2021
2399441,2021
2399583,2021
2399634,2021
2400177,2021
2400189,2021
2401692,2021
2401965,2021
3376168,2021
3376174,2021
3376246,2021
3376259,2021
3376428,2021
3376453,2021
3376503,2021
3376511,2021
3376557,2021
3378078,2021
3381159,2021
3381965,2021
3385199,2021
3385733,2021
3386039,2021
3386299,2021
3386314,2021
3386604,2021
3388028,2021
3388334,2021
3388512,2021
3388540,2021
3388576,2021
3388743,2021
3389067,2021
3395186,2021
3395300,2021
3395409,2021
3395567,2021
3395839,2021
3395975,2021
3396278,2021
3396997,2021
3397656,2021
3398098,2021
3398388,2021
3398603,2021
3398773,2021
3399346,2021
3399385,2021
3399476,2021
3399653,2021
3400061,2021
3400394,2021
3401586,2021
3402309,2021
3402648,2021
3402719,2021
4376220,2021
4376255,2021
4376502,2021
4378299,2021
4378444,2021
4378838,2021
4380365,2021
4381229,2021
4386142,2021
4386236,2021
4386307,2021
4386369,2021
4386437,2021
4386465,2021
4386635,2021
4386735,2021
4388586,2021
4388751,2021
4388754,2021
4388909,2021
4389117,2021
4389133,2021
4389142,2021
4396060,2021
4396449,2021
4397015,2021
4397070,2021
4397319,2021
4397350,2021
4398453,2021
4399332,2021
4399374,2021
4400059,2021
4401380,2021
4401509,2021
4401757,2021
4402310,2021
4402356,2021
1403695,2021
1403700,2021
1403701,2021
1403715,2021
1403719,2021
1403725,2021
1403734,2021
1403739,2021
1403761,2021
1403764,2021
1403768,2021
1403777,2021
1403778,2021
1403783,2021
1403788,2021
1403791,2021
1403794,2021
1403796,2021
1403813,2021
1405173,2021
1405192,2021
1405232,2021
1405243,2021
1405273,2021
1405275,2021
1405320,2021
1405356,2021
1405360,2021
1405382,2021
1405385,2021
1405521,2021
1405566,2021
1405644,2021
1405761,2021
1405821,2021
1406120,2021
1406188,2021
1406644,2021
1406653,2021
1406866,2021
1406901,2021
1407046,2021
1407065,2021
1408641,2021
1408653,2021
1408757,2021
1408773,2021
1408826,2021
1408836,2021
1408913,2021
1409023,2021
1409060,2021
2403686,2021
2403687,2021
2403689,2021
2403693,2021
2403694,2021
2403699,2021
2403702,2021
2403738,2021
2403756,2021
2403757,2021
2403770,2021
2403787,2021
2403801,2021
2403806,2021
2403811,2021
2405158,2021
2405201,2021
2405207,2021
2405239,2021
2405242,2021
2405250,2021
2405252,2021
2405292,2021
2405308,2021
2405322,2021
2405334,2021
2405343,2021
2405346,2021
2405369,2021
2405555,2021
2405817,2021
2406173,2021
2406222,2021
2406256,2021
2406331,2021
2406523,2021
2406630,2021
2406985,2021
2408784,2021
2408798,2021
2408858,2021
2408891,2021
2408912,2021
2409061,2021
3405277,2021
3405290,2021
3405301,2021
3405312,2021
3405339,2021
3405712,2021
3405850,2021
3406067,2021
3406192,2021
3406629,2021
3406652,2021
3406780,2021
3407000,2021
3408663,2021
3408696,2021
3408860,2021
3408875,2021
3408888,2021
3409063,2021
4405128,2021
4405143,2021
4405198,2021
4405203,2021
4405209,2021
4405237,2021
4405244,2021
4405268,2021
4405276,2021
4405341,2021
4405377,2021
4405579,2021
4405705,2021
4406007,2021
4406694,2021
4407013,2021
4408676,2021
4408900,2021
4408917,2021
4408935,2021
4409028,2021
5408893,2021
6408620,2021
6408905,2021
7408868,2021
8408657,2021
8408932,2021
9408533,2021
9408753,2021
9408788,2021
1303545,2021
1303793,2021
1303930,2021
1304264,2021
1304313,2021
1304606,2021
1304607,2021
1304785,2021
1307116,2021
1307148,2021
1307180,2021
1307362,2021
1307424,2021
1307600,2021
1307692,2021
1307845,2021
1307952,2021
1308040,2021
1308137,2021
1308158,2021
1308575,2021
1309580,2021
1309777,2021
1310006,2021
1310208,2021
1310276,2021
1310277,2021
1310418,2021
1310687,2021
1310860,2021
1310972,2021
1310999,2021
1311057,2021
1311120,2021
1311221,2021
1311364,2021
1311446,2021
1312274,2021
1312365,2021
1312366,2021
1312720,2021
1313006,2021
1313152,2021
1313163,2021
1313202,2021
1313600,2021
1313635,2021
1313941,2021
1314228,2021
1314264,2021
1315385,2021
1315496,2021
1315673,2021
1315759,2021
1315830,2021
1316064,2021
1316378,2021
1316396,2021
1316606,2021
1316712,2021
1316722,2021
1316762,2021
1316852,2021
1316855,2021
1316867,2021
1316885,2021
1316929,2021
1318420,2021
1318482,2021
1318555,2021
1318581,2021
1318728,2021
1318734,2021
1318842,2021
1318985,2021
1319554,2021
1319557,2021
1319573,2021
1319583,2021
1319621,2021
1319636,2021
1319638,2021
1319640,2021
1319663,2021
1319666,2021
1319685,2021
1319689,2021
1322325,2021
1322332,2021
1322366,2021
1322386,2021
1323922,2021
1323927,2021
1325677,2021
1326828,2021
1326895,2021
1327031,2021
1327036,2021
1327111,2021
1327156,2021
1327178,2021
1327218,2021
1328033,2021
1328055,2021
1328180,2021
1328386,2021
2303016,2021
2303324,2021
2303345,2021
2303520,2021
2303525,2021
2304629,2021
2307122,2021
2307602,2021
2307639,2021
2307665,2021
2307836,2021
2307967,2021
2308366,2021
2308569,2021
2308724,2021
2308746,2021
2308790,2021
2309385,2021
2309756,2021
2310417,2021
2310423,2021
2310458,2021
2310865,2021
2311410,2021
2311414,2021
2311735,2021
2311740,2021
2312023,2021
2312075,2021
2312220,2021
2312377,2021
2312416,2021
2312654,2021
2312821,2021
2313059,2021
2313102,2021
2313293,2021
2313338,2021
2313638,2021
2313825,2021
2314124,2021
2314177,2021
2314402,2021
2315387,2021
2315754,2021
2315809,2021
2316009,2021
2316235,2021
2316431,2021
2316561,2021
2316570,2021
2316655,2021
2316711,2021
2316750,2021
2316786,2021
2316794,2021
2316804,2021
2316839,2021
2316848,2021
2316884,2021
2316940,2021
2317013,2021
2317016,2021
2317021,2021
2317044,2021
2317049,2021
2319564,2021
2319565,2021
2319568,2021
2319613,2021
2319614,2021
2319639,2021
2319646,2021
2319648,2021
2319654,2021
2319660,2021
2319662,2021
2319665,2021
2319674,2021
2319687,2021
2321914,2021
2323002,2021
2323009,2021
2323687,2021
2323821,2021
2324012,2021
2324496,2021
2325212,2021
2325302,2021
2325375,2021
2326680,2021
2326962,2021
2327067,2021
2327165,2021
2327760,2021
2328275,2021
2328952,2021
3302979,2021
3303014,2021
3303045,2021
3303397,2021
3303417,2021
3303550,2021
3303766,2021
3304057,2021
3304071,2021
3304326,2021
3307984,2021
3308574,2021
3308666,2021
3311166,2021
3313417,2021
3313724,2021
3315547,2021
3315556,2021
3315717,2021
3315820,2021
3315924,2021
3315929,2021
3316308,2021
3316381,2021
3316457,2021
3316467,2021
3316665,2021
3316723,2021
3316791,2021
3316985,2021
3319561,2021
3319577,2021
3319612,2021
3319625,2021
3319631,2021
3322473,2021
3322943,2021
3322946,2021
3322997,2021
3323035,2021
3323049,2021
3323061,2021
3323090,2021
3323339,2021
3327144,2021
3327242,2021
3327507,2021
3327851,2021
3328050,2021
3328137,2021
4302771,2021
4303672,2021
4303774,2021
4303909,2021
4303947,2021
4304081,2021
4304094,2021
4307539,2021
4307702,2021
4307835,2021
4308576,2021
4309012,2021
4309844,2021
4310179,2021
4310600,2021
4311345,2021
4313793,2021
4315259,2021
4315531,2021
4315845,2021
4316082,2021
4316600,2021
4316646,2021
4316847,2021
4316934,2021
4322417,2021
4322975,2021
4323170,2021
4326857,2021
4326878,2021
4327463,2021
4328125,2021
4328224,2021
4328295,2021
5318540,2021
5318568,2021
5318582,2021
5318709,2021
5318712,2021
5318855,2021
5318952,2021
5319088,2021
5322035,2021
5322253,2021
5322886,2021
5323213,2021
5323446,2021
5323602,2021
5323697,2021
5323902,2021
5323941,2021
5325272,2021
6318549,2021
6318701,2021
6318788,2021
6319028,2021
6321911,2021
6322225,2021
6322625,2021
6322673,2021
6324128,2021
6324669,2021
6325251,2021
6325323,2021
7318390,2021
7318556,2021
7318751,2021
7318967,2021
7319024,2021
7321918,2021
7322378,2021
7322611,2021
7322931,2021
7323709,2021
7323925,2021
7324756,2021
8318346,2021
8318703,2021
8318797,2021
8318906,2021
8318916,2021
8318931,2021
8322228,2021
8322608,2021
8323931,2021
8324384,2021
8325224,2021
8325951,2021
9318404,2021
9318559,2021
9318678,2021
9318813,2021
9318877,2021
9318921,2021
9318928,2021
9318950,2021
9322209,2021
9322341,2021
9322623,2021
9322922,2021
9323390,2021
9323974,2021
9324244,2021
9324485,2021
1001449,2021
1001532,2021
1001573,2021
1001587,2021
1001606,2021
1001661,2021
1001721,2021
1001925,2021
1002134,2021
1002139,2021
1006205,2021
1006268,2021
1006323,2021
1006563,2021
1006572,2021
1006595,2021
1006759,2021
1007160,2021
1007409,2021
1007507,2021
1007989,2021
1008513,2021
1009336,2021
1009357,2021
1009489,2021
1009592,2021
1010401,2021
1010705,2021
1011325,2021
1011360,2021
1011783,2021
2001586,2021
2001679,2021
2001703,2021
2001722,2021
2001739,2021
2001841,2021
2002085,2021
2002111,2021
2002143,2021
2002147,2021
2002217,2021
2002227,2021
2006239,2021
2006240,2021
2006350,2021
2006385,2021
2006393,2021
2006494,2021
2006526,2021
2006533,2021
2006566,2021
2006584,2021
2007577,2021
2008027,2021
2009187,2021
2009207,2021
2011241,2021
3001391,2021
3001650,2021
3001793,2021
3001960,2021
3001986,2021
3006219,2021
3006228,2021
3006253,2021
3006301,2021
3006347,2021
3006367,2021
3008873,2021
3009275,2021
3011198,2021
3011697,2021
3011777,2021
4001353,2021
4001387,2021
4001639,2021
4001910,2021
4001963,2021
4002009,2021
4002022,2021
4002123,2021
4006218,2021
4006227,2021
4006251,2021
4006342,2021
4006360,2021
4006362,2021
4006377,2021
4006380,2021
4006388,2021
4006467,2021
4006489,2021
4006497,2021
4006508,2021
4006802,2021
4007325,2021
4008906,2021
4009928,2021
4010404,2021
4010437,2021
4010967,2021
4011112,2021
4011351,2021
4011371,2021
4011762,2021
4012057,2021
5007251,2021
5007553,2021
5011006,2021
5011327,2021
5011344,2021
5011693,2021
5011836,2021
5013232,2021
6007222,2021
6008924,2021
6010391,2021
6011716,2021
6012157,2021
6012975,2021
6013076,2021
6013363,2021
6014870,2021
6015042,2021
7006785,2021
7007197,2021
7007234,2021
7007722,2021
7008872,2021
7010963,2021
7012116,2021
7013208,2021
8011181,2021
8011348,2021
8011707,2021
8011944,2021
8013177,2021
9011005,2021
9011105,2021
9012274,2021
9013393,2021
1016346,2021
1016417,2021
1016514,2021
1016629,2021
1016757,2021
1016820,2021
1017481,2021
1017516,2021
1017698,2021
1017761,2021
1017793,2021
1017879,2021
1018044,2021
1018093,2021
1018188,2021
1018796,2021
1019312,2021
1019344,2021
1019618,2021
1019748,2021
1019814,2021
1019919,2021
1019959,2021
1020006,2021
1020701,2021
1023048,2021
1023049,2021
1023238,2021
1023245,2021
1023262,2021
1023335,2021
1023784,2021
1024324,2021
1025208,2021
1026743,2021
1026846,2021
1027151,2021
1027168,2021
1029161,2021
1029708,2021
1029815,2021
1029918,2021
1031041,2021
2016604,2021
2016618,2021
2016744,2021
2016859,2021
2016933,2021
2017181,2021
2017450,2021
2017529,2021
2017589,2021
2017734,2021
2018218,2021
2018657,2021
2018736,2021
2018826,2021
2018973,2021
2019008,2021
2019190,2021
2019213,2021
2019328,2021
2019694,2021
2019708,2021
2019816,2021
2019831,2021
2019839,2021
2019921,2021
2019955,2021
2019971,2021
2019984,2021
2019988,2021
2020895,2021
2022800,2021
2024216,2021
2024254,2021
2024368,2021
2026397,2021
2026468,2021
2026814,2021
2026986,2021
2028702,2021
2029721,2021
2031363,2021
2032451,2021
2032497,2021
3019616,2021
3019646,2021
3019670,2021
3019690,2021
3019711,2021
3019737,2021
3019841,2021
3019878,2021
3019997,2021
3020011,2021
3020896,2021
3021075,2021
3023653,2021
3023970,2021
3029877,2021
3029886,2021
3030437,2021
3031017,2021
3031478,2021
3031615,2021
4019644,2021
4019674,2021
4019677,2021
4019800,2021
4020128,2021
4020222,2021
4020366,2021
4020626,2021
4022364,2021
4022999,2021
4023007,2021
4024137,2021
4024321,2021
4024511,2021
4026881,2021
4029436,2021
4029705,2021
5016515,2021
5016758,2021
5017383,2021
5017446,2021
5017501,2021
5019388,2021
5020711,2021
5020880,2021
5020890,2021
5022766,2021
5029020,2021
5029202,2021
5029351,2021
5029759,2021
5030096,2021
5030352,2021
5032485,2021
5032560,2021
6016883,2021
6016970,2021
6018332,2021
6018989,2021
6020034,2021
6020060,2021
6020300,2021
6020489,2021
6020541,2021
6022865,2021
6023631,2021
6024188,2021
6029289,2021
7018015,2021
7020118,2021
7020566,2021
7023186,2021
7028010,2021
7029603,2021
7031781,2021
7032487,2021
8016561,2021
8016674,2021
8017471,2021
8017515,2021
8018196,2021
8018255,2021
8018832,2021
8020177,2021
8020580,2021
8021057,2021
8022739,2021
8022967,2021
8025086,2021
8031676,2021
9016969,2021
9016977,2021
9017461,2021
9018861,2021
9019257,2021
9020298,2021
9020712,2021
9020813,2021
9022328,2021
9023927,2021
9024881,2021
9028883,2021
9029853,2021
9029902,2021
1034187,2021
1034205,2021
1034424,2021
1034700,2021
1034724,2021
1034946,2021
1034985,2021
1035115,2021
1035293,2021
1038028,2021
1038029,2021
1038038,2021
1038054,2021
1038060,2021
1038063,2021
1038088,2021
1038105,2021
1038106,2021
1038107,2021
1038117,2021
1038118,2021
1038141,2021
1038143,2021
1038144,2021
1038150,2021
1038381,2021
1038907,2021
1038994,2021
1039592,2021
1039615,2021
1040217,2021
1040550,2021
1040732,2021
1041057,2021
2034222,2021
2034610,2021
2034644,2021
2034974,2021
2035024,2021
2035039,2021
2035180,2021
2038035,2021
2038046,2021
2038057,2021
2038163,2021
2038881,2021
2038938,2021
2039032,2021
2040043,2021
2040594,2021
2040891,2021
2041774,2021
2041776,2021
3034314,2021
3034530,2021
3034612,2021
3034643,2021
3034687,2021
3035276,2021
3038034,2021
3038036,2021
3038040,2021
3038104,2021
3038108,2021
3038877,2021
3038878,2021
3040577,2021
3041019,2021
4034566,2021
4034657,2021
4034744,2021
4034874,2021
4034922,2021
4035043,2021
4035172,2021
4035339,2021
4038026,2021
4038042,2021
4038045,2021
4038048,2021
4038145,2021
4038194,2021
4038260,2021
4038893,2021
4038897,2021
4039709,2021
4040844,2021
4040933,2021
4041529,2021
5036187,2021
5036361,2021
5036604,2021
5036700,2021
5036996,2021
5037010,2021
5037029,2021
5038047,2021
6036162,2021
6036180,2021
6036375,2021
6036575,2021
6036716,2021
6037048,2021
6037134,2021
6037200,2021
6037698,2021
7036208,2021
7036224,2021
7036990,2021
8036344,2021
8037064,2021
8037103,2021
8037182,2021
8037223,2021
8037645,2021
9036223,2021
9036342,2021
9036653,2021
9036898,2021
9037144,2021
1041859,2021
1041875,2021
1041936,2021
1042248,2021
1042422,2021
1042455,2021
1042658,2021
1042680,2021
1044038,2021
1044082,2021
1044089,2021
1044095,2021
1044104,2021
1044109,2021
1044120,2021
1044129,2021
1044130,2021
1044145,2021
1044146,2021
1044150,2021
1044152,2021
1044162,2021
1044163,2021
2041862,2021
2042013,2021
2042067,2021
2042125,2021
2042334,2021
2042496,2021
2042508,2021
2042773,2021
2042819,2021
2044041,2021
2044042,2021
2044045,2021
2044047,2021
2044055,2021
2044092,2021
2044105,2021
2044107,2021
2044110,2021
2044112,2021
2044136,2021
2044157,2021
2044171,2021
3041828,2021
3042017,2021
3042020,2021
3042051,2021
3042279,2021
3042351,2021
3042689,2021
3042700,2021
3044094,2021
3044108,2021
3044148,2021
3044174,2021
4041882,2021
4042285,2021
4042320,2021
4042366,2021
4042503,2021
4042662,2021
1047639,2021
1047828,2021
1047886,2021
1048120,2021
1048136,2021
1048439,2021
1048476,2021
1048498,2021
1048555,2021
1048635,2021
1048645,2021
1048765,2021
1048770,2021
1048949,2021
1048980,2021
1048998,2021
1049001,2021
1049028,2021
1049057,2021
1049112,2021
1049139,2021
1049167,2021
1049278,2021
1049646,2021
1051119,2021
1051149,2021
1051165,2021
1051271,2021
1051306,2021
1051332,2021
1051337,2021
1051381,2021
1051382,2021
1051386,2021
1051400,2021
1051405,2021
1051406,2021
1051411,2021
1051423,2021
1052180,2021
1052186,2021
1052242,2021
1052478,2021
1052487,2021
1052768,2021
1052769,2021
1052964,2021
1053308,2021
1053385,2021
1053980,2021
1054113,2021
1054690,2021
1055987,2021
1056606,2021
1056707,2021
1056838,2021
1057179,2021
1057437,2021
1060224,2021
1060948,2021
1066334,2021
1066525,2021
1067984,2021
1069677,2021
2047362,2021
2047407,2021
2047409,2021
2047523,2021
2047539,2021
2047706,2021
2047752,2021
2047879,2021
2048872,2021
2048941,2021
2048968,2021
2049251,2021
2049368,2021
2049685,2021
2049690,2021
2049759,2021
2049856,2021
2051056,2021
2051059,2021
2051111,2021
2051231,2021
2051324,2021
2051325,2021
2051326,2021
2051379,2021
2051396,2021
2051398,2021
2051462,2021
2051972,2021
2052146,2021
2052193,2021
2052250,2021
2052960,2021
2053068,2021
2054132,2021
2055844,2021
2055863,2021
2056000,2021
2056021,2021
2056024,2021
2056050,2021
2056134,2021
2056335,2021
2056459,2021
2057944,2021
2060710,2021
2062913,2021
2064978,2021
2065959,2021
3047570,2021
3047582,2021
3047774,2021
3047841,2021
3048306,2021
3048444,2021
3048662,2021
3048863,2021
3049083,2021
3049241,2021
3049978,2021
3050004,2021
3051048,2021
3051084,2021
3051464,2021
3052027,2021
3052029,2021
3052137,2021
3052142,2021
3052491,2021
3052750,2021
3052859,2021
3052874,2021
3052897,2021
3052922,2021
3053369,2021
3056018,2021
3057315,2021
3057373,2021
3060180,2021
3060545,2021
3060882,2021
3060956,2021
3062144,2021
3064963,2021
3065257,2021
3065887,2021
3066524,2021
3066983,2021
3067335,2021
4048705,2021
4048716,2021
4050012,2021
4051251,2021
4059612,2021
4060063,2021
4060716,2021
4061495,2021
4062020,2021
4062231,2021
4064974,2021
4065127,2021
4065259,2021
4065265,2021
4065271,2021
4065938,2021
4066468,2021
4067581,2021
4067629,2021
5060472,2021
5061437,2021
5065254,2021
5065548,2021
5065652,2021
5066110,2021
5066508,2021
6060179,2021
6060945,2021
6061446,2021
6066529,2021
6067619,2021
7060178,2021
7060420,2021
7060953,2021
7061421,2021
7062243,2021
7065316,2021
7065558,2021
7065614,2021
7066901,2021
8060146,2021
8060369,2021
8060553,2021
8060576,2021
8061017,2021
8063822,2021
8066433,2021
8067292,2021
9060156,2021
9060798,2021
9061032,2021
9061583,2021
9063292,2021
9065139,2021
9065279,2021
9066784,2021
9067468,2021
1070100,2021
1070149,2021
1070239,2021
1070249,2021
1070264,2021
1070305,2021
1070314,2021
1070319,2021
1070337,2021
2070062,2021
2070209,2021
2070243,2021
2070287,2021
2070366,2021
2070371,2021
3070061,2021
3070143,2021
3070172,2021
3070207,2021
3070250,2021
3070251,2021
3070362,2021
4070006,2021
4070018,2021
4070083,2021
4070122,2021
4070175,2021
4070242,2021
4070272,2021
4070278,2021
4070352,2021
1072080,2021
1072081,2021
1072088,2021
1072101,2021
1072126,2021
1072135,2021
1072138,2021
1072155,2021
1072173,2021
1072182,2021
1072184,2021
1072199,2021
1072211,2021
1074307,2021
1074330,2021
1074388,2021
1074407,2021
1074473,2021
1075708,2021
1076062,2021
2072082,2021
2072089,2021
2072094,2021
2072103,2021
2072120,2021
2072140,2021
2072143,2021
2072153,2021
2072168,2021
2072185,2021
2072191,2021
2072198,2021
2074409,2021
2074427,2021
2074591,2021
2074630,2021
2075043,2021
2075709,2021
2076029,2021
2077009,2021
3072079,2021
3072099,2021
3072124,2021
3072164,2021
3072188,2021
3076269,2021
4074435,2021
4074631,2021
4075935,2021
4076204,2021
4076508,2021
5074452,2021
5075981,2021
6074256,2021
6074674,2021
7074765,2021
8074615,2021
9074588,2021
9074608,2021
9074623,2021
9075821,2021
1077556,2021
1077663,2021
1078398,2021
1078525,2021
1078564,2021
1078636,2021
1078892,2021
1079011,2021
1079237,2021
1079622,2021
1079902,2021
1079992,2021
1080031,2021
1080552,2021
1080836,2021
1080956,2021
1080963,2021
1080970,2021
1081191,2021
1081433,2021
1081516,2021
1081598,2021
1081702,2021
1081727,2021
1081818,2021
1081865,2021
1081867,2021
1082224,2021
1082233,2021
1082277,2021
1082315,2021
1082438,2021
1084776,2021
1084863,2021
1084883,2021
1084918,2021
1084971,2021
1084994,2021
1085045,2021
1085066,2021
1085077,2021
1085093,2021
1085102,2021
1085117,2021
1085130,2021
1085144,2021
1085161,2021
1085183,2021
1085218,2021
1085225,2021
1085234,2021
1085279,2021
1085380,2021
1085382,2021
1085386,2021
1085434,2021
1087638,2021
1087644,2021
1087646,2021
1087672,2021
1087675,2021
1087676,2021
1087678,2021
1087681,2021
1087682,2021
1087685,2021
1087687,2021
1087688,2021
1087699,2021
1087704,2021
1087711,2021
1087712,2021
1087721,2021
1087723,2021
1087724,2021
1087729,2021
1087735,2021
1087740,2021
1087752,2021
1087754,2021
1087757,2021
1087758,2021
1088481,2021
1088511,2021
1088556,2021
1088682,2021
1088848,2021
1089253,2021
1089370,2021
1089455,2021
1089480,2021
1090272,2021
1090906,2021
1091115,2021
1093849,2021
1094302,2021
1095180,2021
1095522,2021
1097125,2021
1097133,2021
1097172,2021
1097265,2021
1097266,2021
1097312,2021
1098618,2021
1098619,2021
1098879,2021
1099149,2021
1100197,2021
1100257,2021
1100347,2021
1100698,2021
1100966,2021
1101469,2021
1101522,2021
1101675,2021
1101816,2021
1101891,2021
1101917,2021
1102402,2021
1102878,2021
1102890,2021
1102931,2021
1103172,2021
1103403,2021
1103614,2021
1103743,2021
1104395,2021
1105170,2021
1105365,2021
1105876,2021
1105960,2021
1106039,2021
1106082,2021
1106525,2021
1106615,2021
1106769,2021
1106770,2021
1107193,2021
1108036,2021
1108103,2021
1108134,2021
1108331,2021
1108493,2021
1108852,2021
1109187,2021
1109218,2021
1110182,2021
1110279,2021
1110410,2021
1110450,2021
1110481,2021
1110484,2021
1110576,2021
1110727,2021
1110806,2021
1110808,2021
1111024,2021
1111198,2021
1111260,2021
1111397,2021
1111401,2021
1111793,2021
1111943,2021
1111962,2021
1113254,2021
1113671,2021
1113859,2021
1114020,2021
1114050,2021
1114159,2021
1114237,2021
1114694,2021
1114788,2021
1115086,2021
1116058,2021
1116451,2021
1116468,2021
1116474,2021
1116689,2021
1117003,2021
1117013,2021
1117220,2021
1117608,2021
1118283,2021
1118371,2021
1118423,2021
1118514,2021
1118686,2021
1118897,2021
1118918,2021
1119275,2021
1120078,2021
1120508,2021
1120701,2021
1120789,2021
1120841,2021
1121186,2021
1121551,2021
1122506,2021
1122587,2021
1122893,2021
1123424,2021
1124574,2021
1124759,2021
1124874,2021
1124940,2021
1125112,2021
1125120,2021
1125168,2021
1126168,2021
1126544,2021
1126673,2021
1127344,2021
1127436,2021
2077425,2021
2077594,2021
2077747,2021
2077803,2021
2077837,2021
2078562,2021
2078610,2021
2078999,2021
2079098,2021
2079212,2021
2079970,2021
2080081,2021
2080085,2021
2080495,2021
2080799,2021
2080871,2021
2080931,2021
2080940,2021
2081031,2021
2081032,2021
2081089,2021
2081111,2021
2081238,2021
2081350,2021
2081617,2021
2081866,2021
2082273,2021
2082297,2021
2082333,2021
2082429,2021
2082449,2021
2082494,2021
2084741,2021
2084794,2021
2084851,2021
2084898,2021
2084916,2021
2085040,2021
2085259,2021
2085274,2021
2085341,2021
2085346,2021
2085365,2021
2085432,2021
2087643,2021
2087645,2021
2087684,2021
2087695,2021
2087696,2021
2087709,2021
2087715,2021
2087737,2021
2087750,2021
2088821,2021
2089362,2021
2089624,2021
2089970,2021
2090057,2021
2090284,2021
2090807,2021
2090958,2021
2091034,2021
2091114,2021
2091500,2021
2091910,2021
2092037,2021
2092386,2021
2093384,2021
2094543,2021
2095162,2021
2095650,2021
2097492,2021
2097580,2021
2097584,2021
2097792,2021
2097879,2021
2097947,2021
2099080,2021
2100124,2021
2100496,2021
2100718,2021
2100736,2021
2101145,2021
2101513,2021
2101658,2021
2101782,2021
2101850,2021
2101936,2021
2102943,2021
2103092,2021
2103472,2021
2103629,2021
2103745,2021
2104443,2021
2104957,2021
2106051,2021
2106061,2021
2107016,2021
2107432,2021
2107999,2021
2108024,2021
2108235,2021
2108623,2021
2108841,2021
2109427,2021
2110355,2021
2110394,2021
2110644,2021
2110834,2021
2111142,2021
2111768,2021
2112233,2021
2113159,2021
2113232,2021
2113359,2021
2113566,2021
2114279,2021
2116400,2021
2116787,2021
2118332,2021
2118370,2021
2118543,2021
2118634,2021
2118773,2021
2118823,2021
2118959,2021
2119040,2021
2119183,2021
2119285,2021
2120128,2021
2120431,2021
2120512,2021
2120696,2021
2120808,2021
2120935,2021
2120944,2021
2120965,2021
2121629,2021
2121957,2021
2121971,2021
2122486,2021
2122907,2021
2122923,2021
2122937,2021
2122950,2021
2123133,2021
2123237,2021
2123303,2021
2124528,2021
2124847,2021
2124862,2021
2125171,2021
2125180,2021
2125441,2021
2125955,2021
2126496,2021
2126841,2021
2126996,2021
2127099,2021
2127310,2021
2127720,2021
3078652,2021
3078690,2021
3078847,2021
3080249,2021
3088502,2021
3088970,2021
3088975,2021
3089531,2021
3089547,2021
3089694,2021
3089864,2021
3090855,2021
3091019,2021
3091226,2021
3091385,2021
3091432,2021
3091749,2021
3091901,2021
3092164,2021
3093776,2021
3093840,2021
3094078,2021
3094091,2021
3094133,2021
3094452,2021
3097596,2021
3098284,2021
3098685,2021
3098946,2021
3099235,2021
3103504,2021
3106157,2021
3107897,2021
3107908,2021
3110530,2021
3110900,2021
3120578,2021
3120799,2021
3126499,2021
3126549,2021
3126854,2021
3126914,2021
3127384,2021
4077734,2021
4079376,2021
4080544,2021
4088697,2021
4088723,2021
4088725,2021
4088736,2021
4089363,2021
4089382,2021
4089393,2021
4090212,2021
4090870,2021
4091024,2021
4091099,2021
4091198,2021
4091381,2021
4091390,2021
4091618,2021
4092084,2021
4094028,2021
4094447,2021
4094523,2021
4095491,2021
4095537,2021
4096860,2021
4097215,2021
4097226,2021
4097268,2021
4097432,2021
4097558,2021
4097581,2021
4098687,2021
4099092,2021
4123113,2021
4124795,2021
4124981,2021
4125092,2021
4125538,2021
4125596,2021
4125980,2021
4126961,2021
4128025,2021
5125130,2021
5126361,2021
5126573,2021
5126705,2021
5127024,2021
6124813,2021
6126842,2021
6127180,2021
6127263,2021
6127351,2021
6127601,2021
6127944,2021
7090262,2021
8089777,2021
1128533,2021
1129678,2021
1130324,2021
1130789,2021
1130877,2021
1131348,2021
1131439,2021
1131455,2021
1131483,2021
1131792,2021
1131800,2021
1132527,2021
1132670,2021
1132723,2021
1132778,2021
1132837,2021
1133055,2021
1133140,2021
1133147,2021
1133580,2021
1133872,2021
1134386,2021
1134552,2021
1135042,2021
1135523,2021
1135666,2021
1135923,2021
1137714,2021
1137762,2021
1138173,2021
1138247,2021
1138406,2021
1138466,2021
1138688,2021
1138705,2021
1138708,2021
1139086,2021
1139338,2021
1140134,2021
1140697,2021
1141015,2021
1141082,2021
1141184,2021
1141394,2021
1141658,2021
1141775,2021
1142090,2021
1143876,2021
1145776,2021
1146047,2021
1146062,2021
1146248,2021
1146261,2021
1146390,2021
1146542,2021
1146585,2021
1146821,2021
1146892,2021
1147274,2021
1147289,2021
1147312,2021
1147356,2021
1147616,2021
1147630,2021
1147806,2021
1147866,2021
1148025,2021
1148204,2021
1148673,2021
1149480,2021
1150189,2021
1150437,2021
1150601,2021
1150752,2021
1150824,2021
1150913,2021
1151285,2021
1151558,2021
1151744,2021
1151920,2021
1152325,2021
1152828,2021
1153005,2021
1153019,2021
1153115,2021
1153301,2021
1153325,2021
1153446,2021
1153556,2021
1153982,2021
1154001,2021
1154083,2021
1154092,2021
1154363,2021
1154468,2021
1154805,2021
1154829,2021
1155321,2021
1155516,2021
1155731,2021
1155819,2021
1155877,2021
1156012,2021
1156409,2021
1156431,2021
1157737,2021
1158324,2021
1158331,2021
1160076,2021
1160741,2021
1160748,2021
1160751,2021
1161071,2021
1161517,2021
1161534,2021
1161585,2021
1161897,2021
1161908,2021
1161920,2021
1162487,2021
1162517,2021
1162679,2021
1162883,2021
1163083,2021
1163529,2021
1163688,2021
1163844,2021
1163960,2021
1164883,2021
1165121,2021
1165170,2021
1166587,2021
1167696,2021
1167769,2021
1167980,2021
1168652,2021
1168757,2021
1168846,2021
1168982,2021
1169245,2021
1169602,2021
1170593,2021
1170609,2021
1170612,2021
1170716,2021
1170869,2021
1170886,2021
1171315,2021
1172454,2021
1172475,2021
1173130,2021
1173600,2021
1173855,2021
1174598,2021
1174761,2021
1175052,2021
1175305,2021
1176443,2021
1176535,2021
1176559,2021
1176899,2021
1177260,2021
1177442,2021
1177666,2021
1178988,2021
1179244,2021
1179854,2021
1180350,2021
1180390,2021
1181343,2021
1181848,2021
1181870,2021
1182068,2021
1182329,2021
1182729,2021
1184464,2021
1185126,2021
1185429,2021
1185616,2021
1186323,2021
1186524,2021
1186735,2021
1186834,2021
1186844,2021
1186905,2021
1187112,2021
1187768,2021
1187978,2021
1188454,2021
1189025,2021
1189641,2021
1189746,2021
1189760,2021
1189784,2021
1189970,2021
1190410,2021
1191778,2021
1192286,2021
1192729,2021
1192809,2021
1193107,2021
1194114,2021
1194337,2021
1194928,2021
2129655,2021
2130007,2021
2130299,2021
2130390,2021
2130600,2021
2130790,2021
2130815,2021
2131050,2021
2131290,2021
2131501,2021
2131598,2021
2132255,2021
2132611,2021
2132788,2021
2132998,2021
2133484,2021
2134246,2021
2134699,2021
2136019,2021
2136669,2021
2137673,2021
2138216,2021
2138305,2021
2138352,2021
2138686,2021
2138715,2021
2138936,2021
2139082,2021
2139401,2021
2139839,2021
2140107,2021
2140262,2021
2141114,2021
2141868,2021
2142306,2021
2142506,2021
2142690,2021
2142976,2021
2143078,2021
2145656,2021
2146274,2021
2146578,2021
2146625,2021
2147158,2021
2147172,2021
2147212,2021
2147227,2021
2147316,2021
2147451,2021
2147693,2021
2148039,2021
2148126,2021
2150414,2021
2151188,2021
2151209,2021
2151238,2021
2151684,2021
2152001,2021
2152753,2021
2153118,2021
2153309,2021
2153398,2021
2153427,2021
2153457,2021
2153469,2021
2153529,2021
2153775,2021
2154347,2021
2155113,2021
2155523,2021
2155706,2021
2155794,2021
2156129,2021
2156375,2021
2156449,2021
2157792,2021
2158023,2021
2158320,2021
2158323,2021
2158503,2021
2158865,2021
2158915,2021
2159746,2021
2160281,2021
2160393,2021
2160665,2021
2160718,2021
2160728,2021
2161904,2021
2162022,2021
2162191,2021
2162292,2021
2162556,2021
2163650,2021
2163741,2021
2164249,2021
2164278,2021
2164989,2021
2165202,2021
2165767,2021
2166322,2021
2166586,2021
2166624,2021
2167006,2021
2167602,2021
2167840,2021
2168235,2021
2169032,2021
2169456,2021
2169464,2021
2169886,2021
2169920,2021
2170710,2021
2170839,2021
2170855,2021
2171412,2021
2171448,2021
2172302,2021
2172342,2021
2172430,2021
2172944,2021
2172994,2021
2175209,2021
2176439,2021
2176865,2021
2176988,2021
2177284,2021
2178438,2021
2178799,2021
2180209,2021
2180258,2021
2180331,2021
2180425,2021
2180504,2021
2180508,2021
2180907,2021
2181929,2021
2182046,2021
2182784,2021
2183538,2021
2183809,2021
2183904,2021
2184136,2021
2184409,2021
2184441,2021
2184570,2021
2185468,2021
2186112,2021
2186353,2021
2186428,2021
2186472,2021
2186655,2021
2186865,2021
2187243,2021
2187372,2021
2187806,2021
2188727,2021
2189065,2021
2189385,2021
2189424,2021
2189429,2021
2189712,2021
2190941,2021
2190990,2021
2191444,2021
2191493,2021
2192528,2021
2192722,2021
2192879,2021
2193008,2021
2193044,2021
2193057,2021
2193538,2021
2193735,2021
2194195,2021
2194764,2021
3128735,2021
3129796,2021
3130631,2021
3130634,2021
3131067,2021
3131077,2021
3131689,2021
3131954,2021
3132250,2021
3132379,2021
3132446,2021
3134507,2021
3136123,2021
3136327,2021
3138430,2021
3138884,2021
3139036,2021
3139354,2021
3140254,2021
3140415,2021
3140440,2021
3140635,2021
3140714,2021
3140982,2021
3142787,2021
3143148,2021
3146745,2021
3150160,2021
3150924,2021
3151054,2021
3151644,2021
3152240,2021
3153119,2021
3153245,2021
3153333,2021
3153334,2021
3153410,2021
3154703,2021
3156148,2021
3156681,2021
3157774,2021
3157998,2021
3158260,2021
3158311,2021
3158575,2021
3158586,2021
3160249,2021
3160346,2021
3160891,2021
3161030,2021
3161674,2021
3161708,2021
3161743,2021
3161881,2021
3162327,2021
3162394,2021
3162701,2021
3163115,2021
3163145,2021
3163208,2021
3163675,2021
3164116,2021
3164686,2021
3164887,2021
3164933,2021
3164949,2021
3166093,2021
3166644,2021
3167086,2021
3167105,2021
3167148,2021
3167632,2021
3167764,2021
3168299,2021
3168978,2021
3169974,2021
3169999,2021
3171868,2021
3172750,2021
3172952,2021
3172974,2021
3173343,2021
3173405,2021
3173495,2021
3175772,2021
3176476,2021
3176854,2021
3176862,2021
3177578,2021
3178393,2021
3179712,2021
3179899,2021
3180205,2021
3180960,2021
3180967,2021
3181879,2021
3182334,2021
3182579,2021
3183344,2021
3183413,2021
3183488,2021
3183773,2021
3183775,2021
3183800,2021
3183842,2021
3183982,2021
3184871,2021
3184928,2021
3185414,2021
3186327,2021
3186406,2021
3187734,2021
3187752,2021
3187793,2021
3187987,2021
3187999,2021
3188083,2021
3188245,2021
3189376,2021
3189394,2021
3189478,2021
3190871,2021
3191065,2021
3191201,2021
3191246,2021
3191421,2021
3192287,2021
3192543,2021
3192587,2021
3192698,2021
3192817,2021
3194277,2021
3194454,2021
3194737,2021
3195684,2021
4128935,2021
4129313,2021
4129652,2021
4129656,2021
4129734,2021
4129795,2021
4130749,2021
4131184,2021
4131691,2021
4132651,2021
4132988,2021
4137167,2021
4137357,2021
4137908,2021
4138155,2021
4138255,2021
4138432,2021
4138584,2021
4139450,2021
4139506,2021
4139841,2021
4140160,2021
4140179,2021
4140789,2021
4141162,2021
4141841,2021
4141917,2021
4142941,2021
4145193,2021
4145213,2021
4147661,2021
4147905,2021
4149432,2021
4150999,2021
4151036,2021
4151122,2021
4151131,2021
4151228,2021
4153683,2021
4153985,2021
4155448,2021
4155520,2021
4155528,2021
4155600,2021
4155672,2021
4155865,2021
4156952,2021
4158053,2021
4158579,2021
4159565,2021
4161595,2021
4161913,2021
4162549,2021
4162559,2021
4162650,2021
4162798,2021
4162882,2021
4163627,2021
4163632,2021
4163713,2021
4163715,2021
4163923,2021
4165021,2021
4165125,2021
4165135,2021
4166578,2021
4166599,2021
4166636,2021
4166682,2021
4167653,2021
4168898,2021
4169394,2021
4169590,2021
4170950,2021
4171325,2021
4171778,2021
4172872,2021
4172954,2021
4173565,2021
4173896,2021
4174573,2021
4174753,2021
4175102,2021
4175158,2021
4175184,2021
4175553,2021
4176942,2021
4177417,2021
4177561,2021
4178450,2021
4178508,2021
4180269,2021
4181386,2021
4182408,2021
4182447,2021
4182564,2021
4183168,2021
4183748,2021
4184008,2021
4184072,2021
4184264,2021
4184312,2021
4185121,2021
4189475,2021
4190828,2021
4190833,2021
4191098,2021
4191234,2021
4191260,2021
4192741,2021
4192894,2021
4193099,2021
4193114,2021
4194272,2021
4194982,2021
5128466,2021
5128597,2021
5131309,2021
5131807,2021
5134274,2021
5136055,2021
5138095,2021
5138820,2021
5143233,2021
5145868,2021
5177109,2021
5178536,2021
6130777,2021
6131462,2021
6134931,2021
6137879,2021
6138052,2021
6138918,2021
6139129,2021
6139901,2021
6142493,2021
6145786,2021
6160785,2021
7160674,2021
7160703,2021
7174794,2021
7175064,2021
7176982,2021
7178290,2021
7178552,2021
7179598,2021
8172955,2021
8173754,2021
8178433,2021
8179043,2021
9172715,2021
9175514,2021
9175529,2021
9179301,2021
9179364,2021
10179718,2021
10179752,2021
12179802,2021
1196550,2021
1196669,2021
1196746,2021
1196915,2021
1197356,2021
1197815,2021
1197832,2021
1199773,2021
1199820,2021
1200193,2021
1200223,2021
1200718,2021
1200789,2021
1200827,2021
1200897,2021
1201038,2021
1201056,2021
1201115,2021
1201275,2021
1201359,2021
1201456,2021
1201471,2021
1201752,2021
1201817,2021
1201869,2021
1202495,2021
1202771,2021
1203672,2021
1203894,2021
1204060,2021
1204331,2021
1204817,2021
1205089,2021
1205124,2021
1205370,2021
1205513,2021
1206659,2021
1207910,2021
1207976,2021
1208896,2021
1210224,2021
1211340,2021
1211583,2021
1211794,2021
1212100,2021
1212159,2021
1212307,2021
1213251,2021
1213418,2021
1213423,2021
1214140,2021
1214169,2021
1214304,2021
1214422,2021
1215027,2021
1215087,2021
1215094,2021
1215258,2021
1215297,2021
1215630,2021
1215835,2021
1216142,2021
1216371,2021
1216496,2021
1217117,2021
1217745,2021
1218389,2021
1218637,2021
1219077,2021
1219269,2021
1219357,2021
1220021,2021
1220325,2021
1220660,2021
1220744,2021
1220761,2021
1221038,2021
1221142,2021
1221394,2021
1222258,2021
1222407,2021
1222567,2021
1225454,2021
1225627,2021
1225634,2021
1225639,2021
1225794,2021
1226020,2021
1226038,2021
1226198,2021
1226782,2021
1226791,2021
1226793,2021
1226820,2021
1226826,2021
1227012,2021
1227166,2021
1227275,2021
1227351,2021
1228508,2021
1230180,2021
1232184,2021
1233272,2021
1233356,2021
1234119,2021
1234817,2021
1235109,2021
1235176,2021
1235291,2021
1235299,2021
1236049,2021
1236436,2021
1236797,2021
1237718,2021
1237749,2021
1237750,2021
1238181,2021
1238351,2021
1238378,2021
1238383,2021
1238450,2021
1238728,2021
1238845,2021
1239334,2021
1239644,2021
1239732,2021
1240339,2021
1240885,2021
1240958,2021
1241237,2021
1241688,2021
1241888,2021
1242216,2021
1243052,2021
1243715,2021
1244037,2021
1245156,2021
1245348,2021
1245521,2021
1245596,2021
1245907,2021
1245933,2021
1247173,2021
1247299,2021
1247849,2021
1248050,2021
1248184,2021
1249216,2021
1249292,2021
1249747,2021
1250760,2021
1250891,2021
1250927,2021
1250968,2021
1250996,2021
1251024,2021
1251066,2021
1251344,2021
1251353,2021
1251435,2021
1251648,2021
1251670,2021
1251759,2021
1252188,2021
1252194,2021
1252278,2021
1252934,2021
1253085,2021
1253312,2021
1253343,2021
1253603,2021
1253690,2021
1253700,2021
1253830,2021
1253985,2021
1254200,2021
1254263,2021
1254544,2021
1254562,2021
1254618,2021
1254648,2021
1254752,2021
1255071,2021
1255117,2021
1255233,2021
1256004,2021
1256023,2021
1256242,2021
1256954,2021
1258685,2021
1258882,2021
1258967,2021
1259494,2021
1259869,2021
1260127,2021
1260143,2021
1260176,2021
1260553,2021
1260854,2021
1261406,2021
1261615,2021
1262116,2021
1262922,2021
1264131,2021
1264270,2021
1264460,2021
1264463,2021
1264846,2021
1264947,2021
1265009,2021
1265640,2021
1266058,2021
1266286,2021
1267646,2021
1268290,2021
1268397,2021
1268948,2021
1269138,2021
1269998,2021
1270058,2021
1270464,2021
1270518,2021
1270556,2021
1270561,2021
1270603,2021
1270611,2021
1270622,2021
1271797,2021
1272692,2021
1272760,2021
2196685,2021
2196795,2021
2196857,2021
2197020,2021
2197258,2021
2197357,2021
2197907,2021
2198355,2021
2198424,2021
2198854,2021
2199924,2021
2199999,2021
2200002,2021
2200003,2021
2200228,2021
2200522,2021
2200587,2021
2200638,2021
2200814,2021
2200842,2021
2201080,2021
2201398,2021
2201568,2021
2201934,2021
2202097,2021
2203013,2021
2204028,2021
2204481,2021
2205046,2021
2205206,2021
2205248,2021
2205721,2021
2205815,2021
2205933,2021
2206567,2021
2207864,2021
2207872,2021
2207873,2021
2207909,2021
2208285,2021
2208314,2021
2208486,2021
2208591,2021
2208817,2021
2209272,2021
2209408,2021
2210139,2021
2210826,2021
2210846,2021
2211097,2021
2211669,2021
2212419,2021
2213432,2021
2214045,2021
2214455,2021
2214549,2021
2215435,2021
2216405,2021
2216535,2021
2216612,2021
2217278,2021
2218443,2021
2218687,2021
2219095,2021
2219384,2021
2219462,2021
2219654,2021
2220022,2021
2220037,2021
2220502,2021
2220649,2021
2220650,2021
2220697,2021
2220864,2021
2221592,2021
2221674,2021
2221851,2021
2222079,2021
2222913,2021
2224278,2021
2225628,2021
2225775,2021
2226187,2021
2226209,2021
2226316,2021
2226367,2021
2226750,2021
2227067,2021
2227122,2021
2227349,2021
2227412,2021
2227481,2021
2227671,2021
2227803,2021
2228592,2021
2228599,2021
2228726,2021
2229201,2021
2229283,2021
2229345,2021
2229733,2021
2232125,2021
2232503,2021
2232924,2021
2232938,2021
2233153,2021
2233626,2021
2235100,2021
2235361,2021
2235492,2021
2235604,2021
2237561,2021
2237697,2021
2238328,2021
2238510,2021
2238859,2021
2239291,2021
2239358,2021
2239983,2021
2240872,2021
2241008,2021
2241051,2021
2241076,2021
2241106,2021
2241189,2021
2241325,2021
2243043,2021
2243681,2021
2243781,2021
2245450,2021
2245728,2021
2246016,2021
2247823,2021
2247870,2021
2248023,2021
2248193,2021
2248417,2021
2248472,2021
2248989,2021
2249184,2021
2249206,2021
2249693,2021
2249852,2021
2249863,2021
2250335,2021
2250963,2021
2250971,2021
2251091,2021
2251120,2021
2251131,2021
2251278,2021
2251323,2021
2251621,2021
2251622,2021
2251717,2021
2251727,2021
2252191,2021
2252550,2021
2252845,2021
2252865,2021
2253296,2021
2253485,2021
2253582,2021
2254709,2021
2256159,2021
2256896,2021
2258657,2021
2259009,2021
2259204,2021
2259800,2021
2259831,2021
2259949,2021
2260323,2021
2260325,2021
2260722,2021
2261359,2021
2261391,2021
2264961,2021
2265599,2021
2266188,2021
2266567,2021
2267107,2021
2267968,2021
2270074,2021
2270114,2021
2270526,2021
2270624,2021
2270694,2021
2270850,2021
2271175,2021
2271349,2021
2272455,2021
2272457,2021
2272614,2021
2272661,2021
2272820,2021
2272849,2021
2273224,2021
2273785,2021
2274490,2021
3196140,2021
3196859,2021
3197164,2021
3197188,2021
3197336,2021
3197367,2021
3197490,2021
3197670,2021
3198191,2021
3198208,2021
3198243,2021
3198570,2021
3199631,2021
3199854,2021
3199902,2021
3200306,2021
3200451,2021
3201232,2021
3201497,2021
3201993,2021
3202900,2021
3203895,2021
3203900,2021
3204530,2021
3205569,2021
3205957,2021
3206198,2021
3206732,2021
3208015,2021
3208077,2021
3208115,2021
3208193,2021
3208265,2021
3208361,2021
3208404,2021
3208468,2021
3208476,2021
3208717,2021
3208890,2021
3208983,2021
3209159,2021
3210652,2021
3210842,2021
3211812,2021
3211856,2021
3213468,2021
3214504,2021
3214543,2021
3214987,2021
3215160,2021
3216812,2021
3217272,2021
3217288,2021
3217320,2021
3218681,2021
3219337,2021
3220030,2021
3220442,2021
3220850,2021
3220892,2021
3221159,2021
3221214,2021
3222298,2021
3222448,2021
3222816,2021
3223004,2021
3223282,2021
3224610,2021
3224613,2021
3225603,2021
3225611,2021
3225647,2021
3225847,2021
3226005,2021
3226312,2021
3226395,2021
3226404,2021
3226578,2021
3226598,2021
3227115,2021
3227298,2021
3228183,2021
3228268,2021
3229045,2021
3229808,2021
3230006,2021
3230813,2021
3231125,2021
3231423,2021
3232309,2021
3232329,2021
3233379,2021
3233382,2021
3233648,2021
3233727,2021
3233734,2021
3235078,2021
3235234,2021
3236052,2021
3238164,2021
3238279,2021
3238357,2021
3238417,2021
3238502,2021
3238634,2021
3238904,2021
3239416,2021
3239477,2021
3240327,2021
3240763,2021
3241083,2021
3241166,2021
3241315,2021
3241383,2021
3241589,2021
3241940,2021
3243347,2021
3243784,2021
3244237,2021
3244248,2021
3245468,2021
3245544,2021
3245562,2021
3245570,2021
3245571,2021
3245626,2021
3245827,2021
3245856,2021
3247065,2021
3247172,2021
3247247,2021
3248596,2021
3249257,2021
3249265,2021
3249338,2021
3249743,2021
3249789,2021
3250051,2021
3250969,2021
3251080,2021
3252532,2021
3252853,2021
3253041,2021
3253400,2021
3253479,2021
3254123,2021
3254615,2021
3254893,2021
3254897,2021
3254900,2021
3254901,2021
3255380,2021
3255863,2021
3260009,2021
3260292,2021
3260449,2021
3263378,2021
3264571,2021
3264850,2021
3264893,2021
3264900,2021
3265304,2021
3265363,2021
3265530,2021
3265584,2021
3265654,2021
3267657,2021
3267691,2021
3269581,2021
3270277,2021
3272555,2021
3272886,2021
4196026,2021
4196882,2021
4197053,2021
4197446,2021
4199824,2021
4199850,2021
4200114,2021
4200147,2021
4200305,2021
4200395,2021
4200459,2021
4200552,2021
4200969,2021
4201081,2021
4201222,2021
4201617,2021
4202005,2021
4203144,2021
4203762,2021
4204095,2021
4205278,2021
4205747,2021
4206808,2021
4208127,2021
4208358,2021
4208385,2021
4208608,2021
4208718,2021
4209007,2021
4210427,2021
4210788,2021
4210836,2021
4210979,2021
4211135,2021
4211520,2021
4211589,2021
4211849,2021
4212656,2021
4213655,2021
4214431,2021
4215313,2021
4215335,2021
4215381,2021
4215493,2021
4216253,2021
4216785,2021
4217065,2021
4217454,2021
4217575,2021
4217611,2021
4217677,2021
4218659,2021
4218756,2021
4219299,2021
4219397,2021
4219537,2021
4220805,2021
4220841,2021
4220942,2021
4221373,2021
4221627,2021
4222017,2021
4222542,2021
4223413,2021
4223624,2021
4223647,2021
4226339,2021
4226640,2021
4226711,2021
4227216,2021
4227824,2021
4227830,2021
4227890,2021
4227990,2021
4228575,2021
4229271,2021
4230002,2021
4230620,2021
4231175,2021
4231277,2021
4231630,2021
4231638,2021
4232196,2021
4232236,2021
4232500,2021
4233058,2021
4233134,2021
4233981,2021
4234481,2021
4235108,2021
4236216,2021
4237130,2021
4238626,2021
4238746,2021
4238808,2021
4238860,2021
4239341,2021
4240279,2021
4240842,2021
4241465,2021
4241475,2021
4241583,2021
4242423,2021
4243839,2021
4244149,2021
4244560,2021
4245508,2021
4245695,2021
4247912,2021
4248030,2021
4248985,2021
4249174,2021
4249469,2021
4249513,2021
4249751,2021
4250998,2021
4253148,2021
4253434,2021
4253609,2021
4253693,2021
4253843,2021
4254589,2021
4254728,2021
4254917,2021
4256696,2021
4257069,2021
4258638,2021
4258851,2021
4259078,2021
4259580,2021
4259813,2021
4261670,2021
4264765,2021
4265352,2021
4268014,2021
4268081,2021
4268277,2021
4269087,2021
4270010,2021
4270400,2021
5205619,2021
5206057,2021
5206475,2021
5206728,2021
5206751,2021
5232731,2021
5233190,2021
5235430,2021
5238426,2021
5268655,2021
6206544,2021
6206644,2021
6206765,2021
6206783,2021
6207315,2021
6233577,2021
6233590,2021
6235483,2021
6265508,2021
6265624,2021
6266254,2021
6266714,2021
7205698,2021
7205954,2021
7234968,2021
7264762,2021
8199937,2021
8202884,2021
8205801,2021
8206587,2021
8206740,2021
8206881,2021
8234237,2021
8234298,2021
8235302,2021
8235345,2021
8236876,2021
8266007,2021
9196933,2021
9206171,2021
9206429,2021
9206501,2021
9232729,2021
9233488,2021
9234421,2021
9235091,2021
9266194,2021
19244442,2021
1274713,2021
1274816,2021
2274520,2021
2274589,2021
2274708,2021
3274662,2021
3274688,2021
3274746,2021
4274532,2021
4274753,2021
4274756,2021
4274771,2021
4274790,2021
5274553,2021
5274678,2021
5274754,2021
5274793,2021
6274607,2021
6274747,2021
7274528,2021
7274533,2021
7274721,2021
7274744,2021
7274772,2021
7274789,2021
8274691,2021
8274788,2021
8274825,2021
9274651,2021
9274683,2021
1275754,2021
1275975,2021
1276516,2021
1277199,2021
1277482,2021
1277666,2021
1278106,2021
1278309,2021
1278492,2021
1278597,2021
1278617,2021
1278685,2021
1278787,2021
1279485,2021
1279501,2021
1279506,2021
1279640,2021
1279655,2021
1279731,2021
1279754,2021
2275188,2021
2275202,2021
2275449,2021
2275864,2021
2276314,2021
2276323,2021
2276572,2021
2276703,2021
2276754,2021
2277134,2021
2277341,2021
2277611,2021
2277736,2021
2277745,2021
2278499,2021
2278783,2021
2278909,2021
2278943,2021
2279094,2021
2279130,2021
2279237,2021
2279267,2021
2279268,2021
2279444,2021
2279520,2021
2279744,2021
3275868,2021
3276287,2021
3276853,2021
3277092,2021
3277147,2021
3277165,2021
3277282,2021
3277663,2021
3277771,2021
3277843,2021
3277888,2021
3278219,2021
3278286,2021
3278889,2021
3278890,2021
3279137,2021
3279304,2021
3279466,2021
3279499,2021
3279604,2021
3279643,2021
3279645,2021
4275291,2021
4275639,2021
4275750,2021
4275783,2021
4276657,2021
4276708,2021
4276724,2021
4276959,2021
4277287,2021
4278703,2021
4278755,2021
4278806,2021
4279116,2021
4279127,2021
4279685,2021
4279766,2021
1283966,2021
1284040,2021
1284054,2021
1284276,2021
1284296,2021
1284385,2021
1284747,2021
1284751,2021
1284878,2021
1285011,2021
1285088,2021
2283996,2021
2284017,2021
2284124,2021
2284185,2021
2284229,2021
2284429,2021
2284527,2021
2284564,2021
2284619,2021
2284648,2021
2284800,2021
2284832,2021
2285077,2021
3284085,2021
3284176,2021
3284238,2021
3284689,2021
3284719,2021
3285057,2021
3285067,2021
4283905,2021
4283971,2021
4284100,2021
4284237,2021
4284716,2021
5284542,2021
6284887,2021
6285033,2021
7283893,2021
7284245,2021
7284998,2021
8284021,2021
8284286,2021
9284083,2021
9284104,2021
9284134,2021
9284613,2021
9284849,2021
1286571,2021
1286578,2021
1286639,2021
1286665,2021
1286673,2021
1286735,2021
1286749,2021
1286765,2021
1286778,2021
1286789,2021
1286800,2021
1286807,2021
1286844,2021
1286856,2021
1286857,2021
1286864,2021
1286914,2021
1286965,2021
2286567,2021
2286615,2021
2286648,2021
2286656,2021
2286693,2021
2286711,2021
2286716,2021
2286754,2021
2286787,2021
2286810,2021
2286820,2021
2286904,2021
92230625,2021
92230626,2021
92230653,2021
92230666,2021
92230668,2021
92230671,2021
92230693,2021
92230699,2021
92230702,2021
92230706,2021
92230725,2021
92230743,2021
92230765,2021
92230769,2021
92230770,2021
92230785,2021
92230854,2021
92230860,2021
92230862,2021
92230866,2021
92230894,2021
92230907,2021
92230909,2021
92230912,2021
92230942,2021
92230948,2021
92230960,2021
92240970,2021
92240973,2021
92240976,2021
92240978,2021
92240982,2021
92240996,2021
92240997,2021
92241023,2021
92241029,2021
92241034,2021
92241037,2021
92241038,2021
92241048,2021
92241070,2021
92241075,2021
92241079,2021
92241113,2021
92241158,2021
92241181,2021
92110007,2021
92110011,2021
92110016,2021
92110023,2021
92110030,2021
92110034,2021
92110041,2021
92110042,2021
92110045,2021
92110050,2021
92110055,2021
92110057,2021
92110058,2021
92110063,2021
92110075,2021
92110076,2021
92110082,2021
92110085,2021
92110092,2021
92110098,2021
92110632,2021
92120106,2021
92120113,2021
92120115,2021
92120116,2021
92120140,2021
92120149,2021
92120172,2021
92130193,2021
92140235,2021
