data_year,integrated_var,harmonized_code,harmonized_label,frequency
2002,INC_FAM_GOV,1,"未滿2,000元",8383
2002,INC_FAM_GOV,2,"2,000元至未滿4,000元",2701
2002,INC_FAM_GOV,3,"4,000元至未滿6,000元",643
2002,INC_FAM_GOV,4,"6,000元至未滿1萬元",1115
2002,INC_FAM_GOV,9,"10,000-14,999 元",166
2002,INC_FAM_GOV,10,"15,000-19,999 元",61
2002,INC_FAM_GOV,11,"20,000-29,999 元",33
2002,INC_FAM_GOV,12,"30,000 元及以上，請記錄________元",11
2002,INC_FAM_INTEREST,NA,NA,13113
2002,INC_FAM_OTHER,NA,1萬~未滿2萬元,798
2002,INC_FAM_OTHER,NA,5千~未滿1萬元,838
2002,INC_FAM_OTHER,NA,5萬~未滿6萬元,357
2002,INC_FAM_OTHER,NA,6萬元以上,261
2002,INC_FAM_OTHER,NA,未滿5千元,915
2002,INC_FAM_OTHER,NA,無此收入,9944
2002,INC_FAM_RENT,NA,NA,13113
2002,INC_FAM_TOTAL,1,未滿2萬元,4101
2002,INC_FAM_TOTAL,2,2萬元至未滿4萬元,4499
2002,INC_FAM_TOTAL,3,4萬元至未滿6萬元,2538
2002,INC_FAM_TOTAL,4,6萬元至未滿8萬元,1036
2002,INC_FAM_TOTAL,5,8萬元至未滿10萬元,453
2002,INC_FAM_TOTAL,6,10萬元至未滿12萬元,249
2002,INC_FAM_TOTAL,7,12萬元至未滿15萬元,128
2002,INC_FAM_TOTAL,8,15萬元以上（請記錄金額）,109
2002,INC_FAM_TRANSFER,NA,NA,13113
2002,INC_FAM_WORK,1,未滿2萬元,4793
2002,INC_FAM_WORK,2,2萬元至未滿4萬元,4303
2002,INC_FAM_WORK,3,4萬元至未滿6萬元,2338
2002,INC_FAM_WORK,4,6萬元至未滿8萬元,894
2002,INC_FAM_WORK,5,8萬元至未滿10萬元,390
2002,INC_FAM_WORK,7,12萬元至未滿15萬元,102
2002,INC_FAM_WORK,8,15萬元以上（請記錄金額）,84
2002,INC_FAM_WORK,11,"100,000-129,999元",209
2002,INC_PERS_GOV,NA,NA,13113
2002,INC_PERS_INTEREST,NA,NA,13113
2002,INC_PERS_OTHER,NA,NA,13113
2002,INC_PERS_RENT,NA,NA,13113
2002,INC_PERS_TRANSFER,NA,NA,13113
2002,INC_PERS_WORK,NA,NA,13113
2006,INC_FAM_GOV,1,999 元及以下,51
2006,INC_FAM_GOV,2,"1,000-1,999 元",52
2006,INC_FAM_GOV,3,"2,000-3,999 元",1022
2006,INC_FAM_GOV,4,"4,000-5,999元",425
2006,INC_FAM_GOV,7,"6,000-7,999 元",359
2006,INC_FAM_GOV,8,"8,000-9,999 元",112
2006,INC_FAM_GOV,9,"10,000-14,999 元",166
2006,INC_FAM_GOV,10,"15,000-19,999 元",34
2006,INC_FAM_GOV,11,"20,000-29,999 元",22
2006,INC_FAM_GOV,12,"30,000 元及以上，請記錄________元",8
2006,INC_FAM_GOV,13,沒有這項收入,3555
2006,INC_FAM_GOV,NA,NA,207
2006,INC_FAM_INTEREST,1,"4,999元及以下",105
2006,INC_FAM_INTEREST,2,"5,000-9,999元",80
2006,INC_FAM_INTEREST,9,"10,000-14,999 元",30
2006,INC_FAM_INTEREST,10,"15,000-19,999 元",19
2006,INC_FAM_INTEREST,11,"20,000-29,999 元",16
2006,INC_FAM_INTEREST,12,"30,000 元及以上，請記錄________元",14
2006,INC_FAM_INTEREST,13,沒有這項收入,5588
2006,INC_FAM_INTEREST,NA,NA,161
2006,INC_FAM_OTHER,NA,"10,000-14,999元",96
2006,INC_FAM_OTHER,NA,"15,000-19,999元",84
2006,INC_FAM_OTHER,NA,"20,000-24,999元",34
2006,INC_FAM_OTHER,NA,"25,000-29,999元",15
2006,INC_FAM_OTHER,NA,"30,000-39,999元",6
2006,INC_FAM_OTHER,NA,"4,999元及以下",353
2006,INC_FAM_OTHER,NA,"40,000-49,999元",2
2006,INC_FAM_OTHER,NA,"5,000-9,999元",173
2006,INC_FAM_OTHER,NA,"50,000-59,999元",2
2006,INC_FAM_OTHER,NA,不知道/拒答,105
2006,INC_FAM_OTHER,NA,沒有這項收入,5143
2006,INC_FAM_RENT,1,"4,999 元及以下",62
2006,INC_FAM_RENT,2,"5,000-9,999 元",41
2006,INC_FAM_RENT,3,"10,000-14,999 元",21
2006,INC_FAM_RENT,4,"15,000-19,999 元",17
2006,INC_FAM_RENT,5,"20,000-24,999 元",7
2006,INC_FAM_RENT,6,"25,000-29,999 元",9
2006,INC_FAM_RENT,12,"80,000 元及以上，請記錄_________________元",1
2006,INC_FAM_RENT,13,沒有這項收入,5771
2006,INC_FAM_RENT,NA,NA,84
2006,INC_FAM_TOTAL,NA,NA,6013
2006,INC_FAM_TRANSFER,NA,NA,6013
2006,INC_FAM_WORK,1,"9,999 元及以下",618
2006,INC_FAM_WORK,2,"10,000-19,999 元",763
2006,INC_FAM_WORK,3,"20,000-29,999 元",736
2006,INC_FAM_WORK,4,"30,000-39,999 元",676
2006,INC_FAM_WORK,5,"40,000-49,999 元",345
2006,INC_FAM_WORK,6,"50,000-59,999 元",445
2006,INC_FAM_WORK,7,"60,000-69,999 元",286
2006,INC_FAM_WORK,8,"70,000-79,999 元",197
2006,INC_FAM_WORK,9,"80,000-89,999 元",124
2006,INC_FAM_WORK,10,"90,000-99,999 元",100
2006,INC_FAM_WORK,11,"100,000-129,999元",132
2006,INC_FAM_WORK,12,"130,000-159,999元",52
2006,INC_FAM_WORK,14,沒有這項收入,613
2006,INC_FAM_WORK,90,"140,000元及以上，請記錄 元",69
2006,INC_FAM_WORK,NA,1,2
2006,INC_FAM_WORK,NA,3,25
2006,INC_FAM_WORK,NA,4,9
2006,INC_FAM_WORK,NA,NA,821
2006,INC_PERS_GOV,1,999 元及以下,26
2006,INC_PERS_GOV,2,"1,000-1,999 元",36
2006,INC_PERS_GOV,3,"2,000-3,999 元",960
2006,INC_PERS_GOV,4,"4,000-5,999元",352
2006,INC_PERS_GOV,7,"6,000-7,999 元",85
2006,INC_PERS_GOV,8,"8,000-9,999 元",26
2006,INC_PERS_GOV,9,"10,000-14,999 元",46
2006,INC_PERS_GOV,10,"15,000-19,999 元",14
2006,INC_PERS_GOV,11,"20,000-29,999 元",11
2006,INC_PERS_GOV,12,"30,000 元及以上，請記錄________元",1
2006,INC_PERS_GOV,13,沒有這項收入,4383
2006,INC_PERS_GOV,NA,NA,73
2006,INC_PERS_INTEREST,1,"4,999元及以下",94
2006,INC_PERS_INTEREST,2,"5,000-9,999元",42
2006,INC_PERS_INTEREST,9,"10,000-14,999 元",55
2006,INC_PERS_INTEREST,10,"15,000-19,999 元",6
2006,INC_PERS_INTEREST,11,"20,000-29,999 元",13
2006,INC_PERS_INTEREST,12,"30,000 元及以上，請記錄________元",13
2006,INC_PERS_INTEREST,13,沒有這項收入,5734
2006,INC_PERS_INTEREST,NA,NA,56
2006,INC_PERS_OTHER,1,"4,999 元及以下",326
2006,INC_PERS_OTHER,2,"5,000-9,999 元",159
2006,INC_PERS_OTHER,3,"10,000-14,999 元",86
2006,INC_PERS_OTHER,4,"15,000-19,999 元",33
2006,INC_PERS_OTHER,5,"20,000-24,999 元",29
2006,INC_PERS_OTHER,6,"25,000-29,999 元",12
2006,INC_PERS_OTHER,7,"30,000-39,999 元",12
2006,INC_PERS_OTHER,8,"40,000-49,999 元",10
2006,INC_PERS_OTHER,9,"50,000-59,999 元",5
2006,INC_PERS_OTHER,10,"60,000-69,999 元",1
2006,INC_PERS_OTHER,11,"70,000-79,999 元",1
2006,INC_PERS_OTHER,12,"80,000 元及以上，請記錄_________________元",5
2006,INC_PERS_OTHER,13,沒有這項收入,5284
2006,INC_PERS_OTHER,NA,NA,50
2006,INC_PERS_RENT,1,"4,999 元及以下",48
2006,INC_PERS_RENT,2,"5,000-9,999 元",32
2006,INC_PERS_RENT,3,"10,000-14,999 元",13
2006,INC_PERS_RENT,4,"15,000-19,999 元",8
2006,INC_PERS_RENT,5,"20,000-24,999 元",6
2006,INC_PERS_RENT,6,"25,000-29,999 元",3
2006,INC_PERS_RENT,7,"30,000-39,999 元",2
2006,INC_PERS_RENT,8,"40,000-49,999 元",3
2006,INC_PERS_RENT,9,"50,000-59,999 元",1
2006,INC_PERS_RENT,10,"60,000-69,999 元",1
2006,INC_PERS_RENT,13,沒有這項收入,5855
2006,INC_PERS_RENT,NA,NA,41
2006,INC_PERS_TRANSFER,NA,NA,6013
2006,INC_PERS_WORK,1,"9,999 元及以下",830
2006,INC_PERS_WORK,2,"10,000-19,999元",1048
2006,INC_PERS_WORK,3,"20,000-29,999 元",881
2006,INC_PERS_WORK,6,"30,000-39,999 元",575
2006,INC_PERS_WORK,7,"40,000-49,999 元",210
2006,INC_PERS_WORK,8,"50,000-59,999 元",196
2006,INC_PERS_WORK,9,"60,000-69,999 元",110
2006,INC_PERS_WORK,10,"70,000-79,999 元",44
2006,INC_PERS_WORK,11,"80,000-89,999 元",22
2006,INC_PERS_WORK,12,"90,000-99,999 元",9
2006,INC_PERS_WORK,13,"100,000-129,999元",16
2006,INC_PERS_WORK,14,"130,000-159,999元",2
2006,INC_PERS_WORK,16,沒有這項收入,1808
2006,INC_PERS_WORK,90,"140,000元及以上，請記錄 元",6
2006,INC_PERS_WORK,NA,150000,1
2006,INC_PERS_WORK,NA,NA,255
2010,INC_FAM_GOV,1,999 元及以下,35
2010,INC_FAM_GOV,2,"1,000-1,999 元",57
2010,INC_FAM_GOV,3,"2,000-2,999 元",51
2010,INC_FAM_GOV,4,"3,000-3,999 元",718
2010,INC_FAM_GOV,5,"4,000-4,999 元",105
2010,INC_FAM_GOV,6,"5,000-5,999 元",41
2010,INC_FAM_GOV,7,"6,000-7,999 元",351
2010,INC_FAM_GOV,8,"8,000-9,999 元",52
2010,INC_FAM_GOV,9,"10,000-14,999 元",99
2010,INC_FAM_GOV,10,"15,000-19,999 元",36
2010,INC_FAM_GOV,11,"20,000-29,999 元",22
2010,INC_FAM_GOV,12,"30,000 元及以上，請記錄________元",6
2010,INC_FAM_GOV,13,沒有這項收入,3454
2010,INC_FAM_INTEREST,1,999 元及以下,22
2010,INC_FAM_INTEREST,2,"1,000-1,999 元",9
2010,INC_FAM_INTEREST,3,"2,000-2,999 元",9
2010,INC_FAM_INTEREST,4,"3,000-3,999 元",22
2010,INC_FAM_INTEREST,5,"4,000-4,999 元",1
2010,INC_FAM_INTEREST,6,"5,000-5,999 元",33
2010,INC_FAM_INTEREST,7,"6,000-7,999 元",2
2010,INC_FAM_INTEREST,8,"8,000-9,999 元",5
2010,INC_FAM_INTEREST,9,"10,000-14,999 元",29
2010,INC_FAM_INTEREST,10,"15,000-19,999 元",3
2010,INC_FAM_INTEREST,11,"20,000-29,999 元",3
2010,INC_FAM_INTEREST,12,"30,000 元及以上，請記錄________元",6
2010,INC_FAM_INTEREST,13,沒有這項收入,4873
2010,INC_FAM_INTEREST,NA,NA,10
2010,INC_FAM_OTHER,NA,NA,5027
2010,INC_FAM_RENT,1,"4,999 元及以下",17
2010,INC_FAM_RENT,2,"5,000-9,999 元",15
2010,INC_FAM_RENT,3,"10,000-14,999 元",4
2010,INC_FAM_RENT,4,"15,000-19,999 元",3
2010,INC_FAM_RENT,5,"20,000-24,999 元",5
2010,INC_FAM_RENT,6,"25,000-29,999 元",2
2010,INC_FAM_RENT,13,沒有這項收入,4970
2010,INC_FAM_RENT,NA,NA,11
2010,INC_FAM_TOTAL,NA,NA,5027
2010,INC_FAM_TRANSFER,NA,NA,5027
2010,INC_FAM_WORK,1,"9,999 元及以下",279
2010,INC_FAM_WORK,2,"10,000-19,999 元",866
2010,INC_FAM_WORK,3,"20,000-29,999 元",970
2010,INC_FAM_WORK,4,"30,000-39,999 元",675
2010,INC_FAM_WORK,5,"40,000-49,999 元",464
2010,INC_FAM_WORK,6,"50,000-59,999 元",377
2010,INC_FAM_WORK,7,"60,000-69,999 元",278
2010,INC_FAM_WORK,8,"70,000-79,999 元",182
2010,INC_FAM_WORK,9,"80,000-89,999 元",105
2010,INC_FAM_WORK,10,"90,000-99,999 元",76
2010,INC_FAM_WORK,11,"100,000-129,999元",98
2010,INC_FAM_WORK,12,"130,000-159,999元",29
2010,INC_FAM_WORK,13,"160,000 元及以上，請記錄____________元",12
2010,INC_FAM_WORK,14,沒有這項收入,616
2010,INC_PERS_GOV,1,999 元及以下,39
2010,INC_PERS_GOV,2,"1,000-1,999 元",46
2010,INC_PERS_GOV,3,"2,000-2,999 元",39
2010,INC_PERS_GOV,4,"3,000-3,999 元",670
2010,INC_PERS_GOV,5,"4,000-4,999 元",84
2010,INC_PERS_GOV,6,"5,000-5,999 元",29
2010,INC_PERS_GOV,7,"6,000-7,999 元",263
2010,INC_PERS_GOV,8,"8,000-9,999 元",22
2010,INC_PERS_GOV,9,"10,000-14,999 元",68
2010,INC_PERS_GOV,10,"15,000-19,999 元",24
2010,INC_PERS_GOV,11,"20,000-29,999 元",12
2010,INC_PERS_GOV,12,"30,000 元及以上，請記錄________元",5
2010,INC_PERS_GOV,13,沒有這項收入,3723
2010,INC_PERS_GOV,NA,NA,3
2010,INC_PERS_INTEREST,1,999 元及以下,26
2010,INC_PERS_INTEREST,2,"1,000-1,999 元",7
2010,INC_PERS_INTEREST,3,"2,000-2,999 元",8
2010,INC_PERS_INTEREST,4,"3,000-3,999 元",20
2010,INC_PERS_INTEREST,5,"4,000-4,999 元",4
2010,INC_PERS_INTEREST,6,"5,000-5,999 元",27
2010,INC_PERS_INTEREST,7,"6,000-7,999 元",2
2010,INC_PERS_INTEREST,8,"8,000-9,999 元",4
2010,INC_PERS_INTEREST,9,"10,000-14,999 元",26
2010,INC_PERS_INTEREST,10,"15,000-19,999 元",1
2010,INC_PERS_INTEREST,11,"20,000-29,999 元",2
2010,INC_PERS_INTEREST,12,"30,000 元及以上，請記錄________元",9
2010,INC_PERS_INTEREST,13,沒有這項收入,4882
2010,INC_PERS_INTEREST,NA,NA,9
2010,INC_PERS_OTHER,1,"4,999 元及以下",82
2010,INC_PERS_OTHER,2,"5,000-9,999 元",52
2010,INC_PERS_OTHER,3,"10,000-14,999 元",21
2010,INC_PERS_OTHER,4,"15,000-19,999 元",8
2010,INC_PERS_OTHER,5,"20,000-24,999 元",17
2010,INC_PERS_OTHER,6,"25,000-29,999 元",7
2010,INC_PERS_OTHER,7,"30,000-39,999 元",3
2010,INC_PERS_OTHER,8,"40,000-49,999 元",4
2010,INC_PERS_OTHER,10,"60,000-69,999 元",1
2010,INC_PERS_OTHER,11,"70,000-79,999 元",1
2010,INC_PERS_OTHER,12,"80,000 元及以上，請記錄_________________元",4
2010,INC_PERS_OTHER,13,沒有這項收入,4814
2010,INC_PERS_OTHER,NA,NA,13
2010,INC_PERS_RENT,1,"4,999 元及以下",16
2010,INC_PERS_RENT,2,"5,000-9,999 元",13
2010,INC_PERS_RENT,3,"10,000-14,999 元",6
2010,INC_PERS_RENT,4,"15,000-19,999 元",3
2010,INC_PERS_RENT,5,"20,000-24,999 元",1
2010,INC_PERS_RENT,13,沒有這項收入,4974
2010,INC_PERS_RENT,NA,NA,14
2010,INC_PERS_TRANSFER,NA,NA,5027
2010,INC_PERS_WORK,1,"9,999 元及以下",348
2010,INC_PERS_WORK,2,"10,000-19,999 元",1105
2010,INC_PERS_WORK,3,"20,000-29,999 元",1128
2010,INC_PERS_WORK,6,"30,000-39,999 元",642
2010,INC_PERS_WORK,7,"40,000-49,999 元",261
2010,INC_PERS_WORK,8,"50,000-59,999 元",155
2010,INC_PERS_WORK,9,"60,000-69,999 元",90
2010,INC_PERS_WORK,10,"70,000-79,999 元",40
2010,INC_PERS_WORK,11,"80,000-89,999 元",24
2010,INC_PERS_WORK,12,"90,000-99,999 元",6
2010,INC_PERS_WORK,13,"100,000-129,999元",8
2010,INC_PERS_WORK,14,"130,000-159,999元",1
2010,INC_PERS_WORK,15,"160,000 元及以上，請記錄____________元",2
2010,INC_PERS_WORK,16,沒有這項收入,1217
2014,INC_FAM_GOV,1,999 元及以下,13
2014,INC_FAM_GOV,2,"1,000-1,999 元",32
2014,INC_FAM_GOV,3,"2,000-2,999 元",35
2014,INC_FAM_GOV,4,"3,000-3,999 元",468
2014,INC_FAM_GOV,5,"4,000-4,999 元",89
2014,INC_FAM_GOV,6,"5,000-5,999 元",45
2014,INC_FAM_GOV,7,"6,000-7,999 元",347
2014,INC_FAM_GOV,8,"8,000-9,999 元",46
2014,INC_FAM_GOV,9,"10,000-14,999 元",230
2014,INC_FAM_GOV,10,"15,000-19,999 元",55
2014,INC_FAM_GOV,11,"20,000-29,999 元",24
2014,INC_FAM_GOV,12,"30,000 元及以上，請記錄________元",6
2014,INC_FAM_GOV,13,沒有這項收入,1955
2014,INC_FAM_GOV,NA,NA,1869
2014,INC_FAM_INTEREST,1,999 元及以下,199
2014,INC_FAM_INTEREST,2,"1,000-1,999 元",87
2014,INC_FAM_INTEREST,3,"2,000-2,999 元",41
2014,INC_FAM_INTEREST,4,"3,000-3,999 元",12
2014,INC_FAM_INTEREST,5,"4,000-4,999 元",16
2014,INC_FAM_INTEREST,6,"5,000-5,999 元",10
2014,INC_FAM_INTEREST,7,"6,000-7,999 元",6
2014,INC_FAM_INTEREST,8,"8,000-9,999 元",8
2014,INC_FAM_INTEREST,9,"10,000-14,999 元",23
2014,INC_FAM_INTEREST,11,"20,000-29,999 元",5
2014,INC_FAM_INTEREST,12,"30,000 元及以上，請記錄________元",3
2014,INC_FAM_INTEREST,13,沒有這項收入,2935
2014,INC_FAM_INTEREST,NA,NA,1869
2014,INC_FAM_OTHER,NA,"10,000-14,999元",5
2014,INC_FAM_OTHER,NA,"15,000-19,999元",4
2014,INC_FAM_OTHER,NA,"20,000-24,999元",1
2014,INC_FAM_OTHER,NA,"25,000-29,999元",2
2014,INC_FAM_OTHER,NA,"30,000-39,999元",1
2014,INC_FAM_OTHER,NA,"4,999元及以下",73
2014,INC_FAM_OTHER,NA,"5,000-9,999元",16
2014,INC_FAM_OTHER,NA,"50,000-59,999元",13
2014,INC_FAM_OTHER,NA,沒有這項收入,3230
2014,INC_FAM_OTHER,NA,NA,1869
2014,INC_FAM_RENT,1,"4,999 元及以下",13
2014,INC_FAM_RENT,2,"5,000-9,999 元",12
2014,INC_FAM_RENT,3,"10,000-14,999 元",4
2014,INC_FAM_RENT,4,"15,000-19,999 元",3
2014,INC_FAM_RENT,7,"30,000-39,999 元",1
2014,INC_FAM_RENT,9,"50,000-59,999 元",23
2014,INC_FAM_RENT,12,"80,000 元及以上，請記錄_________________元",2
2014,INC_FAM_RENT,13,沒有這項收入,3287
2014,INC_FAM_RENT,NA,NA,1869
2014,INC_FAM_TOTAL,NA,NA,5214
2014,INC_FAM_TRANSFER,1,999 元及以下,70
2014,INC_FAM_TRANSFER,2,"1,000-1,999 元",38
2014,INC_FAM_TRANSFER,3,"2,000-2,999 元",11
2014,INC_FAM_TRANSFER,4,"3,000-3,999 元",9
2014,INC_FAM_TRANSFER,5,"4,000-4,999 元",5
2014,INC_FAM_TRANSFER,6,"5,000-5,999 元",4
2014,INC_FAM_TRANSFER,7,"6,000-7,999 元",2
2014,INC_FAM_TRANSFER,8,"8,000-9,999 元",3
2014,INC_FAM_TRANSFER,9,"10,000-14,999 元",7
2014,INC_FAM_TRANSFER,11,"20,000-29,999 元",2
2014,INC_FAM_TRANSFER,13,沒有這項收入,3194
2014,INC_FAM_TRANSFER,NA,NA,1869
2014,INC_FAM_WORK,1,"9,999 元及以下",42
2014,INC_FAM_WORK,2,"10,000-19,999 元",112
2014,INC_FAM_WORK,3,"20,000-29,999 元",225
2014,INC_FAM_WORK,4,"30,000-39,999 元",316
2014,INC_FAM_WORK,5,"40,000-49,999 元",419
2014,INC_FAM_WORK,6,"50,000-59,999 元",516
2014,INC_FAM_WORK,7,"60,000-69,999 元",416
2014,INC_FAM_WORK,8,"70,000-79,999 元",364
2014,INC_FAM_WORK,9,"80,000-89,999 元",279
2014,INC_FAM_WORK,10,"90,000-99,999 元",161
2014,INC_FAM_WORK,11,"100,000-129,999元",281
2014,INC_FAM_WORK,12,"130,000-159,999元",84
2014,INC_FAM_WORK,13,"160,000 元及以上，請記錄____________元",39
2014,INC_FAM_WORK,14,沒有這項收入,91
2014,INC_FAM_WORK,NA,NA,1869
2014,INC_PERS_GOV,1,999 元及以下,25
2014,INC_PERS_GOV,2,"1,000-1,999 元",28
2014,INC_PERS_GOV,3,"2,000-2,999 元",38
2014,INC_PERS_GOV,4,"3,000-3,999 元",628
2014,INC_PERS_GOV,5,"4,000-4,999 元",97
2014,INC_PERS_GOV,6,"5,000-5,999 元",31
2014,INC_PERS_GOV,7,"6,000-7,999 元",282
2014,INC_PERS_GOV,8,"8,000-9,999 元",44
2014,INC_PERS_GOV,9,"10,000-14,999 元",87
2014,INC_PERS_GOV,10,"15,000-19,999 元",31
2014,INC_PERS_GOV,11,"20,000-29,999 元",13
2014,INC_PERS_GOV,12,"30,000 元及以上，請記錄________元",6
2014,INC_PERS_GOV,13,沒有這項收入,3904
2014,INC_PERS_INTEREST,1,999 元及以下,276
2014,INC_PERS_INTEREST,2,"1,000-1,999 元",79
2014,INC_PERS_INTEREST,3,"2,000-2,999 元",23
2014,INC_PERS_INTEREST,4,"3,000-3,999 元",23
2014,INC_PERS_INTEREST,5,"4,000-4,999 元",8
2014,INC_PERS_INTEREST,6,"5,000-5,999 元",12
2014,INC_PERS_INTEREST,7,"6,000-7,999 元",8
2014,INC_PERS_INTEREST,8,"8,000-9,999 元",3
2014,INC_PERS_INTEREST,9,"10,000-14,999 元",8
2014,INC_PERS_INTEREST,10,"15,000-19,999 元",1
2014,INC_PERS_INTEREST,11,"20,000-29,999 元",4
2014,INC_PERS_INTEREST,12,"30,000 元及以上，請記錄________元",4
2014,INC_PERS_INTEREST,13,沒有這項收入,4765
2014,INC_PERS_OTHER,1,"4,999 元及以下",126
2014,INC_PERS_OTHER,2,"5,000-9,999 元",25
2014,INC_PERS_OTHER,3,"10,000-14,999 元",15
2014,INC_PERS_OTHER,4,"15,000-19,999 元",5
2014,INC_PERS_OTHER,5,"20,000-24,999 元",3
2014,INC_PERS_OTHER,9,"50,000-59,999 元",4
2014,INC_PERS_OTHER,12,"80,000 元及以上，請記錄_________________元",1
2014,INC_PERS_OTHER,13,沒有這項收入,5035
2014,INC_PERS_RENT,1,"4,999 元及以下",13
2014,INC_PERS_RENT,2,"5,000-9,999 元",14
2014,INC_PERS_RENT,3,"10,000-14,999 元",8
2014,INC_PERS_RENT,4,"15,000-19,999 元",2
2014,INC_PERS_RENT,5,"20,000-24,999 元",1
2014,INC_PERS_RENT,6,"25,000-29,999 元",2
2014,INC_PERS_RENT,9,"50,000-59,999 元",5
2014,INC_PERS_RENT,10,"60,000-69,999 元",1
2014,INC_PERS_RENT,12,"80,000 元及以上，請記錄_________________元",3
2014,INC_PERS_RENT,13,沒有這項收入,5165
2014,INC_PERS_TRANSFER,1,999 元及以下,100
2014,INC_PERS_TRANSFER,2,"1,000-1,999 元",38
2014,INC_PERS_TRANSFER,3,"2,000-2,999 元",22
2014,INC_PERS_TRANSFER,4,"3,000-3,999 元",17
2014,INC_PERS_TRANSFER,5,"4,000-4,999 元",5
2014,INC_PERS_TRANSFER,6,"5,000-5,999 元",16
2014,INC_PERS_TRANSFER,7,"6,000-7,999 元",8
2014,INC_PERS_TRANSFER,8,"8,000-9,999 元",5
2014,INC_PERS_TRANSFER,9,"10,000-14,999 元",21
2014,INC_PERS_TRANSFER,10,"15,000-19,999 元",1
2014,INC_PERS_TRANSFER,11,"20,000-29,999 元",3
2014,INC_PERS_TRANSFER,12,"30,000 元及以上，請記錄________元",2
2014,INC_PERS_TRANSFER,13,沒有這項收入,4976
2014,INC_PERS_WORK,1,"9,999 元及以下",254
2014,INC_PERS_WORK,2,"10,000-14,999 元",281
2014,INC_PERS_WORK,3,"15,000-19,999 元",394
2014,INC_PERS_WORK,4,"20,000-24,999 元",692
2014,INC_PERS_WORK,5,"25,000-29,999 元",571
2014,INC_PERS_WORK,6,"30,000-39,999 元",1071
2014,INC_PERS_WORK,7,"40,000-49,999 元",520
2014,INC_PERS_WORK,8,"50,000-59,999 元",311
2014,INC_PERS_WORK,9,"60,000-69,999 元",144
2014,INC_PERS_WORK,10,"70,000-79,999 元",60
2014,INC_PERS_WORK,11,"80,000-89,999 元",30
2014,INC_PERS_WORK,12,"90,000-99,999 元",7
2014,INC_PERS_WORK,13,"100,000-129,999元",28
2014,INC_PERS_WORK,14,"130,000-159,999元",4
2014,INC_PERS_WORK,15,"160,000 元及以上，請記錄____________元",5
2014,INC_PERS_WORK,16,沒有這項收入,842
2017,INC_FAM_GOV,1,999 元及以下,32
2017,INC_FAM_GOV,2,"1,000-1,999 元",32
2017,INC_FAM_GOV,3,"2,000-2,999 元",93
2017,INC_FAM_GOV,4,"3,000-3,999 元",731
2017,INC_FAM_GOV,5,"4,000-4,999 元",154
2017,INC_FAM_GOV,6,"5,000-5,999 元",65
2017,INC_FAM_GOV,7,"6,000-7,999 元",394
2017,INC_FAM_GOV,8,"8,000-9,999 元",86
2017,INC_FAM_GOV,9,"10,000-14,999 元",179
2017,INC_FAM_GOV,10,"15,000-19,999 元",51
2017,INC_FAM_GOV,11,"20,000-29,999 元",40
2017,INC_FAM_GOV,12,"30,000 元及以上，請記錄________元",16
2017,INC_FAM_GOV,13,沒有這項收入,3429
2017,INC_FAM_INTEREST,1,999 元及以下,564
2017,INC_FAM_INTEREST,2,"1,000-1,999 元",122
2017,INC_FAM_INTEREST,3,"2,000-2,999 元",67
2017,INC_FAM_INTEREST,4,"3,000-3,999 元",22
2017,INC_FAM_INTEREST,5,"4,000-4,999 元",37
2017,INC_FAM_INTEREST,6,"5,000-5,999 元",28
2017,INC_FAM_INTEREST,7,"6,000-7,999 元",8
2017,INC_FAM_INTEREST,8,"8,000-9,999 元",14
2017,INC_FAM_INTEREST,9,"10,000-14,999 元",13
2017,INC_FAM_INTEREST,10,"15,000-19,999 元",7
2017,INC_FAM_INTEREST,11,"20,000-29,999 元",8
2017,INC_FAM_INTEREST,12,"30,000 元及以上，請記錄________元",5
2017,INC_FAM_INTEREST,13,沒有這項收入,4407
2017,INC_FAM_OTHER,NA,"10,000元~未滿15,000元",17
2017,INC_FAM_OTHER,NA,"15,000元~未滿20,000元",8
2017,INC_FAM_OTHER,NA,"20,000元~未滿25,000元",6
2017,INC_FAM_OTHER,NA,"25,000元~未滿30,000元",1
2017,INC_FAM_OTHER,NA,"30,000元~未滿40,000元",2
2017,INC_FAM_OTHER,NA,"40,000元~未滿50,000元",2
2017,INC_FAM_OTHER,NA,"5,000元~未滿10,000元",35
2017,INC_FAM_OTHER,NA,"50,000元~未滿60,000元",2
2017,INC_FAM_OTHER,NA,"60,000元~未滿70,000元",1
2017,INC_FAM_OTHER,NA,"70,000元~未滿80,000元",1
2017,INC_FAM_OTHER,NA,"未滿5,000元",222
2017,INC_FAM_OTHER,NA,沒有這項收入,5005
2017,INC_FAM_RENT,1,"4,999 元及以下",23
2017,INC_FAM_RENT,2,"5,000-9,999 元",24
2017,INC_FAM_RENT,3,"10,000-14,999 元",12
2017,INC_FAM_RENT,4,"15,000-19,999 元",7
2017,INC_FAM_RENT,5,"20,000-24,999 元",9
2017,INC_FAM_RENT,6,"25,000-29,999 元",4
2017,INC_FAM_RENT,7,"30,000-39,999 元",4
2017,INC_FAM_RENT,8,"40,000-49,999 元",1
2017,INC_FAM_RENT,9,"50,000-59,999 元",1
2017,INC_FAM_RENT,10,"60,000-69,999 元",1
2017,INC_FAM_RENT,11,"70,000-79,999 元",4
2017,INC_FAM_RENT,12,"80,000 元及以上，請記錄_________________元",1
2017,INC_FAM_RENT,13,沒有這項收入,5211
2017,INC_FAM_TOTAL,NA,NA,5302
2017,INC_FAM_TRANSFER,1,999 元及以下,248
2017,INC_FAM_TRANSFER,2,"1,000-1,999 元",72
2017,INC_FAM_TRANSFER,3,"2,000-2,999 元",43
2017,INC_FAM_TRANSFER,4,"3,000-3,999 元",17
2017,INC_FAM_TRANSFER,5,"4,000-4,999 元",27
2017,INC_FAM_TRANSFER,6,"5,000-5,999 元",10
2017,INC_FAM_TRANSFER,7,"6,000-7,999 元",7
2017,INC_FAM_TRANSFER,8,"8,000-9,999 元",9
2017,INC_FAM_TRANSFER,9,"10,000-14,999 元",18
2017,INC_FAM_TRANSFER,10,"15,000-19,999 元",5
2017,INC_FAM_TRANSFER,11,"20,000-29,999 元",4
2017,INC_FAM_TRANSFER,12,"30,000 元及以上，請記錄________元",4
2017,INC_FAM_TRANSFER,13,沒有這項收入,4838
2017,INC_FAM_WORK,1,"9,999 元及以下",160
2017,INC_FAM_WORK,2,"10,000-19,999 元",337
2017,INC_FAM_WORK,3,"20,000-29,999 元",672
2017,INC_FAM_WORK,4,"30,000-39,999 元",556
2017,INC_FAM_WORK,5,"40,000-49,999 元",582
2017,INC_FAM_WORK,6,"50,000-59,999 元",579
2017,INC_FAM_WORK,7,"60,000-69,999 元",484
2017,INC_FAM_WORK,8,"70,000-79,999 元",412
2017,INC_FAM_WORK,9,"80,000-89,999 元",291
2017,INC_FAM_WORK,10,"90,000-99,999 元",231
2017,INC_FAM_WORK,11,"100,000-129,999元",403
2017,INC_FAM_WORK,12,"130,000-159,999元",161
2017,INC_FAM_WORK,13,"160,000 元及以上，請記錄____________元",63
2017,INC_FAM_WORK,14,沒有這項收入,371
2017,INC_PERS_GOV,1,999 元及以下,30
2017,INC_PERS_GOV,2,"1,000-1,999 元",27
2017,INC_PERS_GOV,3,"2,000-2,999 元",60
2017,INC_PERS_GOV,4,"3,000-3,999 元",612
2017,INC_PERS_GOV,5,"4,000-4,999 元",116
2017,INC_PERS_GOV,6,"5,000-5,999 元",32
2017,INC_PERS_GOV,7,"6,000-7,999 元",260
2017,INC_PERS_GOV,8,"8,000-9,999 元",36
2017,INC_PERS_GOV,9,"10,000-14,999 元",90
2017,INC_PERS_GOV,10,"15,000-19,999 元",32
2017,INC_PERS_GOV,11,"20,000-29,999 元",22
2017,INC_PERS_GOV,12,"30,000 元及以上，請記錄________元",11
2017,INC_PERS_GOV,13,沒有這項收入,3974
2017,INC_PERS_INTEREST,1,999 元及以下,533
2017,INC_PERS_INTEREST,2,"1,000-1,999 元",83
2017,INC_PERS_INTEREST,3,"2,000-2,999 元",33
2017,INC_PERS_INTEREST,4,"3,000-3,999 元",11
2017,INC_PERS_INTEREST,5,"4,000-4,999 元",20
2017,INC_PERS_INTEREST,6,"5,000-5,999 元",15
2017,INC_PERS_INTEREST,7,"6,000-7,999 元",9
2017,INC_PERS_INTEREST,8,"8,000-9,999 元",8
2017,INC_PERS_INTEREST,9,"10,000-14,999 元",8
2017,INC_PERS_INTEREST,10,"15,000-19,999 元",9
2017,INC_PERS_INTEREST,11,"20,000-29,999 元",8
2017,INC_PERS_INTEREST,12,"30,000 元及以上，請記錄________元",5
2017,INC_PERS_INTEREST,13,沒有這項收入,4560
2017,INC_PERS_OTHER,1,"4,999 元及以下",186
2017,INC_PERS_OTHER,2,"5,000-9,999 元",32
2017,INC_PERS_OTHER,3,"10,000-14,999 元",16
2017,INC_PERS_OTHER,4,"15,000-19,999 元",13
2017,INC_PERS_OTHER,5,"20,000-24,999 元",5
2017,INC_PERS_OTHER,6,"25,000-29,999 元",1
2017,INC_PERS_OTHER,7,"30,000-39,999 元",3
2017,INC_PERS_OTHER,8,"40,000-49,999 元",2
2017,INC_PERS_OTHER,9,"50,000-59,999 元",1
2017,INC_PERS_OTHER,10,"60,000-69,999 元",1
2017,INC_PERS_OTHER,11,"70,000-79,999 元",1
2017,INC_PERS_OTHER,13,沒有這項收入,5041
2017,INC_PERS_RENT,1,"4,999 元及以下",24
2017,INC_PERS_RENT,2,"5,000-9,999 元",22
2017,INC_PERS_RENT,3,"10,000-14,999 元",7
2017,INC_PERS_RENT,4,"15,000-19,999 元",8
2017,INC_PERS_RENT,5,"20,000-24,999 元",4
2017,INC_PERS_RENT,6,"25,000-29,999 元",3
2017,INC_PERS_RENT,7,"30,000-39,999 元",4
2017,INC_PERS_RENT,8,"40,000-49,999 元",1
2017,INC_PERS_RENT,9,"50,000-59,999 元",1
2017,INC_PERS_RENT,11,"70,000-79,999 元",3
2017,INC_PERS_RENT,12,"80,000 元及以上，請記錄_________________元",1
2017,INC_PERS_RENT,13,沒有這項收入,5224
2017,INC_PERS_TRANSFER,1,999 元及以下,250
2017,INC_PERS_TRANSFER,2,"1,000-1,999 元",68
2017,INC_PERS_TRANSFER,3,"2,000-2,999 元",38
2017,INC_PERS_TRANSFER,4,"3,000-3,999 元",23
2017,INC_PERS_TRANSFER,5,"4,000-4,999 元",21
2017,INC_PERS_TRANSFER,6,"5,000-5,999 元",14
2017,INC_PERS_TRANSFER,7,"6,000-7,999 元",9
2017,INC_PERS_TRANSFER,8,"8,000-9,999 元",10
2017,INC_PERS_TRANSFER,9,"10,000-14,999 元",9
2017,INC_PERS_TRANSFER,10,"15,000-19,999 元",6
2017,INC_PERS_TRANSFER,11,"20,000-29,999 元",3
2017,INC_PERS_TRANSFER,12,"30,000 元及以上，請記錄________元",1
2017,INC_PERS_TRANSFER,13,沒有這項收入,4850
2017,INC_PERS_WORK,1,"9,999 元及以下",261
2017,INC_PERS_WORK,2,"10,000-14,999 元",261
2017,INC_PERS_WORK,3,"15,000-19,999 元",347
2017,INC_PERS_WORK,4,"20,000-24,999 元",646
2017,INC_PERS_WORK,5,"25,000-29,999 元",656
2017,INC_PERS_WORK,6,"30,000-39,999 元",1118
2017,INC_PERS_WORK,7,"40,000-49,999 元",645
2017,INC_PERS_WORK,8,"50,000-59,999 元",349
2017,INC_PERS_WORK,9,"60,000-69,999 元",165
2017,INC_PERS_WORK,10,"70,000-79,999 元",77
2017,INC_PERS_WORK,11,"80,000-89,999 元",47
2017,INC_PERS_WORK,12,"90,000-99,999 元",19
2017,INC_PERS_WORK,13,"100,000-129,999元",33
2017,INC_PERS_WORK,14,"130,000-159,999元",15
2017,INC_PERS_WORK,15,"160,000 元及以上，請記錄____________元",9
2017,INC_PERS_WORK,16,沒有這項收入,654
2021,INC_FAM_GOV,1,999 元及以下,82
2021,INC_FAM_GOV,2,"1,000-1,999 元",71
2021,INC_FAM_GOV,3,"2,000-2,999 元",106
2021,INC_FAM_GOV,4,"3,000-3,999 元",714
2021,INC_FAM_GOV,5,"4,000-4,999 元",284
2021,INC_FAM_GOV,6,"5,000-5,999 元",223
2021,INC_FAM_GOV,7,"6,000-7,999 元",550
2021,INC_FAM_GOV,8,"8,000-9,999 元",196
2021,INC_FAM_GOV,9,"10,000-14,999 元",288
2021,INC_FAM_GOV,10,"15,000-19,999 元",100
2021,INC_FAM_GOV,11,"20,000-29,999 元",78
2021,INC_FAM_GOV,12,"30,000 元及以上，請記錄________元",15
2021,INC_FAM_GOV,13,沒有這項收入,2702
2021,INC_FAM_INTEREST,1,999 元及以下,1073
2021,INC_FAM_INTEREST,2,"1,000-1,999 元",178
2021,INC_FAM_INTEREST,3,"2,000-2,999 元",85
2021,INC_FAM_INTEREST,4,"3,000-3,999 元",35
2021,INC_FAM_INTEREST,5,"4,000-4,999 元",36
2021,INC_FAM_INTEREST,6,"5,000-5,999 元",23
2021,INC_FAM_INTEREST,7,"6,000-7,999 元",12
2021,INC_FAM_INTEREST,8,"8,000-9,999 元",22
2021,INC_FAM_INTEREST,9,"10,000-14,999 元",49
2021,INC_FAM_INTEREST,10,"15,000-19,999 元",7
2021,INC_FAM_INTEREST,11,"20,000-29,999 元",4
2021,INC_FAM_INTEREST,12,"30,000 元及以上，請記錄________元",6
2021,INC_FAM_INTEREST,13,沒有這項收入,3879
2021,INC_FAM_OTHER,NA,"10,000元-未滿15,000元",22
2021,INC_FAM_OTHER,NA,"15,000元-未滿20,000元",5
2021,INC_FAM_OTHER,NA,"20,000元-未滿25,000元",13
2021,INC_FAM_OTHER,NA,"25,000元-未滿30,000元",6
2021,INC_FAM_OTHER,NA,"30,000元-未滿40,000元",2
2021,INC_FAM_OTHER,NA,"40,000元-未滿50,000元",1
2021,INC_FAM_OTHER,NA,"5,000元-未滿10,000元",42
2021,INC_FAM_OTHER,NA,"50,000元-未滿60,000元",42
2021,INC_FAM_OTHER,NA,"70,000元-未滿80,000元",3
2021,INC_FAM_OTHER,NA,"未滿5,000元",229
2021,INC_FAM_OTHER,NA,沒有這項收入,5044
2021,INC_FAM_RENT,1,"4,999 元及以下",65
2021,INC_FAM_RENT,2,"5,000-9,999 元",40
2021,INC_FAM_RENT,3,"10,000-14,999 元",22
2021,INC_FAM_RENT,4,"15,000-19,999 元",11
2021,INC_FAM_RENT,5,"20,000-24,999 元",9
2021,INC_FAM_RENT,6,"25,000-29,999 元",4
2021,INC_FAM_RENT,7,"30,000-39,999 元",4
2021,INC_FAM_RENT,8,"40,000-49,999 元",4
2021,INC_FAM_RENT,9,"50,000-59,999 元",21
2021,INC_FAM_RENT,11,"70,000-79,999 元",1
2021,INC_FAM_RENT,12,"80,000 元及以上，請記錄_________________元",1
2021,INC_FAM_RENT,13,沒有這項收入,5227
2021,INC_FAM_TOTAL,NA,NA,5409
2021,INC_FAM_TRANSFER,1,999 元及以下,267
2021,INC_FAM_TRANSFER,2,"1,000-1,999 元",163
2021,INC_FAM_TRANSFER,3,"2,000-2,999 元",68
2021,INC_FAM_TRANSFER,4,"3,000-3,999 元",30
2021,INC_FAM_TRANSFER,5,"4,000-4,999 元",27
2021,INC_FAM_TRANSFER,6,"5,000-5,999 元",14
2021,INC_FAM_TRANSFER,7,"6,000-7,999 元",13
2021,INC_FAM_TRANSFER,8,"8,000-9,999 元",12
2021,INC_FAM_TRANSFER,9,"10,000-14,999 元",14
2021,INC_FAM_TRANSFER,10,"15,000-19,999 元",8
2021,INC_FAM_TRANSFER,11,"20,000-29,999 元",8
2021,INC_FAM_TRANSFER,12,"30,000 元及以上，請記錄________元",2
2021,INC_FAM_TRANSFER,13,沒有這項收入,4783
2021,INC_FAM_WORK,1,"9,999 元及以下",180
2021,INC_FAM_WORK,2,"10,000-19,999 元",356
2021,INC_FAM_WORK,3,"20,000-29,999 元",529
2021,INC_FAM_WORK,4,"30,000-39,999 元",631
2021,INC_FAM_WORK,5,"40,000-49,999 元",598
2021,INC_FAM_WORK,6,"50,000-59,999 元",607
2021,INC_FAM_WORK,7,"60,000-69,999 元",485
2021,INC_FAM_WORK,8,"70,000-79,999 元",430
2021,INC_FAM_WORK,9,"80,000-89,999 元",338
2021,INC_FAM_WORK,10,"90,000-99,999 元",270
2021,INC_FAM_WORK,11,"100,000-129,999元",356
2021,INC_FAM_WORK,12,"130,000-159,999元",228
2021,INC_FAM_WORK,13,"160,000 元及以上，請記錄____________元",84
2021,INC_FAM_WORK,14,沒有這項收入,317
2021,INC_PERS_GOV,1,999 元及以下,101
2021,INC_PERS_GOV,2,"1,000-1,999 元",55
2021,INC_PERS_GOV,3,"2,000-2,999 元",56
2021,INC_PERS_GOV,4,"3,000-3,999 元",603
2021,INC_PERS_GOV,5,"4,000-4,999 元",178
2021,INC_PERS_GOV,6,"5,000-5,999 元",85
2021,INC_PERS_GOV,7,"6,000-7,999 元",297
2021,INC_PERS_GOV,8,"8,000-9,999 元",78
2021,INC_PERS_GOV,9,"10,000-14,999 元",87
2021,INC_PERS_GOV,10,"15,000-19,999 元",39
2021,INC_PERS_GOV,11,"20,000-29,999 元",36
2021,INC_PERS_GOV,12,"30,000 元及以上，請記錄________元",3
2021,INC_PERS_GOV,13,沒有這項收入,3791
2021,INC_PERS_INTEREST,1,999 元及以下,946
2021,INC_PERS_INTEREST,2,"1,000-1,999 元",113
2021,INC_PERS_INTEREST,3,"2,000-2,999 元",52
2021,INC_PERS_INTEREST,4,"3,000-3,999 元",21
2021,INC_PERS_INTEREST,5,"4,000-4,999 元",23
2021,INC_PERS_INTEREST,6,"5,000-5,999 元",15
2021,INC_PERS_INTEREST,7,"6,000-7,999 元",4
2021,INC_PERS_INTEREST,8,"8,000-9,999 元",12
2021,INC_PERS_INTEREST,9,"10,000-14,999 元",26
2021,INC_PERS_INTEREST,10,"15,000-19,999 元",6
2021,INC_PERS_INTEREST,11,"20,000-29,999 元",3
2021,INC_PERS_INTEREST,12,"30,000 元及以上，請記錄________元",3
2021,INC_PERS_INTEREST,13,沒有這項收入,4185
2021,INC_PERS_OTHER,1,"4,999 元及以下",179
2021,INC_PERS_OTHER,2,"5,000-9,999 元",34
2021,INC_PERS_OTHER,3,"10,000-14,999 元",14
2021,INC_PERS_OTHER,4,"15,000-19,999 元",3
2021,INC_PERS_OTHER,5,"20,000-24,999 元",11
2021,INC_PERS_OTHER,6,"25,000-29,999 元",3
2021,INC_PERS_OTHER,7,"30,000-39,999 元",1
2021,INC_PERS_OTHER,8,"40,000-49,999 元",1
2021,INC_PERS_OTHER,9,"50,000-59,999 元",8
2021,INC_PERS_OTHER,11,"70,000-79,999 元",1
2021,INC_PERS_OTHER,13,沒有這項收入,5154
2021,INC_PERS_RENT,1,"4,999 元及以下",53
2021,INC_PERS_RENT,2,"5,000-9,999 元",25
2021,INC_PERS_RENT,3,"10,000-14,999 元",17
2021,INC_PERS_RENT,4,"15,000-19,999 元",4
2021,INC_PERS_RENT,5,"20,000-24,999 元",6
2021,INC_PERS_RENT,6,"25,000-29,999 元",3
2021,INC_PERS_RENT,7,"30,000-39,999 元",4
2021,INC_PERS_RENT,8,"40,000-49,999 元",2
2021,INC_PERS_RENT,9,"50,000-59,999 元",11
2021,INC_PERS_RENT,11,"70,000-79,999 元",1
2021,INC_PERS_RENT,12,"80,000 元及以上，請記錄_________________元",1
2021,INC_PERS_RENT,13,沒有這項收入,5282
2021,INC_PERS_TRANSFER,1,999 元及以下,196
2021,INC_PERS_TRANSFER,2,"1,000-1,999 元",114
2021,INC_PERS_TRANSFER,3,"2,000-2,999 元",41
2021,INC_PERS_TRANSFER,4,"3,000-3,999 元",12
2021,INC_PERS_TRANSFER,5,"4,000-4,999 元",18
2021,INC_PERS_TRANSFER,6,"5,000-5,999 元",11
2021,INC_PERS_TRANSFER,7,"6,000-7,999 元",5
2021,INC_PERS_TRANSFER,8,"8,000-9,999 元",6
2021,INC_PERS_TRANSFER,9,"10,000-14,999 元",12
2021,INC_PERS_TRANSFER,10,"15,000-19,999 元",4
2021,INC_PERS_TRANSFER,11,"20,000-29,999 元",4
2021,INC_PERS_TRANSFER,12,"30,000 元及以上，請記錄________元",2
2021,INC_PERS_TRANSFER,13,沒有這項收入,4984
2021,INC_PERS_WORK,1,"9,999 元及以下",279
2021,INC_PERS_WORK,2,"10,000-14,999 元",323
2021,INC_PERS_WORK,3,"15,000-19,999 元",276
2021,INC_PERS_WORK,4,"20,000-24,999 元",406
2021,INC_PERS_WORK,5,"25,000-29,999 元",819
2021,INC_PERS_WORK,6,"30,000-39,999 元",1163
2021,INC_PERS_WORK,7,"40,000-49,999 元",693
2021,INC_PERS_WORK,8,"50,000-59,999 元",401
2021,INC_PERS_WORK,9,"60,000-69,999 元",148
2021,INC_PERS_WORK,10,"70,000-79,999 元",93
2021,INC_PERS_WORK,11,"80,000-89,999 元",43
2021,INC_PERS_WORK,12,"90,000-99,999 元",51
2021,INC_PERS_WORK,13,"100,000-129,999元",47
2021,INC_PERS_WORK,14,"130,000-159,999元",13
2021,INC_PERS_WORK,15,"160,000 元及以上，請記錄____________元",18
2021,INC_PERS_WORK,16,沒有這項收入,636
