variable,label,type,source
w,樣本權數,numeric,106
no,流水編,numeric,106
city,縣市,haven_labelled,106
county2,戶籍地完整鄉鎮市區,haven_labelled,106
level,層別,haven_labelled,106
f1,F1.目前與您「同戶籍」且「共同生活」的有幾個人(包括自己且不限原住民)?,haven_labelled,106
f1_1_1,F1-1-1.與您同戶籍且共同生活的人(包括自己且不限原住民)，6歲以下的原住民有幾位?,haven_labelled,106
f1_1_2,F1-1-2.與您同戶籍且共同生活的人(包括自己且不限原住民)，7-15歲的原住民有幾位?,haven_labelled,106
f1_1_3,F1-1-3.與您同戶籍且共同生活的人(包括自己且不限原住民)，16-54歲的原住民有幾位?,haven_labelled,106
f1_1_4,F1-1-4.與您同戶籍且共同生活的人(包括自己且不限原住民)，55-64歲的原住民有幾位?,haven_labelled,106
f1_1_5,F1-1-5.與您同戶籍且共同生活的人(包括自己且不限原住民)，65歲以上的原住民有幾位?,haven_labelled,106
f1_1_6,F1-6-5.與您同戶籍且共同生活的人(包括自己且不限原住民)，原住民總計有幾位?,haven_labelled,106
f1_1_7,F1-1-7.與您同戶籍且共同生活的人(包括自己且不限原住民)，6歲以下的非原住民有幾位?,haven_labelled,106
f1_1_8,F1-1-8.與您同戶籍且共同生活的人(包括自己且不限原住民)，7-15歲的非原住民有幾位?,haven_labelled,106
f1_1_9,F1-1-9.與您同戶籍且共同生活的人(包括自己且不限原住民)，16-54歲的非原住民有幾位?,haven_labelled,106
f1_1_10,F1-1-10.與您同戶籍且共同生活的人(包括自己且不限原住民)，55-64歲的非原住民有幾位?,haven_labelled,106
f1_1_11,F1-1-11.與您同戶籍且共同生活的人(包括自己且不限原住民)，65歲以上的非原住民有幾位?,haven_labelled,106
f1_1_12,F1-1-12.與您同戶籍且共同生活的人(包括自己且不限原住民)，非原住民總計有幾位?,haven_labelled,106
f2,F2.目前與您「同戶籍」，但「沒有住在一起」、「有經濟依賴關係」的有幾個人?,haven_labelled,106
f3,F3.目前與您「不同戶籍」，但「有住在一起」的有幾個人?,haven_labelled,106
f4_1,F4.您家庭的主要經濟來源是什麼(複選，超過總收入五分之一者皆算入主要經濟來源)?來源一,haven_labelled,106
f4_2,F4.您家庭的主要經濟來源是什麼(複選，超過總收入五分之一者皆算入主要經濟來源)?來源二,haven_labelled,106
f4_3,F4.您家庭的主要經濟來源是什麼(複選，超過總收入五分之一者皆算入主要經濟來源)?來源三,haven_labelled,106
f4_4,F4.您家庭的主要經濟來源是什麼(複選，超過總收入五分之一者皆算入主要經濟來源)?來源四,haven_labelled,106
f4o,F4.您家庭的主要經濟來源是什麼(複選，超過總收入五分之一者皆算入主要經濟來源)?其他，,character,106
g1,G1.經濟戶長性別?,haven_labelled,106
g2,G2.經濟戶長今年幾歲?,haven_labelled,106
g3,G3.經濟戶長教育程度?,haven_labelled,106
g4,G4.經濟戶長需不需要負責家計?,haven_labelled,106
g5,G5.經濟戶長所屬的族別?,haven_labelled,106
g6,G6.經濟戶長的配偶屬於以下那種身分?,haven_labelled,106
g6_1,G6-1.經濟戶長的先生/太太所屬的族別?,haven_labelled,106
g6_n,G6.經濟戶長的配偶屬於以下那種身分：新住民(國籍：__),character,106
g7,G7.經濟戶長從事的行業?,haven_labelled,106
g8,G8.經濟戶長從事的行業有沒有透過創意將原住民文化元素運用或展現在產品或服務中?,haven_labelled,106
g9,G9.經濟戶長從事的原住民文化創意產業性質為何?,haven_labelled,106
g9_o,G9.經濟戶長從事的原住民文化創意產業性質為何?其他(請說明),character,106
h1,H1.您現在住的房子是屬於誰的?,haven_labelled,106
h1o,H1.您現在住的房子是屬於誰的?其他，請說明__,character,106
h2,H2.若房子為租賃/配住者(H1回答3、4、5者)，您每個月的房屋租金是多少?[回答完跳答I部分],haven_labelled,106
h2o,"H2.若房子為租賃/配住者(H1回答3、4、5者)，您每個月的房屋租金是多少?(11)20,000元以上，請紀",character,106
h3,H3.您現在住的房子是什麼時候購買/搭建的?民國__年,numeric,106
h4,H4.您現在住的房子樓地板面積是多少?__坪,numeric,106
h5,H5.您現在住的房子如果出租的話，租金會是多少?__元,numeric,106
h6,H6.您們家目前有沒有房屋貸款?,haven_labelled,106
h6_1_1,H6-1.您們家目前有房屋貸款，是向哪些單位借房屋貸款(複選)?單位一,haven_labelled,106
h6_1_2,H6-1.您們家目前有房屋貸款，是向哪些單位借房屋貸款(複選)?單位二,haven_labelled,106
h6_1o,H6-1.您們家目前有房屋貸款，是向哪些單位借房屋貸款(複選)?其他(請說明),character,106
h6_2,H6-2.您家中目前的房屋貸款總共借(貸)了多少錢?,haven_labelled,106
h6_2o,"H6-2.您家中目前的房屋貸款總共借(貸)了多少錢?(13)1,000萬元及以上，請紀錄__萬元",numeric,106
h6_3,H6-3.您家中每個月房屋貸款要繳多少錢(過去一年平均每個月的繳款金額)?,haven_labelled,106
h6_3o,"H6-3.您家中每個月房屋貸款要繳多少錢?(11)70,000元及以上，請紀錄__元",numeric,106
i1,I1.經濟戶長有沒有信用貸款、車貸、信用卡、現金卡、擔保貸款、就學貸款等消費性貸款呢?,haven_labelled,106
i1_1_1,I1.經濟戶長向哪些單位借信用貸款、車貸、信用卡、現金卡、擔保貸款、就學貸款等消費性,haven_labelled,106
i1_1_2,I1.經濟戶長向哪些單位借信用貸款、車貸、信用卡、現金卡、擔保貸款、就學貸款等消費性,haven_labelled,106
i1_1o,I1.經濟戶長向哪些單位借信用貸款、車貸、信用卡、現金卡、擔保貸款、就學貸款等消費性,character,106
i1_2,I1-2.經濟戶長的信用貸款、車貸、信用卡、現金卡、擔保貸款、就學貸款等消費性貸款總共,haven_labelled,106
i1_2o,I1-2.經濟戶長的信用貸款、車貸、信用卡、現金卡、擔保貸款、就學貸款等消費性貸款總共,numeric,106
i1_3,I1-3.經濟戶長每個月要繳納的信用貸款、車貸、信用卡、現金卡、擔保貸款、就學貸款等的,haven_labelled,106
i1_3o,I1-3.經濟戶長每個月要繳納的信用貸款、車貸、信用卡、現金卡、擔保貸款、就學貸款等的,numeric,106
i2,I2.經濟戶長有沒有創業貸款?,haven_labelled,106
i2_1_1,I2-1.經濟戶長向哪些單位申請或借創業貸款(複選)?單位一,haven_labelled,106
i2_1_2,I2-1.經濟戶長向哪些單位申請或借創業貸款(複選)?單位二,haven_labelled,106
i2_1o,I2-1.經濟戶長向哪些單位申請或借創業貸款(複選)?(5)其他(請說明),character,106
i2_2,I2-2.經濟戶長的創業貸款總共借了多少錢?,haven_labelled,106
i2_2o,"I2-2.經濟戶長的創業貸款總共借了多少錢?(13)1,000萬元及以上，請記錄__萬元",numeric,106
i2_3,I2-3.經濟戶長每個月要繳納的創業貸款總共是多少?【過去一年平均每個月的金額】,haven_labelled,106
i2_3o,"I2-3.經濟戶長每個月要繳納的創業貸款總共是多少?(14)70,000元以上，請記錄__元",numeric,106
i3,I3.經濟戶長有沒有向親友、雇主、店家等借錢、預支薪水或賒帳等情形?,haven_labelled,106
i3_1,I3-1.經濟戶長向親友、雇主、店家等借錢、預支薪水、賒帳的金額大約多少?,haven_labelled,106
i3_1o,"I3-1.經濟戶長向親友、雇主、店家等借錢、預支薪水、賒帳的金額大約多少?(16)100,000元以上",numeric,106
i3_2,I3-2.經濟戶長每個月要還款的金額，總共是多少?(私人借貸，例如向親友錢買房車)【過去一,haven_labelled,106
i3_2o,"I3-2.經濟戶長每個月要還款的金額，總共是多少?(私人借貸，例如向親友錢買房車)(14)70,000元",numeric,106
i4,I4.除了消費性貸款、創業貸款、私人借貸，經濟戶長有沒有其他貸款?,haven_labelled,106
i4_1_1,I4-1.經濟戶長向哪些單位借貸(複選)?單位一,haven_labelled,106
i4_1_2,I4-1.經濟戶長向哪些單位借貸(複選)?單位二,haven_labelled,106
i4_1o,I4-1.經濟戶長向哪些單位借貸(複選)?(4)其他(請說明),character,106
i4_2,I4-2.經濟戶長的其他貸款總共借了多少錢?,haven_labelled,106
i4_2o,"I4-2.經濟戶長的其他貸款總共借了多少錢?(13)1,000萬元以上，請記錄__萬元",numeric,106
i4_3,I4-3.經濟戶長每個月要繳納的其他貸款總共是多少?【過去一年平均每個月的金額】,haven_labelled,106
i4_3o,"I4-3.經濟戶長每個月要繳納的其他貸款總共是多少?(14)70,000元，請記錄__元",numeric,106
j1,J1.經濟戶長個人每個月「工作薪水、兼差薪水、加班費、退休金、年終獎金，以及從事農林,haven_labelled,106
j1_o,J1.經濟戶長個人每個月「工作薪水、兼差薪水、加班費、退休金、年終獎金，以及從事農林,numeric,106
j2,J2.經濟戶長個人每個月接受「政府津貼補助、各種社會保險、私人保險受益」收入總共是多,haven_labelled,106
j2_o,J2.經濟戶長個人每個月接受「政府津貼補助、各種社會保險、私人保險受益」收入總共是多,numeric,106
j3,J3.經濟戶長個人每個月「紅白包禮金、私人發給救濟金/慰問金/獎助學金、向私人借住房屋,haven_labelled,106
j3_o,J3.經濟戶長個人每個月「紅白包禮金、私人發給救濟金/慰問金/獎助學金、向私人借住房屋,numeric,106
j4,J4.經濟戶長個人每個月的「存款利息、跟會利息、股票利息、各種投資利息」收入總共是多,haven_labelled,106
j4_o,J4.經濟戶長個人每個月的「存款利息、跟會利息、股票利息、各種投資利息」收入總共是多,numeric,106
j5,J5.經濟戶長個人每個月的「房屋、土地出租租金」收入總共是多少?【過去一年平均每個月的,haven_labelled,106
j5_o,"J5.經濟戶長個人每個月的「房屋、土地出租租金」收入總共是多少?(12)80,000元以上，請記錄__",numeric,106
j6,J6.除了以上這些收入以外，經濟戶長個人每個月「其他雜項」收入總共是多少?【過去一年平,haven_labelled,106
j6_o,"J6.除了以上這些收入以外，經濟戶長個人每個月「其他雜項」收入總共是多少?(12)80,000元以",numeric,106
k1_1_a,K1.經濟戶長目前有從事以下哪些投資嗎(複選)?投資一,haven_labelled,106
k1_2_b,K1.經濟戶長目前有從事以下哪些投資嗎(複選)?投資二,haven_labelled,106
k1_3_c,K1.經濟戶長目前有從事以下哪些投資嗎(複選)?投資三,haven_labelled,106
k1_4_d,K1.經濟戶長目前有從事以下哪些投資嗎(複選)?投資四,haven_labelled,106
k1_5_e,K1.經濟戶長目前有從事以下哪些投資嗎(複選)?投資五,haven_labelled,106
k1_6_f,K1.經濟戶長目前有從事以下哪些投資嗎(複選)?投資六,haven_labelled,106
k1_7_g,K1.經濟戶長目前有從事以下哪些投資嗎(複選)?投資七,haven_labelled,106
k1_o,K1.經濟戶長目前有從事以下哪些投資嗎(複選)?(11)其他，請說明__,character,106
k1_1,K1-1.經濟戶長每個月用於投資的金額是多少?,haven_labelled,106
k1_1o,"K1-1.經濟戶長每個月用於投資的金額是多少?(16)100,000元以上，請記錄__元",numeric,106
k2,K2.經濟戶長每個月可以儲蓄(存錢)的金額是多少?,haven_labelled,106
k2_o,"K2.經濟戶長每個月可以儲蓄(存錢)的金額是多少?(13)100,000元以上，請記錄__元",numeric,106
k3_1,K3.除了經濟戶長本人，其他家人目前有從事以下哪些投資嗎(複選)?投資一,haven_labelled,106
k3_2,K3.除了經濟戶長本人，其他家人目前有從事以下哪些投資嗎(複選)?投資二,haven_labelled,106
k3_3,K3.除了經濟戶長本人，其他家人目前有從事以下哪些投資嗎(複選)?投資三,haven_labelled,106
k3_4,K3.除了經濟戶長本人，其他家人目前有從事以下哪些投資嗎(複選)?投資四,haven_labelled,106
k3_5,K3.除了經濟戶長本人，其他家人目前有從事以下哪些投資嗎(複選)?投資五,haven_labelled,106
k3_6,K3.除了經濟戶長本人，其他家人目前有從事以下哪些投資嗎(複選)?投資六,haven_labelled,106
k3_7,K3.除了經濟戶長本人，其他家人目前有從事以下哪些投資嗎(複選)?投資七,haven_labelled,106
k3_o,K3.除了經濟戶長本人，其他家人目前有從事以下哪些投資嗎(複選)?(11)其他，請說明,character,106
l1,L1.除了經濟戶長本人以外，家裡有沒有「其他家人」有固定收入?,haven_labelled,106
l1o,L1.除了經濟戶長本人以外，家裡有沒有「其他家人」有固定收入?(1)有，共__位,numeric,106
l2,L2.除了經濟戶長本人以外，這些有固定收入的家人中，具有原住民身分者有幾位?,haven_labelled,106
l2o,L2.除了經濟戶長本人以外，這些有固定收入的家人中，具有原住民身分者有幾位?(1)有具原住,numeric,106
l3,L3.包含經濟戶長本人，全家每個月的「工作薪水、兼差薪水、加班費、退休金，或是從事農,haven_labelled,106
l3o,L3.包含經濟戶長本人，全家每個月的「工作薪水、兼差薪水、加班費、退休金，或是從事農,numeric,106
l4,L4.包含經濟戶長本人，全家每個月接受「政府發給津貼、補助、各種社會保險、私人保險」,haven_labelled,106
l4o,L4.包含經濟戶長本人，全家每個月接受「政府發給津貼、補助、各種社會保險、私人保險」,numeric,106
l5,L5.包含經濟戶長本人，全家每個月接受「紅白包禮金、私人發給救濟金/慰問金/獎助學金、,haven_labelled,106
l5o,L5.包含經濟戶長本人，全家每個月接受「紅白包禮金、私人發給救濟金/慰問金/獎助學金、,numeric,106
l6,L6.包含經濟戶長本人，全家每個月的「存款利息、跟會利息、股票利息、各種投資利息」總,haven_labelled,106
l6o,L6.包含經濟戶長本人，全家每個月的「存款利息、跟會利息、股票利息、各種投資利息」總,numeric,106
l7,L7.包含經濟戶長本人，全家每個月的「房屋、土地出租租金」收入總共是多少?【過去一年平,haven_labelled,106
l7o,"L7.包含經濟戶長本人，全家每個月的「房屋、土地出租租金」收入總共是多少?(12)80,000元以",numeric,106
l8,L8.包含經濟戶長本人，全家每個月除了以上這些收入以外的「其他雜項」收入總共是多少?【,haven_labelled,106
l8o,L8.包含經濟戶長本人，全家每個月除了以上這些收入以外的「其他雜項」收入總共是多少?(12,numeric,106
l9,L9.家中有沒有戶籍不在這裡，也沒有居住在這裡，但每個月或定期會提供家裡金錢的家人?,haven_labelled,106
l10,L10.家中有戶籍不在這裡，也沒有居住在這裡，但每個月或定期會提供家裡金錢的家人有幾位,numeric,106
l11,L11.這幾位家人平均每個月提供的總金額大約多少錢?__元,numeric,106
m1,M1.您全家每個月用在支付「買米/肉/菜、水果、非酒精飲料費、糖果零食等」的費用是多少?,haven_labelled,106
m1o,M1.您全家每個月用在支付「買米/肉/菜、水果、非酒精飲料費、糖果零食等」的費用是多少?(,numeric,106
m2,M2.您全家每個月用在支付「房租、水電瓦斯、住宅裝修、建築物保險等」的費用是多少?【過,haven_labelled,106
m2o,M2.您全家每個月用在支付「房租、水電瓦斯、住宅裝修、建築物保險等」的費用是多少?(15)70,numeric,106
m3,M3.您全家每個月用在支付「上下班上下學通勤、搭乘交通工具、汽機車保養/油錢、汽機車保,haven_labelled,106
m3o,M3.您全家每個月用在支付「上下班上下學通勤、搭乘交通工具、汽機車保養/油錢、汽機車保,numeric,106
m4,M4.您全家每個月用在支付「看病就醫、繳醫療保險費、購買醫療用品/設備等」的費用是多少,haven_labelled,106
m4o,M4.您全家每個月用在支付「看病就醫、繳醫療保險費、購買醫療用品/設備等」的費用是多少,numeric,106
m5,M5.您全家每個月用在支付「抽煙、飲酒、吃檳榔等」的費用是多少?【過去一年平均每個月的,haven_labelled,106
m5o,"M5.您全家每個月用在支付「抽煙、飲酒、吃檳榔等」的費用是多少?(12)30,000元以上，請記錄__",numeric,106
m6,M6.您全家每個月用在支付「繳各種稅、勞健保、農漁保險、買彩券、紅白包禮金、捐款」的,haven_labelled,106
m6o,M6.您全家每個月用在支付「繳各種稅、勞健保、農漁保險、買彩券、紅白包禮金、捐款」的,numeric,106
m7_1_1,M7-1.您家庭過去一年有沒有以下支出(複選)?請家庭佣人(打掃家庭/洗衣洗碗),haven_labelled,106
m7_1_2,M7-1.您家庭過去一年平均每個月支出金額：請家庭佣人(打掃家庭/洗衣洗碗),haven_labelled,106
m7_1_2o,"M7-1.您家庭過去一年平均每個月支出金額：請家庭佣人(打掃家庭/洗衣洗碗)(11)30,000元以上，",numeric,106
m7_2_1,M7-2.您家庭過去一年有沒有以下支出(複選)?各項學費/補習費/家教費,haven_labelled,106
m7_2_2,M7-2.您家庭過去一年平均每個月支出金額：各項學費/補習費/家教費,haven_labelled,106
m7_2_2o,"M7-2.您家庭過去一年平均每個月支出金額：各項學費/補習費/家教費(11)30,000元以上，請記錄__",numeric,106
m7_3_1,M7-3.您家庭過去一年有沒有以下支出(複選)?報紙雜誌書籍文具,haven_labelled,106
m7_3_2,M7-3.您家庭過去一年平均每個月支出金額：報紙雜誌書籍文具,haven_labelled,106
m7_3_2o,"M7-3.您家庭過去一年平均每個月支出金額：報紙雜誌書籍文具(11)30,000元以上，請記錄__元",numeric,106
m7_4_1,M7-4.您家庭過去一年有沒有以下支出(複選)?國內外跟團旅遊/運動/電影/展覽/音樂會,haven_labelled,106
m7_4_2,M7-4.您家庭過去一年平均每個月支出金額：國內外跟團旅遊/運動/電影/展覽/音樂會,haven_labelled,106
m7_4_2o,"M7-4.您家庭過去一年平均每個月支出金額：國內外跟團旅遊/運動/電影/展覽/音樂會(11)30,000元",numeric,106
m7_5_1,M7-5.您家庭過去一年有沒有以下支出(複選)?各項貸款/跟會的利息,haven_labelled,106
m7_5_2,M7-5.您家庭過去一年平均每個月支出金額：各項貸款/跟會的利息,haven_labelled,106
m7_5_2o,"M7-5.您家庭過去一年平均每個月支出金額：各項貸款/跟會的利息(11)30,000元以上，請記錄__元",numeric,106
m7_6_1,M7-6.您家庭過去一年有沒有以下支出(複選)?外食費/學生住宿費/自助旅行住宿服務費,haven_labelled,106
m7_6_2,M7-6.您家庭過去一年平均每個月支出金額：外食費/學生住宿費/自助旅行住宿服務費,haven_labelled,106
m7_6_2o,"M7-6.您家庭過去一年平均每個月支出金額：外食費/學生住宿費/自助旅行住宿服務費(11)30,000",numeric,106
m7_7_1,M7-7.您家庭過去一年有沒有以下支出(複選)?買衣服/鞋子/襪子各項衣物,haven_labelled,106
m7_7_2,M7-7.您家庭過去一年平均每個月支出金額：買衣服/鞋子/襪子各項衣物,haven_labelled,106
m7_7_2o,"M7-7.您家庭過去一年平均每個月支出金額：買衣服/鞋子/襪子各項衣物(11)30,000元以上，請記",numeric,106
m7_8_1,M7-8.您家庭過去一年有沒有以下支出(複選)?買家具/家庭電器/廚房用具,haven_labelled,106
m7_8_2,M7-8.您家庭過去一年平均每個月支出金額：買家具/家庭電器/廚房用具,haven_labelled,106
m7_8_2o,"M7-8.您家庭過去一年平均每個月支出金額：買家具/家庭電器/廚房用具(11)30,000元以上，請記",numeric,106
m7_9_1,M7-9.您家庭過去一年有沒有以下支出(複選)?保姆費/安養院/身障者照顧,haven_labelled,106
m7_9_2,M7-9.您家庭過去一年平均每個月支出金額：保姆費/安養院/身障者照顧,haven_labelled,106
m7_9_2o,"M7-9.您家庭過去一年平均每個月支出金額：保姆費/安養院/身障者照顧(11)30,000元以上，請記",numeric,106
m7_10_1,M7-10.您家庭過去一年有沒有以下支出(複選)?其他費用,haven_labelled,106
m7_10_2,M7-10.您家庭過去一年平均每個月支出金額：其他費用,haven_labelled,106
m7_10_2o,"M7-10.您家庭過去一年平均每個月支出金額：其他費用(11)30,000元以上，請記錄__元",numeric,106
m7_11,M7-11.您家庭過去一年有沒有以下支出(複選)?以上都沒有,haven_labelled,106
n1,N1.您或您的家人最需要政府提供什麼幫忙?,haven_labelled,106
n1o,N1.您或您的家人最需要政府提供什麼幫忙?(6)其他，請說明__,character,106
n2,N2.您知不知道原住民族委員會有「原住民族綜合發展基金貸款」的業務(包含微笑貸、青年創,haven_labelled,106
n2_1,N2-1.您個人或您的家人有沒有申請「原住民族綜合發展基金貸款」?,haven_labelled,106
n2_2,N2-2.您個人或您家人申請「原住民族綜合發展基金貸款」金額，占您全家貸款的比例為__%,numeric,106
n2_3,N2-3.您個人或您的家人未來有沒有申請「原住民族綜合發展基金貸款」的需求?,haven_labelled,106
n2_4_1,N2-4.您或您的家人未來沒有申請「原住民族綜合發展基金貸款」需求的原因有哪些(複選)?原,haven_labelled,106
n2_4_2,N2-4.您或您的家人未來沒有申請「原住民族綜合發展基金貸款」需求的原因有哪些(複選)?原,haven_labelled,106
n2_4_3,N2-4.您或您的家人未來沒有申請「原住民族綜合發展基金貸款」需求的原因有哪些(複選)?原,haven_labelled,106
n2_4_4,N2-4.您或您的家人未來沒有申請「原住民族綜合發展基金貸款」需求的原因有哪些(複選)?原,haven_labelled,106
n2_4o,N2-4.您或您的家人未來沒有申請「原住民族綜合發展基金貸款」需求的原因有哪些(複選)?(7),character,106
n2_5_1,N2-5.您希望申請「原住民族綜合發展基金貸款」用途有哪些(複選)?用途一,haven_labelled,106
n2_5_2,N2-5.您希望申請「原住民族綜合發展基金貸款」用途有哪些(複選)?用途二,haven_labelled,106
n2_5_3,N2-5.您希望申請「原住民族綜合發展基金貸款」用途有哪些(複選)?用途三,haven_labelled,106
n2_5_4,N2-5.您希望申請「原住民族綜合發展基金貸款」用途有哪些(複選)?用途四,haven_labelled,106
n2_5_5,N2-5.您希望申請「原住民族綜合發展基金貸款」用途有哪些(複選)?用途五,haven_labelled,106
n2_5_6,N2-5.您希望申請「原住民族綜合發展基金貸款」用途有哪些(複選)?用途六,haven_labelled,106
n2_5_7,N2-5.您希望申請「原住民族綜合發展基金貸款」用途有哪些(複選)?用途七,haven_labelled,106
n2_5_8,N2-5.您希望申請「原住民族綜合發展基金貸款」用途有哪些(複選)?用途八,haven_labelled,106
n2_5o,N2-5.您希望申請「原住民族綜合發展基金貸款」用途有哪些(複選)?(14)其他(請說明),character,106
n2_6_1,N2-6.您希望從哪裡知道「原住民族綜合發展基金貸款」的資訊(複選)?資訊一,haven_labelled,106
n2_6_2,N2-6.您希望從哪裡知道「原住民族綜合發展基金貸款」的資訊(複選)?資訊二,haven_labelled,106
n2_6_3,N2-6.您希望從哪裡知道「原住民族綜合發展基金貸款」的資訊(複選)?資訊三,haven_labelled,106
n2_6_4,N2-6.您希望從哪裡知道「原住民族綜合發展基金貸款」的資訊(複選)?資訊四,haven_labelled,106
n2_6_5,N2-6.您希望從哪裡知道「原住民族綜合發展基金貸款」的資訊(複選)?資訊五,haven_labelled,106
n2_6_6,N2-6.您希望從哪裡知道「原住民族綜合發展基金貸款」的資訊(複選)?資訊六,haven_labelled,106
n2_6_7,N2-6.您希望從哪裡知道「原住民族綜合發展基金貸款」的資訊(複選)?資訊七,haven_labelled,106
n2_6_8,N2-6.您希望從哪裡知道「原住民族綜合發展基金貸款」的資訊(複選)?資訊八,haven_labelled,106
n2_6_9,N2-6.您希望從哪裡知道「原住民族綜合發展基金貸款」的資訊(複選)?資訊九,haven_labelled,106
n2_6_10,N2-6.您希望從哪裡知道「原住民族綜合發展基金貸款」的資訊(複選)?資訊十,haven_labelled,106
n2_6_11,N2-6.您希望從哪裡知道「原住民族綜合發展基金貸款」的資訊(複選)?資訊十一,haven_labelled,106
n2_6o,N2-6.您希望從哪裡知道「原住民族綜合發展基金貸款」的資訊(複選)?(12)其他，請說明__,character,106
n3,N3.您有沒有參加「儲蓄互助社(儲互社)」?,haven_labelled,106
n4,N4.您們家是不是符合地方政府列冊登記有案的中低收入戶?,haven_labelled,106
o1_1,O1.您家中現在有哪些可上網設備(複選)?設備一,haven_labelled,106
o1_2,O1.您家中現在有哪些可上網設備(複選)?設備二,haven_labelled,106
o1_3,O1.您家中現在有哪些可上網設備(複選)?設備三,haven_labelled,106
o1_4,O1.您家中現在有哪些可上網設備(複選)?設備四,haven_labelled,106
o1_5,O1.您家中現在有哪些可上網設備(複選)?設備五,haven_labelled,106
o1o,O1.您家中現在有哪些可上網設備(複選)?(5)其他(請說明),character,106
o2,O2.您家裡有沒有連上網際網路?,haven_labelled,106
