path,bytes,modified_at,md5
data/processed_data/01_documentation/2026-06-18_data_processing_workflow.md,7484,2026-06-19T18:18:37+0800,c7cff05e917ec05fd094b6c46d53cedc
data/processed_data/01_documentation/2026-06-18_manual_review_checklist.md,5353,2026-06-19T18:18:37+0800,659744f2eccf1dc5c052157c0215dcb8
data/processed_data/01_documentation/2026-07-20_summary_rebuild_codebook.md,3464,2026-07-20T01:48:27+0800,de76ea3b48ddd652b5cd91e8e181c4d6
data/processed_data/01_documentation/CONCEPTUAL_CROSSWALK_GUIDE.md,3352,2026-06-11T21:32:43+0800,430bacac4b8c490ebbe759c48c789381
data/processed_data/01_documentation/DID_ANALYSIS_GUIDE.md,7009,2026-06-11T21:32:43+0800,3c72e4411dd0f02af8a6ebb872f00051
data/processed_data/01_documentation/README_cross-year-crosswalk-guide.md,1760,2026-06-11T21:32:43+0800,7af6b80cfff08f9b28a68459776f1974
data/processed_data/01_documentation/README_crosswalk.md,1760,2026-06-11T21:32:43+0800,7af6b80cfff08f9b28a68459776f1974
data/processed_data/02_metadata/detailed_year_comparison.csv,1147,2026-06-04T17:40:09+0800,96195316ef084c0a4afcb502c5b7a584
data/processed_data/02_metadata/imported_survey_index.csv,973,2026-07-31T15:16:49+0800,e012d6a67c9f2ae50ea0609a73cf199a
data/processed_data/02_metadata/observation_level_definition.csv,323,2026-06-04T17:40:09+0800,7ca376f96890a5298bfb1fc5e8fea5ee
data/processed_data/02_metadata/question_options/question_options_103.csv,93878,2026-07-30T22:26:49+0800,b4f2bddec3f6d9ea1fb1572f2530768c
data/processed_data/02_metadata/question_options/question_options_106.csv,119458,2026-07-30T22:26:49+0800,c087c8d3ff812a2e6fa9b4b0d285e3ee
data/processed_data/02_metadata/question_options/question_options_110.csv,128144,2026-07-30T22:26:49+0800,7d12427f91e071c8e202b79365cf5921
data/processed_data/02_metadata/question_options/question_options_91_1.csv,34131,2026-07-30T22:26:49+0800,c1bd4fdf7b05e986cd056d2a457f68bc
data/processed_data/02_metadata/question_options/question_options_91_2.csv,37709,2026-07-30T22:26:49+0800,677c9084e78c59b130841926d0890ac0
data/processed_data/02_metadata/question_options/question_options_95.csv,78655,2026-07-30T22:26:49+0800,291e2cb84a2b376ab90b4432d82b5d8a
data/processed_data/02_metadata/question_options/question_options_99.csv,60279,2026-07-30T22:26:49+0800,e084ad5a09c97aac7b683415b2fc6a1d
data/processed_data/02_metadata/section_crosswalk.csv,13245,2026-05-15T00:33:08+0800,8526a57a937233ef7b3d6c31ac51bf9f
data/processed_data/02_metadata/survey_datasets.rds,2186559,2026-07-31T15:16:49+0800,35996c3cb3a11038c3184e15c7263df1
data/processed_data/02_metadata/survey_meta/meta_103.csv,18218,2026-07-31T15:16:49+0800,564142085ac932c80977480380b10c13
data/processed_data/02_metadata/survey_meta/meta_106.csv,25489,2026-07-31T15:16:49+0800,e6dd5b023b8a1e6de4976f9d1bc667b5
data/processed_data/02_metadata/survey_meta/meta_110.csv,28991,2026-07-31T15:16:49+0800,22653721d43726a993e596a5da9a7aaf
data/processed_data/02_metadata/survey_meta/meta_110_original.csv,5572,2026-06-04T17:40:09+0800,e612d83b87638000932b8c896d59dbeb
data/processed_data/02_metadata/survey_meta/meta_91.csv,4045,2026-07-27T18:53:52+0800,01fe4ec23d473a41b89fb7d851c2335c
data/processed_data/02_metadata/survey_meta/meta_91_1.csv,3863,2026-07-31T15:16:49+0800,31b9833846ee35dbe3f07ecb040e5309
data/processed_data/02_metadata/survey_meta/meta_91_2.csv,4076,2026-07-31T15:16:49+0800,8797412e16d9cce5552038ee3896bcb3
data/processed_data/02_metadata/survey_meta/meta_95.csv,16205,2026-07-31T15:16:49+0800,65be3a5ea8994ea718c0fb1a098ad773
data/processed_data/02_metadata/survey_meta/meta_99.csv,12772,2026-07-31T15:16:49+0800,97e0ec7acc16b37496017ae4a760a940
data/processed_data/02_metadata/survey_year_summary.csv,184,2026-06-04T17:40:09+0800,bc5e0862691e73f1871fc6ba60ba1ee8
data/processed_data/02_metadata/year_comparison.csv,281,2026-06-04T17:40:09+0800,18ad8af6bff89902d92d3095babefe3c
data/processed_data/03_crosswalks/01_Analysis_Dictionary.csv,2595,2026-06-19T18:18:37+0800,8d48aad57e2e93f40faa8bf69efc8b45
data/processed_data/03_crosswalks/02_Conceptual_Crosswalk.csv,4828,2026-06-19T18:18:37+0800,1eecacc00788e14d3ccea113667ea18c
data/processed_data/03_crosswalks/03_Variable_Availability_Summary.csv,20356,2026-06-19T18:18:37+0800,35790625680356673da340426e44a884
data/processed_data/03_crosswalks/03_Variable_Crosswalk_Standardized.csv,145605,2026-06-19T18:18:37+0800,98255164f16202747e76f5fa1b6b9789
data/processed_data/03_crosswalks/04_Detailed_Conceptual_Crosswalk.csv,45596,2026-06-19T18:18:37+0800,9393d06bb8b93cd6dba3696e168c892f
data/processed_data/03_crosswalks/expenditure_crosswalk_103base.csv,305551,2026-07-26T16:00:10+0800,4fedbde43cb9fda37a95f5f96f72f200
data/processed_data/03_crosswalks/income_crosswalk_103base.csv,370580,2026-07-26T16:00:10+0800,abff6a2c5c14811faba7a01bce1db829
data/processed_data/03_crosswalks/manual_question_crosswalk.tsv,15012,2026-06-19T18:18:37+0800,d75d234c878e3a719ca2c63df0f6373f
data/processed_data/03_crosswalks/manual_question_crosswalk.xlsx,43322,2026-06-19T18:18:37+0800,44ec7fa7aa66f07e04eeed2a2241b1c3
data/processed_data/03_crosswalks/mapping_91_1_to_91_2.csv,8777,2026-06-19T18:18:37+0800,b3fcb02a5376b541f2f49b186b47e1fb
data/processed_data/03_crosswalks/mapping_91_2_to_95.csv,2232,2026-06-19T18:18:37+0800,0caef767dec6c0ea736cef3bd08aafa1
data/processed_data/03_crosswalks/question_codex_comparison.csv,39013,2026-07-30T22:26:49+0800,96102c0ca5d6c6c7ec6132e56d6fb396
data/processed_data/03_crosswalks/questionnaire_91_version_summary.csv,6293,2026-07-26T16:00:10+0800,0a06d875d3588960c0aff8ad48b69a77
data/processed_data/03_crosswalks/unified_answer_crosswalk_basic_info.csv,115785,2026-07-30T22:26:49+0800,806ca44d24da2fbe414b0f6cdddea851
data/processed_data/03_crosswalks/unified_answer_crosswalk_expenditure.csv,285139,2026-07-30T22:26:49+0800,b0eeed92a0cf66291405f5ae20b35048
data/processed_data/03_crosswalks/unified_answer_crosswalk_income.csv,370029,2026-07-30T22:26:49+0800,97d9a1530851bbe8183c3940257cd303
data/processed_data/03_crosswalks/variable_crosswalk.csv,115727,2026-07-30T22:26:49+0800,5e35fcf12582db6283fbd3f729b869fa
data/processed_data/03_income_expense/expenditure_data.csv,10555392,2026-07-28T17:16:46+0800,cbb4ea75107a47c68228a1b421212df5
data/processed_data/03_income_expense/expenditure_data.rds,1053680,2026-07-31T15:25:20+0800,6608db3d597d0f1949bcaff76e776a82
data/processed_data/03_income_expense/income_data.csv,22072005,2026-07-28T17:16:46+0800,fe731d9c1ad27337bb2c654e09ed55ab
data/processed_data/03_income_expense/income_data.rds,626772,2026-07-31T15:25:19+0800,b7797d3265bde51bb2143945e626a274
data/processed_data/03_income_expense/income_expenditure_data.csv,6649953,2026-06-18T11:09:28+0800,2cc8634d044a351b51433a94badf398b
data/processed_data/03_income_expense/income_expenditure_data.rds,1565820,2026-07-31T15:25:22+0800,6f2e32a5166797028b80334671d04ed4
data/processed_data/04_analysis_ready/05_DID_Ready_Variables.csv,7146,2026-06-04T17:40:09+0800,c504736b840fedc9aadfd1a9db8d6278
data/processed_data/04_analysis_ready/06_Concept_to_Variables_Mapping.csv,757,2026-06-04T17:40:09+0800,1ec661e294df1395b8de9cb0bbff58f4
data/processed_data/04_analysis_ready/06_Main_Years_Variable_Mapping.csv,4748,2026-06-04T17:40:09+0800,9d7dcb4770285cd00b149222b3e79dab
data/processed_data/04_analysis_ready/core_variables.csv,12265,2026-06-04T17:40:09+0800,657bdaa38b83fee04d94383cbe2c1309
data/processed_data/04_analysis_ready/cross_year_combined_data.csv,7325189,2026-06-28T16:06:13+0800,651e553e416a8bf09d4c0f1280064f56
data/processed_data/04_analysis_ready/cross_year_combined_data.rds,2198460,2026-07-31T18:04:24+0800,c5b8924955c550331fc6636e27f32887
data/processed_data/04_analysis_ready/cross_year_exploratory_emergency_2026_07_30.rds,1158,2026-07-30T21:59:16+0800,14cddb833f75501121df5615a384bd98
data/processed_data/04_analysis_ready/did_time_periods.csv,187,2026-06-04T17:40:09+0800,f1064bd79fe1f5f1ee2e4de0be5440a6
data/processed_data/04_analysis_ready/variable_rename_mapping.csv,567,2026-06-04T17:40:09+0800,0c7dae682f264c0c80c84a5ac9a652c9
data/processed_data/05_reference/cross_year_categorical_by_year.csv,2189565,2026-07-31T18:04:25+0800,dc2512818f33e24fd8ddfa7e7bc70d66
data/processed_data/05_reference/cross_year_categorical_by_year_region.csv,14279562,2026-07-31T18:04:29+0800,0525d8f2aa53a3f3f19b5a36a7ff0063
data/processed_data/05_reference/cross_year_numeric_by_year.csv,949,2026-07-31T18:04:24+0800,7f21d8fa09bbd4e9e954f0f92f8dcace
data/processed_data/05_reference/cross_year_numeric_by_year_region.csv,178914,2026-07-31T18:04:24+0800,007efb9eb20cb83f58073417e75a9bef
data/processed_data/05_reference/cross_year_summary_by_year.csv,89,2026-07-31T18:04:24+0800,b8e7ae24a30a15031fdaacf02a6dbc27
data/processed_data/05_reference/cross_year_summary_by_year_region.csv,29366,2026-07-31T18:04:24+0800,375d13e7c5517b2eedfeeb6d5938acba
data/processed_data/05_reference/town_yearly_panel.csv,7495,2026-05-01T15:10:02+0800,c8ca84299780e28b59958ea323da4f0f
data/processed_data/05_reference/經濟狀況調查報告_彙整變數_一覽.docx,12233,2026-07-02T07:53:43+0800,1edc44aef2d808b8c0d8036b39b456d3
data/processed_data/README.md,1348,2026-06-19T18:18:37+0800,fd8c4f306108bbd305ae058bb3f103f2
data/processed_data/README_processed-data-structure.md,1816,2026-07-26T16:03:09+0800,9fc2af95a4381b4c254e73e69bd542d0
data/processed_data/archive/2026-07-26/legacy_income_expense/expenditure_data.rds,85101,2026-06-18T02:45:44+0800,07afc32136517ed1ffb880acf3a719d3
data/processed_data/archive/2026-07-26/legacy_income_expense/expenditure_data_from_02.rds,85101,2026-06-18T02:45:44+0800,07afc32136517ed1ffb880acf3a719d3
data/processed_data/archive/2026-07-26/legacy_income_expense/income_data.rds,53668,2026-06-18T02:45:44+0800,9b022d6378c1fd586e00cd8ddbb0b265
data/processed_data/archive/2026-07-26/legacy_income_expense/income_data_from_02.rds,53668,2026-06-18T02:45:44+0800,9b022d6378c1fd586e00cd8ddbb0b265
data/processed_data/archive/2026-07-26/legacy_income_expense/income_expenditure_data.rds,117269,2026-06-18T02:45:44+0800,e905f1b92899e0ce2e414cf86bc17860
data/processed_data/archive/2026-07-26/legacy_income_expense/income_expenditure_data_from_02.rds,117269,2026-06-18T02:45:44+0800,e905f1b92899e0ce2e414cf86bc17860
data/processed_data/archive/README_processed-data-archive.md,366,2026-07-26T16:03:09+0800,4adf780796c793382d2b4f1dc88bd070
data/processed_data/basic_info.rds,88706,2026-06-11T17:05:23+0800,55e50d9775dd6dcb3dda764c22395391
data/processed_data/basic_info_from_02.rds,229095,2026-07-31T15:16:51+0800,81a42c72aa1683769169614c62582c2f
data/processed_data/city_data.rds,209022,2026-06-11T18:16:01+0800,46564b4199b3ae3b3a47a65ef4330e31
data/processed_data/demographic_data_from_02.rds,510761,2026-07-31T15:18:21+0800,7b7ea4323b58df79cd848b789a16207d
data/processed_data/expenditure_data.rds,85101,2026-06-18T02:45:44+0800,07afc32136517ed1ffb880acf3a719d3
data/processed_data/expenditure_data_from_02.rds,85101,2026-06-18T02:45:44+0800,07afc32136517ed1ffb880acf3a719d3
data/processed_data/family_data.rds,158098,2026-06-11T18:16:23+0800,23972509c5d125239fbd3a9c21b65da1
data/processed_data/family_data_from_02.rds,229250,2026-07-31T17:51:48+0800,58112b1d997f2e5556c898fbc5aff637
data/processed_data/income_data.rds,53668,2026-06-18T02:45:44+0800,9b022d6378c1fd586e00cd8ddbb0b265
data/processed_data/income_data_from_02.rds,53668,2026-06-18T02:45:44+0800,9b022d6378c1fd586e00cd8ddbb0b265
data/processed_data/income_expenditure_data.rds,117269,2026-06-18T02:45:44+0800,e905f1b92899e0ce2e414cf86bc17860
data/processed_data/income_expenditure_data_from_02.rds,117269,2026-06-18T02:45:44+0800,e905f1b92899e0ce2e414cf86bc17860
output/archive/basic_info.csv,392970,2026-06-11T17:05:23+0800,7d1a888e79b42a9b34730e6e1d565c54
output/archive/city_code_95.csv,9470,2026-05-18T12:19:21+0800,1ddf99b1ac5cac15acb54beee7312b8f
output/archive/city_code_95.vsv,2227,2026-05-18T12:17:34+0800,8d2cc336e87bf7ea26736e2efd64b78d
output/archive/meta/meta_103.csv,18390,2026-05-18T11:40:03+0800,6563645512a96e480820d1dbe4ac8ba4
output/archive/meta/meta_106.csv,19487,2026-05-25T23:13:59+0800,f51860f8d31d655055be117fa9351082
output/archive/meta/meta_106_.csv,19487,2026-05-25T23:15:57+0800,f51860f8d31d655055be117fa9351082
output/archive/meta/meta_91_1.csv,3915,2026-05-18T11:41:06+0800,dcbfed1ea46194be0228afa009ce3d46
output/archive/meta/meta_91_2.csv,4130,2026-05-18T11:41:23+0800,3b9b115fa69fce035d479103696ca6a0
output/archive/meta/meta_95.csv,12529,2026-05-25T21:36:25+0800,3fdf668127d01755e46503978f3cecb8
output/archive/meta/meta_99.csv,12900,2026-05-18T11:40:03+0800,f4eb38f7a51f9ed27680d7628fd8721d
output/basic_info_from_02.csv,1015775,2026-07-31T15:16:51+0800,94f44d4443db4549b00145f893557589
output/checks/check_analysis_sample_exclusions.csv,276,2026-07-31T18:28:04+0800,abf303e4d8899ad8b43ee9e80c925d73
output/checks/check_education_component_exclusivity.csv,690,2026-07-31T18:28:15+0800,0f7f7fee9554474c595b11ad8bbc8f72
output/checks/check_expenditure_distribution.csv,46615,2026-07-31T15:25:18+0800,93171de4671e523684f83f78b108e743
output/checks/check_expenditure_value_sources.csv,17538,2026-07-31T15:25:16+0800,a75df7771601f2fd7177a71d5f6e8d9a
output/checks/check_expenditure_variable_mapping.csv,5482,2026-07-31T15:18:30+0800,df99eb2e2d6dc76e818dc436f6ea60d6
output/checks/check_family_count_variables.csv,1154,2026-07-31T17:51:48+0800,0f4ce3566be45f721103b40be7a91d5f
output/checks/check_family_join_integrity.csv,331,2026-07-31T18:04:11+0800,d66124ff991ecc549560c8e8771678b0
output/checks/check_geography_ambiguous_or_missing.csv,1847,2026-07-31T15:18:20+0800,c23833e3bf3111b0c13936f673f02f6d
output/checks/check_income_distribution.csv,33652,2026-07-31T15:25:17+0800,ff1a743a3e99328168ed9a3cd41084f9
output/checks/check_income_expenditure_manual_review.csv,100,2026-07-31T18:28:23+0800,891133bbc453fda6aff547c07725cbc0
output/checks/check_income_value_sources.csv,10018,2026-07-31T15:20:40+0800,34f59636c6ee1e4fc10c92696e99d5cc
output/checks/check_income_variable_mapping.csv,3615,2026-07-31T15:18:30+0800,fe0539f8785cd86d416aa95cd8b05465
output/checks/check_male_mapping.csv,449,2026-07-31T15:18:20+0800,debc163f445d95beb6e9d4c913fa2568
output/checks/check_missing_variables_by_year.csv,1111,2026-07-31T17:51:42+0800,b43444ef531a78253439bac48a815d26
output/checks/check_offline_pipeline_acceptance.csv,857,2026-07-31T19:05:56+0800,47c8a816b3564ae8459bc109c21e175b
output/checks/check_offline_transfer_bundle.csv,3456,2026-07-31T15:15:59+0800,1b5abf3cea375044f7a41e4319442b96
output/checks/check_rent_eligibility_vs_valid.csv,211,2026-07-31T17:51:48+0800,e484be1547269f4aa1bde8a5cdb9bafe
output/checks/check_rent_imputation.csv,9708,2026-07-31T17:51:48+0800,237a0d6518b054d5b384a988286e283f
output/checks/check_source_field_schema.csv,16227,2026-07-31T15:18:30+0800,c5e87c4206797a86f25c6b3dc6eaba4a
output/checks/check_total_construction.csv,4564,2026-07-31T18:28:25+0800,307ca98b8759da37113f90d6e881270e
output/checks/check_two_stage_expenditure_variables.csv,3513,2026-07-31T15:18:30+0800,6ae4b2d0ab19308fcaa7ef7c396822ea
output/checks/check_unknown_income_expenditure_presence.csv,2137,2026-07-31T18:28:03+0800,0291c5baeb2841e13033b0251fb5ddee
output/checks/check_unknown_variable_presence.csv,1836,2026-07-31T18:25:42+0800,0b915c6d2714db67101470a6c15cb84f
output/checks/check_unmapped_demographic_values.csv,525,2026-07-31T15:18:20+0800,236c6415ee5e3076d7356e106e1ba2f8
output/checks/check_unmapped_expenditure_values.csv,17450,2026-07-31T15:25:16+0800,d442731225081edf764c4c48752c8594
output/checks/check_unmapped_income_values.csv,3266,2026-07-31T15:20:40+0800,caeac774e08e7de1aa029bb488c14176
output/demographic_data_from_02.csv,8150830,2026-07-31T15:18:21+0800,c829bb13c6a0a54a410872bececb609c
output/family_data_from_02.csv,3459950,2026-07-31T17:51:48+0800,8e34c8fbba037d6806ff2f363dad0f0c
output/pipeline_manifest.csv,17158,2026-07-31T18:33:21+0800,632cd55571a9d62c10fdf0f4fd07a931
output/summary_statistics/categorical_summary.csv,376823,2026-07-31T18:25:47+0800,f66a84dee06473795a7fc3ad433e99fd
output/summary_statistics/coverage_summary.csv,63955,2026-07-31T18:28:25+0800,2f46ba6d1980e0636910606d6b3bb30f
output/summary_statistics/income_expenditure_recoded/income_expenditure_coverage_summary.csv,44800,2026-07-31T18:28:25+0800,1f6b8a6e069ad4e98ae6ac126bc27cd3
output/summary_statistics/income_expenditure_recoded/income_expenditure_numeric_summary.csv,38524,2026-07-31T18:28:25+0800,e6cde29e7c4b0972984a837574a7420b
output/summary_statistics/income_expenditure_recoded/income_expenditure_recoded_values.csv,148598770,2026-07-31T18:28:24+0800,62bf34a2afb248692bee077864adb783
output/summary_statistics/income_expenditure_recoded/income_expenditure_recoding_table.csv,152852,2026-07-31T18:28:23+0800,9bf173eb42777ef4b5ec73785249f82c
output/summary_statistics/numeric_summary.csv,2150,2026-07-31T18:25:47+0800,e9732b616690e12975e09b04fc7ac608
output/summary_statistics/sample_by_city.csv,8779,2026-07-31T18:25:47+0800,408b44dac3da79e17cfa1d8b545d860c
output/summary_statistics/sample_by_county.csv,84444,2026-07-31T18:25:47+0800,727bb25600ba91d34a4dd71355f72b9d
output/summary_statistics/sample_by_year.csv,395,2026-07-31T18:25:47+0800,fab8ee8377a0ba5866f5dad3e642a30f
