year,source_pdf,question_id,question_text,option_code,option_text
106,ques106.pdf,S1,請問登記在此戶籍地址的成員是否有具原住民身分的人？,1.0,有，登記且居住在此戶籍地址
106,ques106.pdf,S1,請問登記在此戶籍地址的成員是否有具原住民身分的人？,2.0,有，但沒有居住在此(寄籍)(結束訪問)
106,ques106.pdf,S1,請問登記在此戶籍地址的成員是否有具原住民身分的人？,3.0,沒有(結束訪問)
106,ques106.pdf,S2,本訪問表的訪問對象是？(可複選),1.0,經濟戶長(跳答F 部分)
106,ques106.pdf,S2,本訪問表的訪問對象是？(可複選),2.0,次要經濟戶長(續答S3)
106,ques106.pdf,S2,本訪問表的訪問對象是？(可複選),3.0,家庭收支掌管者代答(續答S3)
106,ques106.pdf,S2,本訪問表的訪問對象是？(可複選),4.0,其他代答者(續答S3)
106,ques106.pdf,S3,尋求代答的主要原因是：______________________________________________,,
106,ques106.pdf,S4,代答者是經濟戶長的什麼人：______________________________________________,,
106,ques106.pdf,F1,請問目前與您「同戶籍」且「共同生活」的有幾個人(包括自己且不限原住民)？_____人,,
106,ques106.pdf,F1-1,與您同戶籍且共同生活的人(包括自己且不限原住民)，請依年齡、是否為原住民填寫下表。,,
106,ques106.pdf,F2,請問目前與您「同戶籍」，但「沒有住在一起」、「有經濟依賴關係」的有幾個人？__________人,,
106,ques106.pdf,F3,請問目前與您「不同戶籍」，但「有住在一起」的有幾個人？__________人,,
106,ques106.pdf,F4,請問您家庭的主要經濟來源是什麼？(可複選，超過總收入五分之一者皆算入主要經濟來源),1.0,所得
106,ques106.pdf,F4,請問您家庭的主要經濟來源是什麼？(可複選，超過總收入五分之一者皆算入主要經濟來源),2.0,兄弟姊妹提供
106,ques106.pdf,F4,請問您家庭的主要經濟來源是什麼？(可複選，超過總收入五分之一者皆算入主要經濟來源),3.0,政府補助
106,ques106.pdf,F4,請問您家庭的主要經濟來源是什麼？(可複選，超過總收入五分之一者皆算入主要經濟來源),4.0,社會捐助
106,ques106.pdf,F4,請問您家庭的主要經濟來源是什麼？(可複選，超過總收入五分之一者皆算入主要經濟來源),5.0,父母提供
106,ques106.pdf,F4,請問您家庭的主要經濟來源是什麼？(可複選，超過總收入五分之一者皆算入主要經濟來源),6.0,婆家或岳父母提供
106,ques106.pdf,F4,請問您家庭的主要經濟來源是什麼？(可複選，超過總收入五分之一者皆算入主要經濟來源),7.0,親戚朋友提供
106,ques106.pdf,F4,請問您家庭的主要經濟來源是什麼？(可複選，超過總收入五分之一者皆算入主要經濟來源),8.0,子女提供
106,ques106.pdf,F4,請問您家庭的主要經濟來源是什麼？(可複選，超過總收入五分之一者皆算入主要經濟來源),9.0,其他，請說明_______________ G 部分：經濟戶長基本資料
106,ques106.pdf,G1,經濟戶長性別？□(1)男性 □(2)女性,1.0,男性
106,ques106.pdf,G1,經濟戶長性別？□(1)男性 □(2)女性,2.0,女性
106,ques106.pdf,G2,請問經濟戶長今年幾歲？,1.0,15~19 歲
106,ques106.pdf,G2,請問經濟戶長今年幾歲？,2.0,20~24 歲
106,ques106.pdf,G2,請問經濟戶長今年幾歲？,3.0,25~29 歲
106,ques106.pdf,G2,請問經濟戶長今年幾歲？,4.0,30~34 歲
106,ques106.pdf,G2,請問經濟戶長今年幾歲？,5.0,35~39 歲
106,ques106.pdf,G2,請問經濟戶長今年幾歲？,6.0,40~44 歲
106,ques106.pdf,G2,請問經濟戶長今年幾歲？,7.0,45~49 歲
106,ques106.pdf,G2,請問經濟戶長今年幾歲？,8.0,50~54 歲
106,ques106.pdf,G2,請問經濟戶長今年幾歲？,9.0,55~59 歲
106,ques106.pdf,G2,請問經濟戶長今年幾歲？,10.0,60~64 歲
106,ques106.pdf,G2,請問經濟戶長今年幾歲？,11.0,65歲以上
106,ques106.pdf,G3,請問經濟戶長教育程度？,1.0,不識字
106,ques106.pdf,G3,請問經濟戶長教育程度？,2.0,自修
106,ques106.pdf,G3,請問經濟戶長教育程度？,3.0,國小
106,ques106.pdf,G3,請問經濟戶長教育程度？,4.0,國(初)中
106,ques106.pdf,G3,請問經濟戶長教育程度？,5.0,高中
106,ques106.pdf,G3,請問經濟戶長教育程度？,6.0,高職(含五專前三年)
106,ques106.pdf,G3,請問經濟戶長教育程度？,7.0,專科
106,ques106.pdf,G3,請問經濟戶長教育程度？,8.0,大學
106,ques106.pdf,G3,請問經濟戶長教育程度？,9.0,研究所及以上
106,ques106.pdf,G4,請問經濟戶長需不需要負責家計？,1.0,需要，是主要家計負責人
106,ques106.pdf,G4,請問經濟戶長需不需要負責家計？,2.0,需要，是次要(輔助)家計負責人
106,ques106.pdf,G4,請問經濟戶長需不需要負責家計？,3.0,不需要負責家計
106,ques106.pdf,G5,請問經濟戶長所屬的族別？,1.0,阿美族
106,ques106.pdf,G5,請問經濟戶長所屬的族別？,2.0,泰雅族
106,ques106.pdf,G5,請問經濟戶長所屬的族別？,3.0,排灣族
106,ques106.pdf,G5,請問經濟戶長所屬的族別？,4.0,魯凱族
106,ques106.pdf,G5,請問經濟戶長所屬的族別？,5.0,布農族
106,ques106.pdf,G5,請問經濟戶長所屬的族別？,6.0,賽夏族
106,ques106.pdf,G5,請問經濟戶長所屬的族別？,7.0,雅美族(達悟)
106,ques106.pdf,G5,請問經濟戶長所屬的族別？,8.0,卑南族
106,ques106.pdf,G5,請問經濟戶長所屬的族別？,9.0,鄒族
106,ques106.pdf,G5,請問經濟戶長所屬的族別？,10.0,邵族
106,ques106.pdf,G5,請問經濟戶長所屬的族別？,11.0,噶瑪蘭族
106,ques106.pdf,G5,請問經濟戶長所屬的族別？,12.0,太魯閣族
106,ques106.pdf,G5,請問經濟戶長所屬的族別？,13.0,撒奇萊雅族
106,ques106.pdf,G5,請問經濟戶長所屬的族別？,14.0,賽德克族
106,ques106.pdf,G5,請問經濟戶長所屬的族別？,15.0,拉阿魯哇族
106,ques106.pdf,G5,請問經濟戶長所屬的族別？,16.0,卡那卡那富族
106,ques106.pdf,G5,請問經濟戶長所屬的族別？,17.0,其他______
106,ques106.pdf,G5,請問經濟戶長所屬的族別？,18.0,非原住民 2
106,ques106.pdf,G6,請問經濟戶長的配偶屬於以下那種身分？,1.0,原住民續答G6-1
106,ques106.pdf,G6,請問經濟戶長的配偶屬於以下那種身分？,2.0,漢族跳答 G7
106,ques106.pdf,G6,請問經濟戶長的配偶屬於以下那種身分？,3.0,新住民(國籍：___________) 跳答G7
106,ques106.pdf,G6,請問經濟戶長的配偶屬於以下那種身分？,4.0,無配偶跳答G7
106,ques106.pdf,G6,請問經濟戶長的配偶屬於以下那種身分？,5.0,其他________跳答G7
106,ques106.pdf,G6-1,請問經濟戶長的先生/太太所屬的族別？,1.0,阿美族
106,ques106.pdf,G6-1,請問經濟戶長的先生/太太所屬的族別？,2.0,泰雅族
106,ques106.pdf,G6-1,請問經濟戶長的先生/太太所屬的族別？,3.0,排灣族
106,ques106.pdf,G6-1,請問經濟戶長的先生/太太所屬的族別？,4.0,魯凱族
106,ques106.pdf,G6-1,請問經濟戶長的先生/太太所屬的族別？,5.0,布農族
106,ques106.pdf,G6-1,請問經濟戶長的先生/太太所屬的族別？,6.0,賽夏族
106,ques106.pdf,G6-1,請問經濟戶長的先生/太太所屬的族別？,7.0,雅美族(達悟)
106,ques106.pdf,G6-1,請問經濟戶長的先生/太太所屬的族別？,8.0,卑南族
106,ques106.pdf,G6-1,請問經濟戶長的先生/太太所屬的族別？,9.0,鄒族
106,ques106.pdf,G6-1,請問經濟戶長的先生/太太所屬的族別？,10.0,邵族
106,ques106.pdf,G6-1,請問經濟戶長的先生/太太所屬的族別？,11.0,噶瑪蘭族
106,ques106.pdf,G6-1,請問經濟戶長的先生/太太所屬的族別？,12.0,太魯閣族
106,ques106.pdf,G6-1,請問經濟戶長的先生/太太所屬的族別？,13.0,撒奇萊雅族
106,ques106.pdf,G6-1,請問經濟戶長的先生/太太所屬的族別？,14.0,賽德克族
106,ques106.pdf,G6-1,請問經濟戶長的先生/太太所屬的族別？,15.0,拉阿魯哇族
106,ques106.pdf,G6-1,請問經濟戶長的先生/太太所屬的族別？,16.0,卡那卡那富族
106,ques106.pdf,G6-1,請問經濟戶長的先生/太太所屬的族別？,17.0,其他_______
106,ques106.pdf,G7,請問經濟戶長從事的行業？,1.0,農林漁牧業
106,ques106.pdf,G7,請問經濟戶長從事的行業？,2.0,礦業及土石採取業
106,ques106.pdf,G7,請問經濟戶長從事的行業？,3.0,製造業
106,ques106.pdf,G7,請問經濟戶長從事的行業？,4.0,電力及燃氣供應業
106,ques106.pdf,G7,請問經濟戶長從事的行業？,5.0,用水供應及污染整治業
106,ques106.pdf,G7,請問經濟戶長從事的行業？,6.0,營建工程業
106,ques106.pdf,G7,請問經濟戶長從事的行業？,7.0,批發及零售業
106,ques106.pdf,G7,請問經濟戶長從事的行業？,8.0,運輸及倉儲業
106,ques106.pdf,G7,請問經濟戶長從事的行業？,9.0,住宿及餐飲業
106,ques106.pdf,G7,請問經濟戶長從事的行業？,10.0,出版影音製作傳播及
106,ques106.pdf,G7,請問經濟戶長從事的行業？,11.0,金融及保險業
106,ques106.pdf,G7,請問經濟戶長從事的行業？,12.0,不動產業 通資訊服務業
106,ques106.pdf,G7,請問經濟戶長從事的行業？,13.0,專業、科學及技術服務
106,ques106.pdf,G7,請問經濟戶長從事的行業？,14.0,支援服務業
106,ques106.pdf,G7,請問經濟戶長從事的行業？,15.0,公共行政及國防；強制性 業 社會安全
106,ques106.pdf,G7,請問經濟戶長從事的行業？,16.0,教育業
106,ques106.pdf,G7,請問經濟戶長從事的行業？,17.0,醫療保健及社會工作服務
106,ques106.pdf,G7,請問經濟戶長從事的行業？,18.0,藝術、娛樂及休閒服務業 業
106,ques106.pdf,G7,請問經濟戶長從事的行業？,19.0,其他服務業
106,ques106.pdf,G8,請問經濟戶長從事的行業有沒有透過創意將原住民文化元素運用或展現在產品或服務中？,1.0,有(續答G9)
106,ques106.pdf,G8,請問經濟戶長從事的行業有沒有透過創意將原住民文化元素運用或展現在產品或服務中？,2.0,沒有(跳答H 部分)
106,ques106.pdf,G9,請問經濟戶長從事的原住民文化創意產業性質為何？,1.0,視覺藝術產業
106,ques106.pdf,G9,請問經濟戶長從事的原住民文化創意產業性質為何？,2.0,音樂及表演藝術產業
106,ques106.pdf,G9,請問經濟戶長從事的原住民文化創意產業性質為何？,3.0,文化資產應用及展演設施產業
106,ques106.pdf,G9,請問經濟戶長從事的原住民文化創意產業性質為何？,4.0,工藝產業
106,ques106.pdf,G9,請問經濟戶長從事的原住民文化創意產業性質為何？,5.0,電影產業
106,ques106.pdf,G9,請問經濟戶長從事的原住民文化創意產業性質為何？,6.0,廣播電視產業
106,ques106.pdf,G9,請問經濟戶長從事的原住民文化創意產業性質為何？,7.0,出版產業
106,ques106.pdf,G9,請問經濟戶長從事的原住民文化創意產業性質為何？,8.0,廣告產業
106,ques106.pdf,G9,請問經濟戶長從事的原住民文化創意產業性質為何？,9.0,產品設計產業
106,ques106.pdf,G9,請問經濟戶長從事的原住民文化創意產業性質為何？,10.0,視覺傳達設計產業
106,ques106.pdf,G9,請問經濟戶長從事的原住民文化創意產業性質為何？,11.0,設計品牌時尚產業
106,ques106.pdf,G9,請問經濟戶長從事的原住民文化創意產業性質為何？,12.0,建築設計產業
106,ques106.pdf,G9,請問經濟戶長從事的原住民文化創意產業性質為何？,13.0,數位內容產業
106,ques106.pdf,G9,請問經濟戶長從事的原住民文化創意產業性質為何？,14.0,創意生活產業
106,ques106.pdf,G9,請問經濟戶長從事的原住民文化創意產業性質為何？,15.0,流行音樂及文化內容產業
106,ques106.pdf,G9,請問經濟戶長從事的原住民文化創意產業性質為何？,16.0,其他(請說明)________________ H 部分：住宅
106,ques106.pdf,H1,請問您現在住的房子是屬於誰的？,1.0,自有(住宅所有權為家庭內共同生活居住成員擁有) /自己搭建跳答 H3
106,ques106.pdf,H1,請問您現在住的房子是屬於誰的？,2.0,不住在一起的配偶、父母或子女所擁有(住宅所有權不屬於家庭內共同生活居住成員擁有) 跳答 H3
106,ques106.pdf,H1,請問您現在住的房子是屬於誰的？,3.0,向政府租賃(如:社會住宅) 續問H2
106,ques106.pdf,H1,請問您現在住的房子是屬於誰的？,4.0,向私人租賃續問H2
106,ques106.pdf,H1,請問您現在住的房子是屬於誰的？,5.0,單位/公司配住續問H2
106,ques106.pdf,H1,請問您現在住的房子是屬於誰的？,6.0,借用(目前居住的住宅向他人借用，不需支付費用，如退休人員續住公家宿舍)跳答I部分
106,ques106.pdf,H1,請問您現在住的房子是屬於誰的？,7.0,其他，請說明________________跳答H3 3
106,ques106.pdf,H2,若房子為租賃/配住者（H1回答3、4、5者），請問您每個月的房屋租金是多少？回答完跳答I部分,1.0,"未滿 1,000元"
106,ques106.pdf,H2,若房子為租賃/配住者（H1回答3、4、5者），請問您每個月的房屋租金是多少？回答完跳答I部分,2.0,"1,000 元-未滿3,000元"
106,ques106.pdf,H2,若房子為租賃/配住者（H1回答3、4、5者），請問您每個月的房屋租金是多少？回答完跳答I部分,3.0,"3,000 元-未滿5,000元"
106,ques106.pdf,H2,若房子為租賃/配住者（H1回答3、4、5者），請問您每個月的房屋租金是多少？回答完跳答I部分,4.0,"5,000 元-未滿6,000元"
106,ques106.pdf,H2,若房子為租賃/配住者（H1回答3、4、5者），請問您每個月的房屋租金是多少？回答完跳答I部分,5.0,"6,000 元-未滿7,000元"
106,ques106.pdf,H2,若房子為租賃/配住者（H1回答3、4、5者），請問您每個月的房屋租金是多少？回答完跳答I部分,6.0,"7,000 元-未滿8,000元"
106,ques106.pdf,H2,若房子為租賃/配住者（H1回答3、4、5者），請問您每個月的房屋租金是多少？回答完跳答I部分,7.0,"8,000 元-未滿9,000元"
106,ques106.pdf,H2,若房子為租賃/配住者（H1回答3、4、5者），請問您每個月的房屋租金是多少？回答完跳答I部分,8.0,"9,000 元-未滿10,000元"
106,ques106.pdf,H2,若房子為租賃/配住者（H1回答3、4、5者），請問您每個月的房屋租金是多少？回答完跳答I部分,9.0,"10,000 元-未滿15,000元"
106,ques106.pdf,H2,若房子為租賃/配住者（H1回答3、4、5者），請問您每個月的房屋租金是多少？回答完跳答I部分,10.0,"15,000 元-未滿20,000元"
106,ques106.pdf,H2,若房子為租賃/配住者（H1回答3、4、5者），請問您每個月的房屋租金是多少？回答完跳答I部分,11.0,"20,000 元以上，請記錄____________元"
106,ques106.pdf,H2,若房子為租賃/配住者（H1回答3、4、5者），請問您每個月的房屋租金是多少？回答完跳答I部分,12.0,不需要支付租金
106,ques106.pdf,H3,請問您現在住的房子是什麼時候購買/搭建的？民國___________年,,
106,ques106.pdf,H4,請問您現在住的房子樓地板面積是多少？___________坪,,
106,ques106.pdf,H5,請問您現在住的房子如果出租的話，租金會是多少？________________元,,
106,ques106.pdf,H6,請問您們家目前有沒有房屋貸款？,1.0,有
106,ques106.pdf,H6,請問您們家目前有沒有房屋貸款？,2.0,沒有跳答 I 部分
106,ques106.pdf,H6-1,請問是向哪些單位借房屋貸款？(可複選),1.0,銀行
106,ques106.pdf,H6-1,請問是向哪些單位借房屋貸款？(可複選),2.0,信用合作社
106,ques106.pdf,H6-1,請問是向哪些單位借房屋貸款？(可複選),3.0,儲蓄互助社
106,ques106.pdf,H6-1,請問是向哪些單位借房屋貸款？(可複選),4.0,其他(請說明)__________
106,ques106.pdf,H6-2,請問您家中目前的房屋貸款總共借（貸）了多少錢？,1.0,未滿50萬元
106,ques106.pdf,H6-2,請問您家中目前的房屋貸款總共借（貸）了多少錢？,2.0,50萬元-未滿100萬元
106,ques106.pdf,H6-2,請問您家中目前的房屋貸款總共借（貸）了多少錢？,3.0,100萬元-未滿150萬元
106,ques106.pdf,H6-2,請問您家中目前的房屋貸款總共借（貸）了多少錢？,4.0,150萬元-未滿200萬元
106,ques106.pdf,H6-2,請問您家中目前的房屋貸款總共借（貸）了多少錢？,5.0,200萬元-未滿300萬元
106,ques106.pdf,H6-2,請問您家中目前的房屋貸款總共借（貸）了多少錢？,6.0,300萬元-未滿400萬元
106,ques106.pdf,H6-2,請問您家中目前的房屋貸款總共借（貸）了多少錢？,7.0,400萬元-未滿500萬元
106,ques106.pdf,H6-2,請問您家中目前的房屋貸款總共借（貸）了多少錢？,8.0,500萬元-未滿600萬元
106,ques106.pdf,H6-2,請問您家中目前的房屋貸款總共借（貸）了多少錢？,9.0,600萬元-未滿700萬元
106,ques106.pdf,H6-2,請問您家中目前的房屋貸款總共借（貸）了多少錢？,10.0,700 萬元-未滿800萬元
106,ques106.pdf,H6-2,請問您家中目前的房屋貸款總共借（貸）了多少錢？,11.0,800 萬元-未滿900萬元
106,ques106.pdf,H6-2,請問您家中目前的房屋貸款總共借（貸）了多少錢？,12.0,"900 萬元-未滿1,000萬元"
106,ques106.pdf,H6-2,請問您家中目前的房屋貸款總共借（貸）了多少錢？,13.0,"1,000 萬元及以上，請記錄______________萬元"
106,ques106.pdf,H6-3,請問您家中每個月房屋貸款要繳多少錢？【106年平均每個月的繳款金額】,1.0,"未滿5,000元"
106,ques106.pdf,H6-3,請問您家中每個月房屋貸款要繳多少錢？【106年平均每個月的繳款金額】,2.0,"5,000 元-未滿10,000元"
106,ques106.pdf,H6-3,請問您家中每個月房屋貸款要繳多少錢？【106年平均每個月的繳款金額】,3.0,"10,000元-未滿15,000元"
106,ques106.pdf,H6-3,請問您家中每個月房屋貸款要繳多少錢？【106年平均每個月的繳款金額】,4.0,"15,000元-未滿20,000元"
106,ques106.pdf,H6-3,請問您家中每個月房屋貸款要繳多少錢？【106年平均每個月的繳款金額】,5.0,"20,000元-未滿25,000元"
106,ques106.pdf,H6-3,請問您家中每個月房屋貸款要繳多少錢？【106年平均每個月的繳款金額】,6.0,"25,000元-未滿30,000元"
106,ques106.pdf,H6-3,請問您家中每個月房屋貸款要繳多少錢？【106年平均每個月的繳款金額】,7.0,"30,000元-未滿40,000元"
106,ques106.pdf,H6-3,請問您家中每個月房屋貸款要繳多少錢？【106年平均每個月的繳款金額】,8.0,"40,000元-未滿50,000元"
106,ques106.pdf,H6-3,請問您家中每個月房屋貸款要繳多少錢？【106年平均每個月的繳款金額】,9.0,"50,000元-未滿60,000元"
106,ques106.pdf,H6-3,請問您家中每個月房屋貸款要繳多少錢？【106年平均每個月的繳款金額】,10.0,"60,000元-未滿70,000元"
106,ques106.pdf,H6-3,請問您家中每個月房屋貸款要繳多少錢？【106年平均每個月的繳款金額】,11.0,"70,000元及以上，請記錄______________元"
106,ques106.pdf,H6-3,請問您家中每個月房屋貸款要繳多少錢？【106年平均每個月的繳款金額】,12.0,沒有在繳貸款 I 部分：經濟戶長貸款情形
106,ques106.pdf,I1,請問經濟戶長有沒有信用貸款、車貸、信用卡、現金卡、擔保貸款、就學貸款等消費性貸款呢？,1.0,有
106,ques106.pdf,I1,請問經濟戶長有沒有信用貸款、車貸、信用卡、現金卡、擔保貸款、就學貸款等消費性貸款呢？,2.0,沒有跳答I2
106,ques106.pdf,I1-1,請問經濟戶長向哪些單位借信用貸款、車貸、信用卡、現金卡、擔保貸款、就學貸款等消費,1.0,銀行
106,ques106.pdf,I1-1,請問經濟戶長向哪些單位借信用貸款、車貸、信用卡、現金卡、擔保貸款、就學貸款等消費,2.0,信用合作社
106,ques106.pdf,I1-1,請問經濟戶長向哪些單位借信用貸款、車貸、信用卡、現金卡、擔保貸款、就學貸款等消費,3.0,儲蓄互助社
106,ques106.pdf,I1-1,請問經濟戶長向哪些單位借信用貸款、車貸、信用卡、現金卡、擔保貸款、就學貸款等消費,4.0,其他(請說明)__________ 4
106,ques106.pdf,I1-2,請問經濟戶長的信用貸款、車貸、信用卡、現金卡、擔保貸款、就學貸款等消費性貸款總共,1.0,未滿5萬元
106,ques106.pdf,I1-2,請問經濟戶長的信用貸款、車貸、信用卡、現金卡、擔保貸款、就學貸款等消費性貸款總共,2.0,5萬元-未滿10萬元
106,ques106.pdf,I1-2,請問經濟戶長的信用貸款、車貸、信用卡、現金卡、擔保貸款、就學貸款等消費性貸款總共,3.0,10萬元-未滿15 萬元
106,ques106.pdf,I1-2,請問經濟戶長的信用貸款、車貸、信用卡、現金卡、擔保貸款、就學貸款等消費性貸款總共,4.0,15萬元-未滿20 萬元
106,ques106.pdf,I1-2,請問經濟戶長的信用貸款、車貸、信用卡、現金卡、擔保貸款、就學貸款等消費性貸款總共,5.0,20萬元-未滿25 萬元
106,ques106.pdf,I1-2,請問經濟戶長的信用貸款、車貸、信用卡、現金卡、擔保貸款、就學貸款等消費性貸款總共,6.0,25萬元-未滿30 萬元
106,ques106.pdf,I1-2,請問經濟戶長的信用貸款、車貸、信用卡、現金卡、擔保貸款、就學貸款等消費性貸款總共,7.0,30萬元-未滿35 萬元
106,ques106.pdf,I1-2,請問經濟戶長的信用貸款、車貸、信用卡、現金卡、擔保貸款、就學貸款等消費性貸款總共,8.0,35萬元-未滿40 萬元
106,ques106.pdf,I1-2,請問經濟戶長的信用貸款、車貸、信用卡、現金卡、擔保貸款、就學貸款等消費性貸款總共,9.0,40萬元-未滿45 萬元
106,ques106.pdf,I1-2,請問經濟戶長的信用貸款、車貸、信用卡、現金卡、擔保貸款、就學貸款等消費性貸款總共,10.0,45萬元-未滿50 萬元
106,ques106.pdf,I1-2,請問經濟戶長的信用貸款、車貸、信用卡、現金卡、擔保貸款、就學貸款等消費性貸款總共,11.0,50萬元-未滿60 萬元
106,ques106.pdf,I1-2,請問經濟戶長的信用貸款、車貸、信用卡、現金卡、擔保貸款、就學貸款等消費性貸款總共,12.0,60萬元-未滿70 萬元
106,ques106.pdf,I1-2,請問經濟戶長的信用貸款、車貸、信用卡、現金卡、擔保貸款、就學貸款等消費性貸款總共,13.0,70萬元-未滿80 萬元
106,ques106.pdf,I1-2,請問經濟戶長的信用貸款、車貸、信用卡、現金卡、擔保貸款、就學貸款等消費性貸款總共,14.0,80萬元-未滿90 萬元
106,ques106.pdf,I1-2,請問經濟戶長的信用貸款、車貸、信用卡、現金卡、擔保貸款、就學貸款等消費性貸款總共,15.0,90萬元-未滿100萬元
106,ques106.pdf,I1-2,請問經濟戶長的信用貸款、車貸、信用卡、現金卡、擔保貸款、就學貸款等消費性貸款總共,16.0,100 萬元以上，請記錄______________萬元
106,ques106.pdf,I1-3,請問經濟戶長每個月要繳納的信用貸款、車貸、信用卡、現金卡、擔保貸款、就學貸款等的,1.0,"未滿3,000元"
106,ques106.pdf,I1-3,請問經濟戶長每個月要繳納的信用貸款、車貸、信用卡、現金卡、擔保貸款、就學貸款等的,2.0,"3,000 元-未滿5,000元"
106,ques106.pdf,I1-3,請問經濟戶長每個月要繳納的信用貸款、車貸、信用卡、現金卡、擔保貸款、就學貸款等的,3.0,"5,000 元-未滿7,000元"
106,ques106.pdf,I1-3,請問經濟戶長每個月要繳納的信用貸款、車貸、信用卡、現金卡、擔保貸款、就學貸款等的,4.0,"7,000 元-未滿10,000元"
106,ques106.pdf,I1-3,請問經濟戶長每個月要繳納的信用貸款、車貸、信用卡、現金卡、擔保貸款、就學貸款等的,5.0,"10,000 元-未滿12,000元"
106,ques106.pdf,I1-3,請問經濟戶長每個月要繳納的信用貸款、車貸、信用卡、現金卡、擔保貸款、就學貸款等的,6.0,"12,000 元-未滿15,000元"
106,ques106.pdf,I1-3,請問經濟戶長每個月要繳納的信用貸款、車貸、信用卡、現金卡、擔保貸款、就學貸款等的,7.0,"15,000元-未滿20,000元"
106,ques106.pdf,I1-3,請問經濟戶長每個月要繳納的信用貸款、車貸、信用卡、現金卡、擔保貸款、就學貸款等的,8.0,"20,000元-未滿25,000元"
106,ques106.pdf,I1-3,請問經濟戶長每個月要繳納的信用貸款、車貸、信用卡、現金卡、擔保貸款、就學貸款等的,9.0,"25,000元-未滿30,000元"
106,ques106.pdf,I1-3,請問經濟戶長每個月要繳納的信用貸款、車貸、信用卡、現金卡、擔保貸款、就學貸款等的,10.0,"30,000元-未滿40,000元"
106,ques106.pdf,I1-3,請問經濟戶長每個月要繳納的信用貸款、車貸、信用卡、現金卡、擔保貸款、就學貸款等的,11.0,"40,000元-未滿50,000元"
106,ques106.pdf,I1-3,請問經濟戶長每個月要繳納的信用貸款、車貸、信用卡、現金卡、擔保貸款、就學貸款等的,12.0,"50,000元-未滿60,000元"
106,ques106.pdf,I1-3,請問經濟戶長每個月要繳納的信用貸款、車貸、信用卡、現金卡、擔保貸款、就學貸款等的,13.0,"60,000元-未滿70,000元"
106,ques106.pdf,I1-3,請問經濟戶長每個月要繳納的信用貸款、車貸、信用卡、現金卡、擔保貸款、就學貸款等的,14.0,"70,000元以上，請記錄______________元"
106,ques106.pdf,I1-3,請問經濟戶長每個月要繳納的信用貸款、車貸、信用卡、現金卡、擔保貸款、就學貸款等的,15.0,沒有繳納
106,ques106.pdf,I2,請問經濟戶長有沒有創業貸款？,1.0,有
106,ques106.pdf,I2,請問經濟戶長有沒有創業貸款？,2.0,沒有跳答I3
106,ques106.pdf,I2-1,請問經濟戶長向哪些單位申請或借創業貸款？(可複選),1.0,政府單位(如原民會、經濟部)
106,ques106.pdf,I2-1,請問經濟戶長向哪些單位申請或借創業貸款？(可複選),2.0,銀行
106,ques106.pdf,I2-1,請問經濟戶長向哪些單位申請或借創業貸款？(可複選),3.0,信用合作社
106,ques106.pdf,I2-1,請問經濟戶長向哪些單位申請或借創業貸款？(可複選),4.0,儲蓄互助社
106,ques106.pdf,I2-1,請問經濟戶長向哪些單位申請或借創業貸款？(可複選),5.0,其他(請說明)__________
106,ques106.pdf,I2-2,請問經濟戶長的創業貸款總共借了多少錢？,1.0,未滿50萬元
106,ques106.pdf,I2-2,請問經濟戶長的創業貸款總共借了多少錢？,2.0,50萬元-未滿100萬元
106,ques106.pdf,I2-2,請問經濟戶長的創業貸款總共借了多少錢？,3.0,100萬元-未滿150萬元
106,ques106.pdf,I2-2,請問經濟戶長的創業貸款總共借了多少錢？,4.0,150萬元-未滿200萬元
106,ques106.pdf,I2-2,請問經濟戶長的創業貸款總共借了多少錢？,5.0,200萬元-未滿300萬元
106,ques106.pdf,I2-2,請問經濟戶長的創業貸款總共借了多少錢？,6.0,300萬元-未滿400萬元
106,ques106.pdf,I2-2,請問經濟戶長的創業貸款總共借了多少錢？,7.0,400萬元-未滿500萬元
106,ques106.pdf,I2-2,請問經濟戶長的創業貸款總共借了多少錢？,8.0,500萬元-未滿600萬元
106,ques106.pdf,I2-2,請問經濟戶長的創業貸款總共借了多少錢？,9.0,600萬元-未滿700萬元
106,ques106.pdf,I2-2,請問經濟戶長的創業貸款總共借了多少錢？,10.0,700 萬元-未滿800萬元
106,ques106.pdf,I2-2,請問經濟戶長的創業貸款總共借了多少錢？,11.0,800 萬元-未滿900萬元
106,ques106.pdf,I2-2,請問經濟戶長的創業貸款總共借了多少錢？,12.0,"900 萬元-未滿1,000萬元"
106,ques106.pdf,I2-2,請問經濟戶長的創業貸款總共借了多少錢？,13.0,"1,000 萬元及以上，請記錄______________萬元"
106,ques106.pdf,I2-3,請問經濟戶長每個月要繳納的創業貸款總共是多少？【106平均每個月的金額】,1.0,"未滿3,000元"
106,ques106.pdf,I2-3,請問經濟戶長每個月要繳納的創業貸款總共是多少？【106平均每個月的金額】,2.0,"3,000 元-未滿5,000元"
106,ques106.pdf,I2-3,請問經濟戶長每個月要繳納的創業貸款總共是多少？【106平均每個月的金額】,3.0,"5,000 元-未滿7,000元"
106,ques106.pdf,I2-3,請問經濟戶長每個月要繳納的創業貸款總共是多少？【106平均每個月的金額】,4.0,"7,000 元-未滿10,000元"
106,ques106.pdf,I2-3,請問經濟戶長每個月要繳納的創業貸款總共是多少？【106平均每個月的金額】,5.0,"10,000 元-未滿12,000元"
106,ques106.pdf,I2-3,請問經濟戶長每個月要繳納的創業貸款總共是多少？【106平均每個月的金額】,6.0,"12,000 元-未滿15,000元"
106,ques106.pdf,I2-3,請問經濟戶長每個月要繳納的創業貸款總共是多少？【106平均每個月的金額】,7.0,"15,000 元-未滿20,000元"
106,ques106.pdf,I2-3,請問經濟戶長每個月要繳納的創業貸款總共是多少？【106平均每個月的金額】,8.0,"20,000 元-未滿25,000元"
106,ques106.pdf,I2-3,請問經濟戶長每個月要繳納的創業貸款總共是多少？【106平均每個月的金額】,9.0,"25,000 元-未滿30,000元"
106,ques106.pdf,I2-3,請問經濟戶長每個月要繳納的創業貸款總共是多少？【106平均每個月的金額】,10.0,"30,000 元-未滿40,000元"
106,ques106.pdf,I2-3,請問經濟戶長每個月要繳納的創業貸款總共是多少？【106平均每個月的金額】,11.0,"40,000元-未滿50,000元"
106,ques106.pdf,I2-3,請問經濟戶長每個月要繳納的創業貸款總共是多少？【106平均每個月的金額】,12.0,"50,000元-未滿60,000元"
106,ques106.pdf,I2-3,請問經濟戶長每個月要繳納的創業貸款總共是多少？【106平均每個月的金額】,13.0,"60,000 元-未滿70,000元"
106,ques106.pdf,I2-3,請問經濟戶長每個月要繳納的創業貸款總共是多少？【106平均每個月的金額】,14.0,"70,000元以上，請記錄______________元 5"
106,ques106.pdf,I3,請問經濟戶長有沒有向親友、雇主、店家等借錢、預支薪水或賒帳等情形？,1.0,有
106,ques106.pdf,I3,請問經濟戶長有沒有向親友、雇主、店家等借錢、預支薪水或賒帳等情形？,2.0,沒有跳答I4
106,ques106.pdf,I3-1,請問經濟戶長向親友、雇主、店家等借錢、預支薪水、賒帳的金額大約多少？,1.0,"未滿1,000元"
106,ques106.pdf,I3-1,請問經濟戶長向親友、雇主、店家等借錢、預支薪水、賒帳的金額大約多少？,2.0,"1,000 元-未滿3,000元"
106,ques106.pdf,I3-1,請問經濟戶長向親友、雇主、店家等借錢、預支薪水、賒帳的金額大約多少？,3.0,"3,000 元-未滿5,000元"
106,ques106.pdf,I3-1,請問經濟戶長向親友、雇主、店家等借錢、預支薪水、賒帳的金額大約多少？,4.0,"5,000 元-未滿7,000元"
106,ques106.pdf,I3-1,請問經濟戶長向親友、雇主、店家等借錢、預支薪水、賒帳的金額大約多少？,5.0,"7,000 元-未滿10,000元"
106,ques106.pdf,I3-1,請問經濟戶長向親友、雇主、店家等借錢、預支薪水、賒帳的金額大約多少？,6.0,"10,000 元-未滿15,000元"
106,ques106.pdf,I3-1,請問經濟戶長向親友、雇主、店家等借錢、預支薪水、賒帳的金額大約多少？,7.0,"15,000 元-未滿20,000元"
106,ques106.pdf,I3-1,請問經濟戶長向親友、雇主、店家等借錢、預支薪水、賒帳的金額大約多少？,8.0,"20,000 元-未滿30,000元"
106,ques106.pdf,I3-1,請問經濟戶長向親友、雇主、店家等借錢、預支薪水、賒帳的金額大約多少？,9.0,"30,000 元-未滿40,000元"
106,ques106.pdf,I3-1,請問經濟戶長向親友、雇主、店家等借錢、預支薪水、賒帳的金額大約多少？,10.0,"40,000 元-未滿50,000元"
106,ques106.pdf,I3-1,請問經濟戶長向親友、雇主、店家等借錢、預支薪水、賒帳的金額大約多少？,11.0,"50,000元-未滿60,000元"
106,ques106.pdf,I3-1,請問經濟戶長向親友、雇主、店家等借錢、預支薪水、賒帳的金額大約多少？,12.0,"60,000元-未滿70,000元"
106,ques106.pdf,I3-1,請問經濟戶長向親友、雇主、店家等借錢、預支薪水、賒帳的金額大約多少？,13.0,"70,000 元-未滿80,000元"
106,ques106.pdf,I3-1,請問經濟戶長向親友、雇主、店家等借錢、預支薪水、賒帳的金額大約多少？,14.0,"80,000元-未滿90,000元"
106,ques106.pdf,I3-1,請問經濟戶長向親友、雇主、店家等借錢、預支薪水、賒帳的金額大約多少？,15.0,"90,000元-未滿100,000元"
106,ques106.pdf,I3-1,請問經濟戶長向親友、雇主、店家等借錢、預支薪水、賒帳的金額大約多少？,16.0,"100,000元以上，請記錄______________元"
106,ques106.pdf,I3-2,請問經濟戶長每個月要還款的金額，總共是多少？(私人借貸，例如向親友借錢買房買車),1.0,"未滿3,000元"
106,ques106.pdf,I3-2,請問經濟戶長每個月要還款的金額，總共是多少？(私人借貸，例如向親友借錢買房買車),2.0,"3,000 元-未滿5,000元"
106,ques106.pdf,I3-2,請問經濟戶長每個月要還款的金額，總共是多少？(私人借貸，例如向親友借錢買房買車),3.0,"5,000 元-未滿7,000元"
106,ques106.pdf,I3-2,請問經濟戶長每個月要還款的金額，總共是多少？(私人借貸，例如向親友借錢買房買車),4.0,"7,000 元-未滿10,000元"
106,ques106.pdf,I3-2,請問經濟戶長每個月要還款的金額，總共是多少？(私人借貸，例如向親友借錢買房買車),5.0,"10,000 元-未滿12,000元"
106,ques106.pdf,I3-2,請問經濟戶長每個月要還款的金額，總共是多少？(私人借貸，例如向親友借錢買房買車),6.0,"12,000 元-未滿15,000元"
106,ques106.pdf,I3-2,請問經濟戶長每個月要還款的金額，總共是多少？(私人借貸，例如向親友借錢買房買車),7.0,"15,000 元-未滿20,000元"
106,ques106.pdf,I3-2,請問經濟戶長每個月要還款的金額，總共是多少？(私人借貸，例如向親友借錢買房買車),8.0,"20,000 元-未滿25,000元"
106,ques106.pdf,I3-2,請問經濟戶長每個月要還款的金額，總共是多少？(私人借貸，例如向親友借錢買房買車),9.0,"25,000 元-未滿30,000元"
106,ques106.pdf,I3-2,請問經濟戶長每個月要還款的金額，總共是多少？(私人借貸，例如向親友借錢買房買車),10.0,"30,000 元-未滿40,000元"
106,ques106.pdf,I3-2,請問經濟戶長每個月要還款的金額，總共是多少？(私人借貸，例如向親友借錢買房買車),11.0,"40,000元-未滿50,000元"
106,ques106.pdf,I3-2,請問經濟戶長每個月要還款的金額，總共是多少？(私人借貸，例如向親友借錢買房買車),12.0,"50,000元-未滿60,000元"
106,ques106.pdf,I3-2,請問經濟戶長每個月要還款的金額，總共是多少？(私人借貸，例如向親友借錢買房買車),13.0,"60,000 元-未滿70,000元"
106,ques106.pdf,I3-2,請問經濟戶長每個月要還款的金額，總共是多少？(私人借貸，例如向親友借錢買房買車),14.0,"70,000元以上，請記錄______________元"
106,ques106.pdf,I3-2,請問經濟戶長每個月要還款的金額，總共是多少？(私人借貸，例如向親友借錢買房買車),15.0,勞務清償
106,ques106.pdf,I3-2,請問經濟戶長每個月要還款的金額，總共是多少？(私人借貸，例如向親友借錢買房買車),16.0,以物易物
106,ques106.pdf,I4,除了消費性貸款、創業貸款、私人借貸，請問經濟戶長有沒有其他貸款？,1.0,有，請說明______________
106,ques106.pdf,I4,除了消費性貸款、創業貸款、私人借貸，請問經濟戶長有沒有其他貸款？,2.0,沒有跳答J 部分
106,ques106.pdf,I4-1,請問經濟戶長向哪些單位借貸？(可複選),1.0,銀行
106,ques106.pdf,I4-1,請問經濟戶長向哪些單位借貸？(可複選),2.0,信用合作社
106,ques106.pdf,I4-1,請問經濟戶長向哪些單位借貸？(可複選),3.0,儲蓄互助社
106,ques106.pdf,I4-1,請問經濟戶長向哪些單位借貸？(可複選),4.0,其他(請說明)__________
106,ques106.pdf,I4-2,請問經濟戶長的其他貸款總共借了多少錢？,1.0,未滿50萬元
106,ques106.pdf,I4-2,請問經濟戶長的其他貸款總共借了多少錢？,2.0,50萬元-未滿100萬元
106,ques106.pdf,I4-2,請問經濟戶長的其他貸款總共借了多少錢？,3.0,100萬元-未滿150萬元
106,ques106.pdf,I4-2,請問經濟戶長的其他貸款總共借了多少錢？,4.0,150萬元-未滿200萬元
106,ques106.pdf,I4-2,請問經濟戶長的其他貸款總共借了多少錢？,5.0,200萬元-未滿300萬元
106,ques106.pdf,I4-2,請問經濟戶長的其他貸款總共借了多少錢？,6.0,300萬元-未滿400萬元
106,ques106.pdf,I4-2,請問經濟戶長的其他貸款總共借了多少錢？,7.0,400萬元-未滿500萬元
106,ques106.pdf,I4-2,請問經濟戶長的其他貸款總共借了多少錢？,8.0,500萬元-未滿600萬元
106,ques106.pdf,I4-2,請問經濟戶長的其他貸款總共借了多少錢？,9.0,600萬元-未滿700萬元
106,ques106.pdf,I4-2,請問經濟戶長的其他貸款總共借了多少錢？,10.0,700 萬元-未滿800萬元
106,ques106.pdf,I4-2,請問經濟戶長的其他貸款總共借了多少錢？,11.0,800 萬元-未滿900萬元
106,ques106.pdf,I4-2,請問經濟戶長的其他貸款總共借了多少錢？,12.0,"900 萬元-未滿1,000萬元"
106,ques106.pdf,I4-2,請問經濟戶長的其他貸款總共借了多少錢？,13.0,"1,000 萬元以上，請記錄______________萬元"
106,ques106.pdf,I4-3,請問經濟戶長每個月要繳納的其他貸款總共是多少？【106年平均每個月的金額】,1.0,"未滿3,000元"
106,ques106.pdf,I4-3,請問經濟戶長每個月要繳納的其他貸款總共是多少？【106年平均每個月的金額】,2.0,"3,000 元-未滿5,000元"
106,ques106.pdf,I4-3,請問經濟戶長每個月要繳納的其他貸款總共是多少？【106年平均每個月的金額】,3.0,"5,000 元-未滿7,000元"
106,ques106.pdf,I4-3,請問經濟戶長每個月要繳納的其他貸款總共是多少？【106年平均每個月的金額】,4.0,"7,000 元-未滿10,000元"
106,ques106.pdf,I4-3,請問經濟戶長每個月要繳納的其他貸款總共是多少？【106年平均每個月的金額】,5.0,"10,000 元-未滿12,000元"
106,ques106.pdf,I4-3,請問經濟戶長每個月要繳納的其他貸款總共是多少？【106年平均每個月的金額】,6.0,"12,000 元-未滿15,000元"
106,ques106.pdf,I4-3,請問經濟戶長每個月要繳納的其他貸款總共是多少？【106年平均每個月的金額】,7.0,"15,000 元-未滿20,000元"
106,ques106.pdf,I4-3,請問經濟戶長每個月要繳納的其他貸款總共是多少？【106年平均每個月的金額】,8.0,"20,000 元-未滿25,000元"
106,ques106.pdf,I4-3,請問經濟戶長每個月要繳納的其他貸款總共是多少？【106年平均每個月的金額】,9.0,"25,000 元-未滿30,000元"
106,ques106.pdf,I4-3,請問經濟戶長每個月要繳納的其他貸款總共是多少？【106年平均每個月的金額】,10.0,"30,000 元-未滿40,000元"
106,ques106.pdf,I4-3,請問經濟戶長每個月要繳納的其他貸款總共是多少？【106年平均每個月的金額】,11.0,"40,000元-未滿50,000元"
106,ques106.pdf,I4-3,請問經濟戶長每個月要繳納的其他貸款總共是多少？【106年平均每個月的金額】,12.0,"50,000元-未滿60,000元"
106,ques106.pdf,I4-3,請問經濟戶長每個月要繳納的其他貸款總共是多少？【106年平均每個月的金額】,13.0,"60,000 元-未滿70,000元"
106,ques106.pdf,I4-3,請問經濟戶長每個月要繳納的其他貸款總共是多少？【106年平均每個月的金額】,14.0,"70,000元以上，請記錄______________元 6 J 部分：經濟戶長個人收入"
106,ques106.pdf,J1,請問經濟戶長個人每個月「工作薪水、兼差薪水、加班費、退休金、年終獎金，以及從事農林漁,1.0,"未滿10,000元"
106,ques106.pdf,J1,請問經濟戶長個人每個月「工作薪水、兼差薪水、加班費、退休金、年終獎金，以及從事農林漁,2.0,"10,000 元-未滿15,000元"
106,ques106.pdf,J1,請問經濟戶長個人每個月「工作薪水、兼差薪水、加班費、退休金、年終獎金，以及從事農林漁,3.0,"15,000 元-未滿20,000元"
106,ques106.pdf,J1,請問經濟戶長個人每個月「工作薪水、兼差薪水、加班費、退休金、年終獎金，以及從事農林漁,4.0,"20,000 元-未滿25,000元"
106,ques106.pdf,J1,請問經濟戶長個人每個月「工作薪水、兼差薪水、加班費、退休金、年終獎金，以及從事農林漁,5.0,"25,000 元-未滿30,000元"
106,ques106.pdf,J1,請問經濟戶長個人每個月「工作薪水、兼差薪水、加班費、退休金、年終獎金，以及從事農林漁,6.0,"30,000 元-未滿40,000元"
106,ques106.pdf,J1,請問經濟戶長個人每個月「工作薪水、兼差薪水、加班費、退休金、年終獎金，以及從事農林漁,7.0,"40,000 元-未滿50,000元"
106,ques106.pdf,J1,請問經濟戶長個人每個月「工作薪水、兼差薪水、加班費、退休金、年終獎金，以及從事農林漁,8.0,"50,000 元-未滿60,000元"
106,ques106.pdf,J1,請問經濟戶長個人每個月「工作薪水、兼差薪水、加班費、退休金、年終獎金，以及從事農林漁,9.0,"60,000 元-未滿70,000元"
106,ques106.pdf,J1,請問經濟戶長個人每個月「工作薪水、兼差薪水、加班費、退休金、年終獎金，以及從事農林漁,10.0,"70,000 元-未滿80,000元"
106,ques106.pdf,J1,請問經濟戶長個人每個月「工作薪水、兼差薪水、加班費、退休金、年終獎金，以及從事農林漁,11.0,"80,000元-未滿90,000元"
106,ques106.pdf,J1,請問經濟戶長個人每個月「工作薪水、兼差薪水、加班費、退休金、年終獎金，以及從事農林漁,12.0,"90,000元-未滿100,000元"
106,ques106.pdf,J1,請問經濟戶長個人每個月「工作薪水、兼差薪水、加班費、退休金、年終獎金，以及從事農林漁,13.0,"100,000元-未滿130,000元"
106,ques106.pdf,J1,請問經濟戶長個人每個月「工作薪水、兼差薪水、加班費、退休金、年終獎金，以及從事農林漁,14.0,"130,000元-未滿160,000元"
106,ques106.pdf,J1,請問經濟戶長個人每個月「工作薪水、兼差薪水、加班費、退休金、年終獎金，以及從事農林漁,15.0,"160,000元以上，請記錄____________元"
106,ques106.pdf,J1,請問經濟戶長個人每個月「工作薪水、兼差薪水、加班費、退休金、年終獎金，以及從事農林漁,16.0,沒有這項收入 J2請問經濟戶長個人每個月接受「政府津貼補助、各種社會保險、私人保險受益」收入總共是多 少？【106年平均每個月的金額】
106,ques106.pdf,J1,請問經濟戶長個人每個月「工作薪水、兼差薪水、加班費、退休金、年終獎金，以及從事農林漁,1.0,"未滿1,000元"
106,ques106.pdf,J1,請問經濟戶長個人每個月「工作薪水、兼差薪水、加班費、退休金、年終獎金，以及從事農林漁,2.0,"1,000 元-未滿2,000元"
106,ques106.pdf,J1,請問經濟戶長個人每個月「工作薪水、兼差薪水、加班費、退休金、年終獎金，以及從事農林漁,3.0,"2,000 元-未滿3,000元"
106,ques106.pdf,J1,請問經濟戶長個人每個月「工作薪水、兼差薪水、加班費、退休金、年終獎金，以及從事農林漁,4.0,"3,000 元-未滿4,000元"
106,ques106.pdf,J1,請問經濟戶長個人每個月「工作薪水、兼差薪水、加班費、退休金、年終獎金，以及從事農林漁,5.0,"4,000 元-未滿5,000元"
106,ques106.pdf,J1,請問經濟戶長個人每個月「工作薪水、兼差薪水、加班費、退休金、年終獎金，以及從事農林漁,6.0,"5,000 元-未滿6,000元"
106,ques106.pdf,J1,請問經濟戶長個人每個月「工作薪水、兼差薪水、加班費、退休金、年終獎金，以及從事農林漁,7.0,"6,000 元-未滿8,000元"
106,ques106.pdf,J1,請問經濟戶長個人每個月「工作薪水、兼差薪水、加班費、退休金、年終獎金，以及從事農林漁,8.0,"8,000 元-未滿10,000元"
106,ques106.pdf,J1,請問經濟戶長個人每個月「工作薪水、兼差薪水、加班費、退休金、年終獎金，以及從事農林漁,9.0,"10,000元-未滿15,000元"
106,ques106.pdf,J1,請問經濟戶長個人每個月「工作薪水、兼差薪水、加班費、退休金、年終獎金，以及從事農林漁,10.0,"15,000元-未滿20,000元"
106,ques106.pdf,J1,請問經濟戶長個人每個月「工作薪水、兼差薪水、加班費、退休金、年終獎金，以及從事農林漁,11.0,"20,000元-未滿30,000元"
106,ques106.pdf,J1,請問經濟戶長個人每個月「工作薪水、兼差薪水、加班費、退休金、年終獎金，以及從事農林漁,12.0,"30,000元以上，請記錄________元 □(13 沒有這項收入"
106,ques106.pdf,J3,請問經濟戶長個人每個月「紅白包禮金、私人發給救濟金/慰問金/獎助學金、向私人借住房屋省,1.0,"未滿1,000元"
106,ques106.pdf,J3,請問經濟戶長個人每個月「紅白包禮金、私人發給救濟金/慰問金/獎助學金、向私人借住房屋省,2.0,"1,000 元-未滿2,000元"
106,ques106.pdf,J3,請問經濟戶長個人每個月「紅白包禮金、私人發給救濟金/慰問金/獎助學金、向私人借住房屋省,3.0,"2,000 元-未滿3,000元"
106,ques106.pdf,J3,請問經濟戶長個人每個月「紅白包禮金、私人發給救濟金/慰問金/獎助學金、向私人借住房屋省,4.0,"3,000 元-未滿4,000元"
106,ques106.pdf,J3,請問經濟戶長個人每個月「紅白包禮金、私人發給救濟金/慰問金/獎助學金、向私人借住房屋省,5.0,"4,000 元-未滿5,000元"
106,ques106.pdf,J3,請問經濟戶長個人每個月「紅白包禮金、私人發給救濟金/慰問金/獎助學金、向私人借住房屋省,6.0,"5,000 元-未滿6,000元"
106,ques106.pdf,J3,請問經濟戶長個人每個月「紅白包禮金、私人發給救濟金/慰問金/獎助學金、向私人借住房屋省,7.0,"6,000 元-未滿8,000元"
106,ques106.pdf,J3,請問經濟戶長個人每個月「紅白包禮金、私人發給救濟金/慰問金/獎助學金、向私人借住房屋省,8.0,"8,000 元-未滿10,000元"
106,ques106.pdf,J3,請問經濟戶長個人每個月「紅白包禮金、私人發給救濟金/慰問金/獎助學金、向私人借住房屋省,9.0,"10,000 元-未滿15,000元"
106,ques106.pdf,J3,請問經濟戶長個人每個月「紅白包禮金、私人發給救濟金/慰問金/獎助學金、向私人借住房屋省,10.0,"15,000 元-未滿20,000元"
106,ques106.pdf,J3,請問經濟戶長個人每個月「紅白包禮金、私人發給救濟金/慰問金/獎助學金、向私人借住房屋省,11.0,"20,000元-未滿30,000元"
106,ques106.pdf,J3,請問經濟戶長個人每個月「紅白包禮金、私人發給救濟金/慰問金/獎助學金、向私人借住房屋省,12.0,"30,000元以上，請記錄________元"
106,ques106.pdf,J3,請問經濟戶長個人每個月「紅白包禮金、私人發給救濟金/慰問金/獎助學金、向私人借住房屋省,13.0,沒有這項收入
106,ques106.pdf,J4,請問經濟戶長個人每個月的「存款利息、跟會利息、股票利息、各種投資利息」收入總共是多,1.0,"未滿1,000元"
106,ques106.pdf,J4,請問經濟戶長個人每個月的「存款利息、跟會利息、股票利息、各種投資利息」收入總共是多,2.0,"1,000 元-未滿2,000元"
106,ques106.pdf,J4,請問經濟戶長個人每個月的「存款利息、跟會利息、股票利息、各種投資利息」收入總共是多,3.0,"2,000 元-未滿3,000元"
106,ques106.pdf,J4,請問經濟戶長個人每個月的「存款利息、跟會利息、股票利息、各種投資利息」收入總共是多,4.0,"3,000 元-未滿4,000元"
106,ques106.pdf,J4,請問經濟戶長個人每個月的「存款利息、跟會利息、股票利息、各種投資利息」收入總共是多,5.0,"4,000 元-未滿5,000元"
106,ques106.pdf,J4,請問經濟戶長個人每個月的「存款利息、跟會利息、股票利息、各種投資利息」收入總共是多,6.0,"5,000 元-未滿6,000元"
106,ques106.pdf,J4,請問經濟戶長個人每個月的「存款利息、跟會利息、股票利息、各種投資利息」收入總共是多,7.0,"6,000 元-未滿8,000元"
106,ques106.pdf,J4,請問經濟戶長個人每個月的「存款利息、跟會利息、股票利息、各種投資利息」收入總共是多,8.0,"8,000 元-未滿10,000元"
106,ques106.pdf,J4,請問經濟戶長個人每個月的「存款利息、跟會利息、股票利息、各種投資利息」收入總共是多,9.0,"10,000 元-未滿15,000元"
106,ques106.pdf,J4,請問經濟戶長個人每個月的「存款利息、跟會利息、股票利息、各種投資利息」收入總共是多,10.0,"15,000 元-未滿20,000元"
106,ques106.pdf,J4,請問經濟戶長個人每個月的「存款利息、跟會利息、股票利息、各種投資利息」收入總共是多,11.0,"20,000元-未滿30,000元"
106,ques106.pdf,J4,請問經濟戶長個人每個月的「存款利息、跟會利息、股票利息、各種投資利息」收入總共是多,12.0,"30,000元以上，請記錄________元"
106,ques106.pdf,J4,請問經濟戶長個人每個月的「存款利息、跟會利息、股票利息、各種投資利息」收入總共是多,13.0,沒有這項收入
106,ques106.pdf,J5,請問經濟戶長個人每個月的「房屋、土地出租租金」收入總共是多少？【106年平均每個月的金,1.0,"未滿5,000元"
106,ques106.pdf,J5,請問經濟戶長個人每個月的「房屋、土地出租租金」收入總共是多少？【106年平均每個月的金,2.0,"5,000 元-未滿10,000元"
106,ques106.pdf,J5,請問經濟戶長個人每個月的「房屋、土地出租租金」收入總共是多少？【106年平均每個月的金,3.0,"10,000元-未滿15,000元"
106,ques106.pdf,J5,請問經濟戶長個人每個月的「房屋、土地出租租金」收入總共是多少？【106年平均每個月的金,4.0,"15,000元-未滿20,000元"
106,ques106.pdf,J5,請問經濟戶長個人每個月的「房屋、土地出租租金」收入總共是多少？【106年平均每個月的金,5.0,"20,000元-未滿25,000元"
106,ques106.pdf,J5,請問經濟戶長個人每個月的「房屋、土地出租租金」收入總共是多少？【106年平均每個月的金,6.0,"25,000元-未滿30,000元"
106,ques106.pdf,J5,請問經濟戶長個人每個月的「房屋、土地出租租金」收入總共是多少？【106年平均每個月的金,7.0,"30,000元-未滿40,000元"
106,ques106.pdf,J5,請問經濟戶長個人每個月的「房屋、土地出租租金」收入總共是多少？【106年平均每個月的金,8.0,"40,000元-未滿50,000元"
106,ques106.pdf,J5,請問經濟戶長個人每個月的「房屋、土地出租租金」收入總共是多少？【106年平均每個月的金,9.0,"50,000元-未滿60,000元"
106,ques106.pdf,J5,請問經濟戶長個人每個月的「房屋、土地出租租金」收入總共是多少？【106年平均每個月的金,10.0,"60,000元-未滿70,000元"
106,ques106.pdf,J5,請問經濟戶長個人每個月的「房屋、土地出租租金」收入總共是多少？【106年平均每個月的金,11.0,"70,000元-未滿80,000元"
106,ques106.pdf,J5,請問經濟戶長個人每個月的「房屋、土地出租租金」收入總共是多少？【106年平均每個月的金,12.0,"80,000元以上，請記錄_________________元"
106,ques106.pdf,J5,請問經濟戶長個人每個月的「房屋、土地出租租金」收入總共是多少？【106年平均每個月的金,13.0,沒有這項收入 7
106,ques106.pdf,J6,除了以上這些收入以外，請問經濟戶長個人每個月「其他雜項」收入總共是多少？【106年平均,1.0,"未滿5,000元"
106,ques106.pdf,J6,除了以上這些收入以外，請問經濟戶長個人每個月「其他雜項」收入總共是多少？【106年平均,2.0,"5,000 元-未滿10,000元"
106,ques106.pdf,J6,除了以上這些收入以外，請問經濟戶長個人每個月「其他雜項」收入總共是多少？【106年平均,3.0,"10,000元-未滿15,000元"
106,ques106.pdf,J6,除了以上這些收入以外，請問經濟戶長個人每個月「其他雜項」收入總共是多少？【106年平均,4.0,"15,000元-未滿20,000元"
106,ques106.pdf,J6,除了以上這些收入以外，請問經濟戶長個人每個月「其他雜項」收入總共是多少？【106年平均,5.0,"20,000元-未滿25,000元"
106,ques106.pdf,J6,除了以上這些收入以外，請問經濟戶長個人每個月「其他雜項」收入總共是多少？【106年平均,6.0,"25,000元-未滿30,000元"
106,ques106.pdf,J6,除了以上這些收入以外，請問經濟戶長個人每個月「其他雜項」收入總共是多少？【106年平均,7.0,"30,000元-未滿40,000元"
106,ques106.pdf,J6,除了以上這些收入以外，請問經濟戶長個人每個月「其他雜項」收入總共是多少？【106年平均,8.0,"40,000元-未滿50,000元"
106,ques106.pdf,J6,除了以上這些收入以外，請問經濟戶長個人每個月「其他雜項」收入總共是多少？【106年平均,9.0,"50,000元-未滿60,000元"
106,ques106.pdf,J6,除了以上這些收入以外，請問經濟戶長個人每個月「其他雜項」收入總共是多少？【106年平均,10.0,"60,000元-未滿70,000元"
106,ques106.pdf,J6,除了以上這些收入以外，請問經濟戶長個人每個月「其他雜項」收入總共是多少？【106年平均,11.0,"70,000元-未滿80,000元"
106,ques106.pdf,J6,除了以上這些收入以外，請問經濟戶長個人每個月「其他雜項」收入總共是多少？【106年平均,12.0,"80,000元以上，請記錄_________________元"
106,ques106.pdf,J6,除了以上這些收入以外，請問經濟戶長個人每個月「其他雜項」收入總共是多少？【106年平均,13.0,沒有這項收入 K 部分：經濟戶長投資狀況
106,ques106.pdf,K1,請問經濟戶長目前有從事以下哪些投資嗎？(可複選),1.0,銀行定存
106,ques106.pdf,K1,請問經濟戶長目前有從事以下哪些投資嗎？(可複選),2.0,投資股票
106,ques106.pdf,K1,請問經濟戶長目前有從事以下哪些投資嗎？(可複選),3.0,投資基金
106,ques106.pdf,K1,請問經濟戶長目前有從事以下哪些投資嗎？(可複選),4.0,投資債券/期貨
106,ques106.pdf,K1,請問經濟戶長目前有從事以下哪些投資嗎？(可複選),5.0,買黃金
106,ques106.pdf,K1,請問經濟戶長目前有從事以下哪些投資嗎？(可複選),6.0,買儲蓄型或投資型保險
106,ques106.pdf,K1,請問經濟戶長目前有從事以下哪些投資嗎？(可複選),7.0,投資不動產(土地、房屋)
106,ques106.pdf,K1,請問經濟戶長目前有從事以下哪些投資嗎？(可複選),8.0,投資外幣
106,ques106.pdf,K1,請問經濟戶長目前有從事以下哪些投資嗎？(可複選),9.0,投資虛擬貨幣(如比特幣)
106,ques106.pdf,K1,請問經濟戶長目前有從事以下哪些投資嗎？(可複選),10.0,參加民間跟會
106,ques106.pdf,K1,請問經濟戶長目前有從事以下哪些投資嗎？(可複選),11.0,其他，請說明_____________
106,ques106.pdf,K1,請問經濟戶長目前有從事以下哪些投資嗎？(可複選),12.0,都沒有投資跳答K2
106,ques106.pdf,K1-1,請問經濟戶長每個月用於投資的金額是多少？,1.0,"未滿1,000元"
106,ques106.pdf,K1-1,請問經濟戶長每個月用於投資的金額是多少？,2.0,"1,000 元-未滿3,000元"
106,ques106.pdf,K1-1,請問經濟戶長每個月用於投資的金額是多少？,3.0,"3,000 元-未滿5,000元"
106,ques106.pdf,K1-1,請問經濟戶長每個月用於投資的金額是多少？,4.0,"5,000 元-未滿7,000元"
106,ques106.pdf,K1-1,請問經濟戶長每個月用於投資的金額是多少？,5.0,"7,000 元-未滿10,000元"
106,ques106.pdf,K1-1,請問經濟戶長每個月用於投資的金額是多少？,6.0,"10,000 元-未滿15,000元"
106,ques106.pdf,K1-1,請問經濟戶長每個月用於投資的金額是多少？,7.0,"15,000 元-未滿20,000元"
106,ques106.pdf,K1-1,請問經濟戶長每個月用於投資的金額是多少？,8.0,"20,000 元-未滿30,000元"
106,ques106.pdf,K1-1,請問經濟戶長每個月用於投資的金額是多少？,9.0,"30,000 元-未滿40,000元"
106,ques106.pdf,K1-1,請問經濟戶長每個月用於投資的金額是多少？,10.0,"40,000元-未滿50,000元"
106,ques106.pdf,K1-1,請問經濟戶長每個月用於投資的金額是多少？,11.0,"50,000元-未滿60,000元"
106,ques106.pdf,K1-1,請問經濟戶長每個月用於投資的金額是多少？,12.0,"60,000元-未滿70,000元"
106,ques106.pdf,K1-1,請問經濟戶長每個月用於投資的金額是多少？,13.0,"70,000元-未滿80,000元"
106,ques106.pdf,K1-1,請問經濟戶長每個月用於投資的金額是多少？,14.0,"80,000元-未滿 90,000元"
106,ques106.pdf,K1-1,請問經濟戶長每個月用於投資的金額是多少？,15.0,"90,000元-未滿100,000元"
106,ques106.pdf,K1-1,請問經濟戶長每個月用於投資的金額是多少？,16.0,"100,000元以上，請記錄_________________元"
106,ques106.pdf,K2,請問經濟戶長每個月可以儲蓄（存錢）的金額是多少？,1.0,"未滿5,000元"
106,ques106.pdf,K2,請問經濟戶長每個月可以儲蓄（存錢）的金額是多少？,2.0,"5,000 元-未滿10,000元"
106,ques106.pdf,K2,請問經濟戶長每個月可以儲蓄（存錢）的金額是多少？,3.0,"10,000 元-未滿15,000元"
106,ques106.pdf,K2,請問經濟戶長每個月可以儲蓄（存錢）的金額是多少？,4.0,"15,000 元-未滿20,000元"
106,ques106.pdf,K2,請問經濟戶長每個月可以儲蓄（存錢）的金額是多少？,5.0,"20,000 元-未滿30,000元"
106,ques106.pdf,K2,請問經濟戶長每個月可以儲蓄（存錢）的金額是多少？,6.0,"30,000元-未滿40,000元"
106,ques106.pdf,K2,請問經濟戶長每個月可以儲蓄（存錢）的金額是多少？,7.0,"40,000元-未滿50,000元"
106,ques106.pdf,K2,請問經濟戶長每個月可以儲蓄（存錢）的金額是多少？,8.0,"50,000元-未滿60,000元"
106,ques106.pdf,K2,請問經濟戶長每個月可以儲蓄（存錢）的金額是多少？,9.0,"60,000 元-未滿70,000元"
106,ques106.pdf,K2,請問經濟戶長每個月可以儲蓄（存錢）的金額是多少？,10.0,"70,000 元-未滿80,000元"
106,ques106.pdf,K2,請問經濟戶長每個月可以儲蓄（存錢）的金額是多少？,11.0,"80,000元-未滿90,000元"
106,ques106.pdf,K2,請問經濟戶長每個月可以儲蓄（存錢）的金額是多少？,12.0,"90,000元-未滿10,000元"
106,ques106.pdf,K2,請問經濟戶長每個月可以儲蓄（存錢）的金額是多少？,13.0,"100,000元以上，請記錄_________________元"
106,ques106.pdf,K2,請問經濟戶長每個月可以儲蓄（存錢）的金額是多少？,14.0,沒有儲蓄
106,ques106.pdf,K3,除了經濟戶長本人，其他家人目前有從事以下哪些投資嗎？(可複選),1.0,銀行定存
106,ques106.pdf,K3,除了經濟戶長本人，其他家人目前有從事以下哪些投資嗎？(可複選),2.0,投資股票
106,ques106.pdf,K3,除了經濟戶長本人，其他家人目前有從事以下哪些投資嗎？(可複選),3.0,投資基金
106,ques106.pdf,K3,除了經濟戶長本人，其他家人目前有從事以下哪些投資嗎？(可複選),4.0,投資債券/期貨
106,ques106.pdf,K3,除了經濟戶長本人，其他家人目前有從事以下哪些投資嗎？(可複選),5.0,買黃金
106,ques106.pdf,K3,除了經濟戶長本人，其他家人目前有從事以下哪些投資嗎？(可複選),6.0,買儲蓄型或投資型保險
106,ques106.pdf,K3,除了經濟戶長本人，其他家人目前有從事以下哪些投資嗎？(可複選),7.0,投資不動產(土地、房屋)
106,ques106.pdf,K3,除了經濟戶長本人，其他家人目前有從事以下哪些投資嗎？(可複選),8.0,投資外幣
106,ques106.pdf,K3,除了經濟戶長本人，其他家人目前有從事以下哪些投資嗎？(可複選),9.0,投資虛擬貨幣(如比特幣)
106,ques106.pdf,K3,除了經濟戶長本人，其他家人目前有從事以下哪些投資嗎？(可複選),10.0,參加民間跟會
106,ques106.pdf,K3,除了經濟戶長本人，其他家人目前有從事以下哪些投資嗎？(可複選),11.0,其他，請說明_____________
106,ques106.pdf,K3,除了經濟戶長本人，其他家人目前有從事以下哪些投資嗎？(可複選),12.0,都沒有投資 8 L 部分：家庭收入
106,ques106.pdf,L1,除了經濟戶長本人以外，家裡有沒有「其他家人」有固定收入？,1.0,有，共______________位
106,ques106.pdf,L1,除了經濟戶長本人以外，家裡有沒有「其他家人」有固定收入？,2.0,沒有跳答L3
106,ques106.pdf,L2,承上題(L1)，請問這些有固定收入的家人中，具有原住民身分者有幾位？,1.0,有具原住民身分，共______________位
106,ques106.pdf,L2,承上題(L1)，請問這些有固定收入的家人中，具有原住民身分者有幾位？,2.0,沒有原住民身分
106,ques106.pdf,L3,包含經濟戶長本人，全家每個月的「工作薪水、兼差薪水、加班費、退休金，或是從事農林漁牧,1.0,"未滿10,000元"
106,ques106.pdf,L3,包含經濟戶長本人，全家每個月的「工作薪水、兼差薪水、加班費、退休金，或是從事農林漁牧,2.0,"10,000元-未滿20,000元"
106,ques106.pdf,L3,包含經濟戶長本人，全家每個月的「工作薪水、兼差薪水、加班費、退休金，或是從事農林漁牧,3.0,"20,000元-未滿30,000元"
106,ques106.pdf,L3,包含經濟戶長本人，全家每個月的「工作薪水、兼差薪水、加班費、退休金，或是從事農林漁牧,4.0,"30,000元-未滿40,000元"
106,ques106.pdf,L3,包含經濟戶長本人，全家每個月的「工作薪水、兼差薪水、加班費、退休金，或是從事農林漁牧,5.0,"40,000元-未滿50,000元"
106,ques106.pdf,L3,包含經濟戶長本人，全家每個月的「工作薪水、兼差薪水、加班費、退休金，或是從事農林漁牧,6.0,"50,000元-未滿60,000元"
106,ques106.pdf,L3,包含經濟戶長本人，全家每個月的「工作薪水、兼差薪水、加班費、退休金，或是從事農林漁牧,7.0,"60,000元-未滿70,000元"
106,ques106.pdf,L3,包含經濟戶長本人，全家每個月的「工作薪水、兼差薪水、加班費、退休金，或是從事農林漁牧,8.0,"70,000元-未滿80,000元"
106,ques106.pdf,L3,包含經濟戶長本人，全家每個月的「工作薪水、兼差薪水、加班費、退休金，或是從事農林漁牧,9.0,"80,000元-未滿90,000元"
106,ques106.pdf,L3,包含經濟戶長本人，全家每個月的「工作薪水、兼差薪水、加班費、退休金，或是從事農林漁牧,10.0,"90,000元-未滿100,000元"
106,ques106.pdf,L3,包含經濟戶長本人，全家每個月的「工作薪水、兼差薪水、加班費、退休金，或是從事農林漁牧,11.0,"100,000元-未滿130,000元"
106,ques106.pdf,L3,包含經濟戶長本人，全家每個月的「工作薪水、兼差薪水、加班費、退休金，或是從事農林漁牧,12.0,"130,000元-未滿160,000元"
106,ques106.pdf,L3,包含經濟戶長本人，全家每個月的「工作薪水、兼差薪水、加班費、退休金，或是從事農林漁牧,13.0,"160,000元以上，請記錄____________元"
106,ques106.pdf,L3,包含經濟戶長本人，全家每個月的「工作薪水、兼差薪水、加班費、退休金，或是從事農林漁牧,14.0,沒有這項收入
106,ques106.pdf,L4,包含經濟戶長本人，全家每個月接受「政府發給津貼、補助、各種社會保險、私人保險」總收入,1.0,"未滿1,000元"
106,ques106.pdf,L4,包含經濟戶長本人，全家每個月接受「政府發給津貼、補助、各種社會保險、私人保險」總收入,2.0,"1,000 元-未滿2,000元"
106,ques106.pdf,L4,包含經濟戶長本人，全家每個月接受「政府發給津貼、補助、各種社會保險、私人保險」總收入,3.0,"2,000 元-未滿3,000元"
106,ques106.pdf,L4,包含經濟戶長本人，全家每個月接受「政府發給津貼、補助、各種社會保險、私人保險」總收入,4.0,"3,000 元-未滿4,000元"
106,ques106.pdf,L4,包含經濟戶長本人，全家每個月接受「政府發給津貼、補助、各種社會保險、私人保險」總收入,5.0,"4,000 元-未滿5,000元"
106,ques106.pdf,L4,包含經濟戶長本人，全家每個月接受「政府發給津貼、補助、各種社會保險、私人保險」總收入,6.0,"5,000 元-未滿6,000元"
106,ques106.pdf,L4,包含經濟戶長本人，全家每個月接受「政府發給津貼、補助、各種社會保險、私人保險」總收入,7.0,"6,000 元-未滿8,000元"
106,ques106.pdf,L4,包含經濟戶長本人，全家每個月接受「政府發給津貼、補助、各種社會保險、私人保險」總收入,8.0,"8,000 元-未滿10,000元"
106,ques106.pdf,L4,包含經濟戶長本人，全家每個月接受「政府發給津貼、補助、各種社會保險、私人保險」總收入,9.0,"10,000元-未滿15,000元"
106,ques106.pdf,L4,包含經濟戶長本人，全家每個月接受「政府發給津貼、補助、各種社會保險、私人保險」總收入,10.0,"15,000元-未滿20,000元"
106,ques106.pdf,L4,包含經濟戶長本人，全家每個月接受「政府發給津貼、補助、各種社會保險、私人保險」總收入,11.0,"20,000元-未滿30,000元"
106,ques106.pdf,L4,包含經濟戶長本人，全家每個月接受「政府發給津貼、補助、各種社會保險、私人保險」總收入,12.0,"30,000元以上，請記錄________元"
106,ques106.pdf,L4,包含經濟戶長本人，全家每個月接受「政府發給津貼、補助、各種社會保險、私人保險」總收入,13.0,沒有這項收入
106,ques106.pdf,L5,包含經濟戶長本人，全家每個月接受「紅白包禮金、私人發給救濟金/慰問金/獎助學金、向私人,1.0,"未滿1,000元"
106,ques106.pdf,L5,包含經濟戶長本人，全家每個月接受「紅白包禮金、私人發給救濟金/慰問金/獎助學金、向私人,2.0,"1,000 元-未滿2,000元"
106,ques106.pdf,L5,包含經濟戶長本人，全家每個月接受「紅白包禮金、私人發給救濟金/慰問金/獎助學金、向私人,3.0,"2,000 元-未滿3,000元"
106,ques106.pdf,L5,包含經濟戶長本人，全家每個月接受「紅白包禮金、私人發給救濟金/慰問金/獎助學金、向私人,4.0,"3,000 元-未滿4,000元"
106,ques106.pdf,L5,包含經濟戶長本人，全家每個月接受「紅白包禮金、私人發給救濟金/慰問金/獎助學金、向私人,5.0,"4,000 元-未滿5,000元"
106,ques106.pdf,L5,包含經濟戶長本人，全家每個月接受「紅白包禮金、私人發給救濟金/慰問金/獎助學金、向私人,6.0,"5,000 元-未滿6,000元"
106,ques106.pdf,L5,包含經濟戶長本人，全家每個月接受「紅白包禮金、私人發給救濟金/慰問金/獎助學金、向私人,7.0,"6,000 元-未滿8,000元"
106,ques106.pdf,L5,包含經濟戶長本人，全家每個月接受「紅白包禮金、私人發給救濟金/慰問金/獎助學金、向私人,8.0,"8,000 元-未滿10,000元"
106,ques106.pdf,L5,包含經濟戶長本人，全家每個月接受「紅白包禮金、私人發給救濟金/慰問金/獎助學金、向私人,9.0,"10,000 元-未滿15,000元"
106,ques106.pdf,L5,包含經濟戶長本人，全家每個月接受「紅白包禮金、私人發給救濟金/慰問金/獎助學金、向私人,10.0,"15,000 元-未滿20,000元"
106,ques106.pdf,L5,包含經濟戶長本人，全家每個月接受「紅白包禮金、私人發給救濟金/慰問金/獎助學金、向私人,11.0,"20,000元-未滿30,000元"
106,ques106.pdf,L5,包含經濟戶長本人，全家每個月接受「紅白包禮金、私人發給救濟金/慰問金/獎助學金、向私人,12.0,"30,000 元以上，請記錄________元"
106,ques106.pdf,L5,包含經濟戶長本人，全家每個月接受「紅白包禮金、私人發給救濟金/慰問金/獎助學金、向私人,13.0,沒有這項收入
106,ques106.pdf,L6,包含經濟戶長本人，全家每個月的「存款利息、跟會利息、股票利息、各種投資利息」總收入是,1.0,"未滿1,000元"
106,ques106.pdf,L6,包含經濟戶長本人，全家每個月的「存款利息、跟會利息、股票利息、各種投資利息」總收入是,2.0,"1,000 元-未滿2,000元"
106,ques106.pdf,L6,包含經濟戶長本人，全家每個月的「存款利息、跟會利息、股票利息、各種投資利息」總收入是,3.0,"2,000 元-未滿3,000元"
106,ques106.pdf,L6,包含經濟戶長本人，全家每個月的「存款利息、跟會利息、股票利息、各種投資利息」總收入是,4.0,"3,000 元-未滿4,000元"
106,ques106.pdf,L6,包含經濟戶長本人，全家每個月的「存款利息、跟會利息、股票利息、各種投資利息」總收入是,5.0,"4,000 元-未滿5,000元"
106,ques106.pdf,L6,包含經濟戶長本人，全家每個月的「存款利息、跟會利息、股票利息、各種投資利息」總收入是,6.0,"5,000 元-未滿6,000元"
106,ques106.pdf,L6,包含經濟戶長本人，全家每個月的「存款利息、跟會利息、股票利息、各種投資利息」總收入是,7.0,"6,000 元-未滿8,000元"
106,ques106.pdf,L6,包含經濟戶長本人，全家每個月的「存款利息、跟會利息、股票利息、各種投資利息」總收入是,8.0,"8,000 元-未滿10,000元"
106,ques106.pdf,L6,包含經濟戶長本人，全家每個月的「存款利息、跟會利息、股票利息、各種投資利息」總收入是,9.0,"10,000元-未滿15,000元"
106,ques106.pdf,L6,包含經濟戶長本人，全家每個月的「存款利息、跟會利息、股票利息、各種投資利息」總收入是,10.0,"15,000元-未滿20,000元"
106,ques106.pdf,L6,包含經濟戶長本人，全家每個月的「存款利息、跟會利息、股票利息、各種投資利息」總收入是,11.0,"20,000元-未滿30,000元"
106,ques106.pdf,L6,包含經濟戶長本人，全家每個月的「存款利息、跟會利息、股票利息、各種投資利息」總收入是,12.0,"30,000元以上，請記錄________元"
106,ques106.pdf,L6,包含經濟戶長本人，全家每個月的「存款利息、跟會利息、股票利息、各種投資利息」總收入是,13.0,沒有這項收入 9
106,ques106.pdf,L7,包含經濟戶長本人，全家每個月的「房屋、土地出租租金」收入總共是多少？【106年平均每個,1.0,"未滿5,000元"
106,ques106.pdf,L7,包含經濟戶長本人，全家每個月的「房屋、土地出租租金」收入總共是多少？【106年平均每個,2.0,"5,000 元-未滿10,000元"
106,ques106.pdf,L7,包含經濟戶長本人，全家每個月的「房屋、土地出租租金」收入總共是多少？【106年平均每個,3.0,"10,000元-未滿15,000元"
106,ques106.pdf,L7,包含經濟戶長本人，全家每個月的「房屋、土地出租租金」收入總共是多少？【106年平均每個,4.0,"15,000元-未滿20,000元"
106,ques106.pdf,L7,包含經濟戶長本人，全家每個月的「房屋、土地出租租金」收入總共是多少？【106年平均每個,5.0,"20,000元-未滿25,000元"
106,ques106.pdf,L7,包含經濟戶長本人，全家每個月的「房屋、土地出租租金」收入總共是多少？【106年平均每個,6.0,"25,000元-未滿30,000元"
106,ques106.pdf,L7,包含經濟戶長本人，全家每個月的「房屋、土地出租租金」收入總共是多少？【106年平均每個,7.0,"30,000元-未滿40,000元"
106,ques106.pdf,L7,包含經濟戶長本人，全家每個月的「房屋、土地出租租金」收入總共是多少？【106年平均每個,8.0,"40,000元-未滿50,000元"
106,ques106.pdf,L7,包含經濟戶長本人，全家每個月的「房屋、土地出租租金」收入總共是多少？【106年平均每個,9.0,"50,000元-未滿60,000元"
106,ques106.pdf,L7,包含經濟戶長本人，全家每個月的「房屋、土地出租租金」收入總共是多少？【106年平均每個,10.0,"60,000元-未滿70,000元"
106,ques106.pdf,L7,包含經濟戶長本人，全家每個月的「房屋、土地出租租金」收入總共是多少？【106年平均每個,11.0,"70,000元-未滿80,000元"
106,ques106.pdf,L7,包含經濟戶長本人，全家每個月的「房屋、土地出租租金」收入總共是多少？【106年平均每個,12.0,"80,000元以上，請記錄_________________元"
106,ques106.pdf,L7,包含經濟戶長本人，全家每個月的「房屋、土地出租租金」收入總共是多少？【106年平均每個,13.0,沒有這項收入
106,ques106.pdf,L8,包含經濟戶長本人，全家每個月除了以上這些收入以外的「其他雜項」收入總共是多少？【106,1.0,"未滿5,000元"
106,ques106.pdf,L8,包含經濟戶長本人，全家每個月除了以上這些收入以外的「其他雜項」收入總共是多少？【106,2.0,"5,000 元-未滿10,000元"
106,ques106.pdf,L8,包含經濟戶長本人，全家每個月除了以上這些收入以外的「其他雜項」收入總共是多少？【106,3.0,"10,000元-未滿15,000元"
106,ques106.pdf,L8,包含經濟戶長本人，全家每個月除了以上這些收入以外的「其他雜項」收入總共是多少？【106,4.0,"15,000元-未滿20,000元"
106,ques106.pdf,L8,包含經濟戶長本人，全家每個月除了以上這些收入以外的「其他雜項」收入總共是多少？【106,5.0,"20,000元-未滿25,000元"
106,ques106.pdf,L8,包含經濟戶長本人，全家每個月除了以上這些收入以外的「其他雜項」收入總共是多少？【106,6.0,"25,000元-未滿30,000元"
106,ques106.pdf,L8,包含經濟戶長本人，全家每個月除了以上這些收入以外的「其他雜項」收入總共是多少？【106,7.0,"30,000元-未滿40,000元"
106,ques106.pdf,L8,包含經濟戶長本人，全家每個月除了以上這些收入以外的「其他雜項」收入總共是多少？【106,8.0,"40,000元-未滿50,000元"
106,ques106.pdf,L8,包含經濟戶長本人，全家每個月除了以上這些收入以外的「其他雜項」收入總共是多少？【106,9.0,"50,000元-未滿60,000元"
106,ques106.pdf,L8,包含經濟戶長本人，全家每個月除了以上這些收入以外的「其他雜項」收入總共是多少？【106,10.0,"60,000元-未滿70,000元"
106,ques106.pdf,L8,包含經濟戶長本人，全家每個月除了以上這些收入以外的「其他雜項」收入總共是多少？【106,11.0,"70,000元-未滿80,000元"
106,ques106.pdf,L8,包含經濟戶長本人，全家每個月除了以上這些收入以外的「其他雜項」收入總共是多少？【106,12.0,"80,000元以上，請記錄_________________元"
106,ques106.pdf,L8,包含經濟戶長本人，全家每個月除了以上這些收入以外的「其他雜項」收入總共是多少？【106,13.0,沒有這項收入
106,ques106.pdf,L9,請問家中有沒有戶籍不在這裡，也沒有居住在這裡，但每個月或定期會提供家裡金錢的家人？,1.0,有
106,ques106.pdf,L9,請問家中有沒有戶籍不在這裡，也沒有居住在這裡，但每個月或定期會提供家裡金錢的家人？,2.0,沒有跳答M 部分
106,ques106.pdf,L10,請問有幾位？________位,,
106,ques106.pdf,L11,這幾位家人平均每個月提供的總金額大約多少錢？_______________元,,
106,ques106.pdf,M1,請問您全家每個月用在支付「買米/肉/菜、水果、非酒精飲料費、糖果零食等」的費用是多,1.0,"未滿3,000元"
106,ques106.pdf,M1,請問您全家每個月用在支付「買米/肉/菜、水果、非酒精飲料費、糖果零食等」的費用是多,2.0,"3,000 元-未滿5,000元"
106,ques106.pdf,M1,請問您全家每個月用在支付「買米/肉/菜、水果、非酒精飲料費、糖果零食等」的費用是多,3.0,"5,000 元-未滿7,000元"
106,ques106.pdf,M1,請問您全家每個月用在支付「買米/肉/菜、水果、非酒精飲料費、糖果零食等」的費用是多,4.0,"7,000 元-未滿10,000元"
106,ques106.pdf,M1,請問您全家每個月用在支付「買米/肉/菜、水果、非酒精飲料費、糖果零食等」的費用是多,5.0,"10,000 元-未滿12,000元"
106,ques106.pdf,M1,請問您全家每個月用在支付「買米/肉/菜、水果、非酒精飲料費、糖果零食等」的費用是多,6.0,"12,000 元-未滿15,000元"
106,ques106.pdf,M1,請問您全家每個月用在支付「買米/肉/菜、水果、非酒精飲料費、糖果零食等」的費用是多,7.0,"15,000 元-未滿20,000元"
106,ques106.pdf,M1,請問您全家每個月用在支付「買米/肉/菜、水果、非酒精飲料費、糖果零食等」的費用是多,8.0,"20,000 元-未滿30,000元"
106,ques106.pdf,M1,請問您全家每個月用在支付「買米/肉/菜、水果、非酒精飲料費、糖果零食等」的費用是多,9.0,"30,000 元-未滿40,000元"
106,ques106.pdf,M1,請問您全家每個月用在支付「買米/肉/菜、水果、非酒精飲料費、糖果零食等」的費用是多,10.0,"40,000 元-未滿50,000元"
106,ques106.pdf,M1,請問您全家每個月用在支付「買米/肉/菜、水果、非酒精飲料費、糖果零食等」的費用是多,11.0,"50,000元-未滿60,000元"
106,ques106.pdf,M1,請問您全家每個月用在支付「買米/肉/菜、水果、非酒精飲料費、糖果零食等」的費用是多,12.0,"60,000元-未滿70,000元"
106,ques106.pdf,M1,請問您全家每個月用在支付「買米/肉/菜、水果、非酒精飲料費、糖果零食等」的費用是多,13.0,"70,000 元以上，請記錄______________元"
106,ques106.pdf,M2,請問您全家每個月用在支付「房租、水電瓦斯、住宅裝修、建築物保險等」的費用是多少？,1.0,"未滿1,000元"
106,ques106.pdf,M2,請問您全家每個月用在支付「房租、水電瓦斯、住宅裝修、建築物保險等」的費用是多少？,2.0,"1,000 元-未滿1,500元"
106,ques106.pdf,M2,請問您全家每個月用在支付「房租、水電瓦斯、住宅裝修、建築物保險等」的費用是多少？,3.0,"1,500 元-未滿2,000元"
106,ques106.pdf,M2,請問您全家每個月用在支付「房租、水電瓦斯、住宅裝修、建築物保險等」的費用是多少？,4.0,"2,000 元-未滿2,500元"
106,ques106.pdf,M2,請問您全家每個月用在支付「房租、水電瓦斯、住宅裝修、建築物保險等」的費用是多少？,5.0,"2,500 元-未滿3,000元"
106,ques106.pdf,M2,請問您全家每個月用在支付「房租、水電瓦斯、住宅裝修、建築物保險等」的費用是多少？,6.0,"3,000 元-未滿5,000元"
106,ques106.pdf,M2,請問您全家每個月用在支付「房租、水電瓦斯、住宅裝修、建築物保險等」的費用是多少？,7.0,"5,000 元-未滿10,000元"
106,ques106.pdf,M2,請問您全家每個月用在支付「房租、水電瓦斯、住宅裝修、建築物保險等」的費用是多少？,8.0,"10,000 元-未滿15,000元"
106,ques106.pdf,M2,請問您全家每個月用在支付「房租、水電瓦斯、住宅裝修、建築物保險等」的費用是多少？,9.0,"15,000 元-未滿20,000元"
106,ques106.pdf,M2,請問您全家每個月用在支付「房租、水電瓦斯、住宅裝修、建築物保險等」的費用是多少？,10.0,"20,000 元-未滿30,000元"
106,ques106.pdf,M2,請問您全家每個月用在支付「房租、水電瓦斯、住宅裝修、建築物保險等」的費用是多少？,11.0,"30,000元-未滿40,000元"
106,ques106.pdf,M2,請問您全家每個月用在支付「房租、水電瓦斯、住宅裝修、建築物保險等」的費用是多少？,12.0,"40,000元-未滿50,000元"
106,ques106.pdf,M2,請問您全家每個月用在支付「房租、水電瓦斯、住宅裝修、建築物保險等」的費用是多少？,13.0,"50,000 元-未滿60,000元"
106,ques106.pdf,M2,請問您全家每個月用在支付「房租、水電瓦斯、住宅裝修、建築物保險等」的費用是多少？,14.0,"60,000元-未滿70,000元"
106,ques106.pdf,M2,請問您全家每個月用在支付「房租、水電瓦斯、住宅裝修、建築物保險等」的費用是多少？,15.0,"70,000元以上，請記錄____________元"
106,ques106.pdf,M2,請問您全家每個月用在支付「房租、水電瓦斯、住宅裝修、建築物保險等」的費用是多少？,16.0,沒有這項支出 10
106,ques106.pdf,M3,請問您全家每個月用在支付「上下班上下學通勤、搭乘交通工具、汽機車保養/油錢、汽機車保,1.0,"未滿1,000元"
106,ques106.pdf,M3,請問您全家每個月用在支付「上下班上下學通勤、搭乘交通工具、汽機車保養/油錢、汽機車保,2.0,"1,000 元-未滿2,000元"
106,ques106.pdf,M3,請問您全家每個月用在支付「上下班上下學通勤、搭乘交通工具、汽機車保養/油錢、汽機車保,3.0,"2,000 元-未滿3,000元"
106,ques106.pdf,M3,請問您全家每個月用在支付「上下班上下學通勤、搭乘交通工具、汽機車保養/油錢、汽機車保,4.0,"3,000 元-未滿4,000元"
106,ques106.pdf,M3,請問您全家每個月用在支付「上下班上下學通勤、搭乘交通工具、汽機車保養/油錢、汽機車保,5.0,"4,000 元-未滿5,000元"
106,ques106.pdf,M3,請問您全家每個月用在支付「上下班上下學通勤、搭乘交通工具、汽機車保養/油錢、汽機車保,6.0,"5,000 元-未滿7,000元"
106,ques106.pdf,M3,請問您全家每個月用在支付「上下班上下學通勤、搭乘交通工具、汽機車保養/油錢、汽機車保,7.0,"7,000 元-未滿10,000元"
106,ques106.pdf,M3,請問您全家每個月用在支付「上下班上下學通勤、搭乘交通工具、汽機車保養/油錢、汽機車保,8.0,"10,000元-未滿15,000元"
106,ques106.pdf,M3,請問您全家每個月用在支付「上下班上下學通勤、搭乘交通工具、汽機車保養/油錢、汽機車保,9.0,"15,000元-未滿20,000元"
106,ques106.pdf,M3,請問您全家每個月用在支付「上下班上下學通勤、搭乘交通工具、汽機車保養/油錢、汽機車保,10.0,"20,000元-未滿30,000元"
106,ques106.pdf,M3,請問您全家每個月用在支付「上下班上下學通勤、搭乘交通工具、汽機車保養/油錢、汽機車保,11.0,"30,000元以上，請記錄________元"
106,ques106.pdf,M3,請問您全家每個月用在支付「上下班上下學通勤、搭乘交通工具、汽機車保養/油錢、汽機車保,12.0,沒有這項支出
106,ques106.pdf,M4,請問您全家每個月用在支付「看病就醫、繳醫療保險費、購買醫療用品/設備等」的費用是多,1.0,未滿500元
106,ques106.pdf,M4,請問您全家每個月用在支付「看病就醫、繳醫療保險費、購買醫療用品/設備等」的費用是多,2.0,"500元-未滿1,000 元"
106,ques106.pdf,M4,請問您全家每個月用在支付「看病就醫、繳醫療保險費、購買醫療用品/設備等」的費用是多,3.0,"1,000 元-未滿2,000元"
106,ques106.pdf,M4,請問您全家每個月用在支付「看病就醫、繳醫療保險費、購買醫療用品/設備等」的費用是多,4.0,"2,000 元-未滿3,000元"
106,ques106.pdf,M4,請問您全家每個月用在支付「看病就醫、繳醫療保險費、購買醫療用品/設備等」的費用是多,5.0,"3,000 元-未滿4,000元"
106,ques106.pdf,M4,請問您全家每個月用在支付「看病就醫、繳醫療保險費、購買醫療用品/設備等」的費用是多,6.0,"4,000 元-未滿5,000元"
106,ques106.pdf,M4,請問您全家每個月用在支付「看病就醫、繳醫療保險費、購買醫療用品/設備等」的費用是多,7.0,"5,000 元-未滿7,000元"
106,ques106.pdf,M4,請問您全家每個月用在支付「看病就醫、繳醫療保險費、購買醫療用品/設備等」的費用是多,8.0,"7,000 元-未滿10,000元"
106,ques106.pdf,M4,請問您全家每個月用在支付「看病就醫、繳醫療保險費、購買醫療用品/設備等」的費用是多,9.0,"10,000元-未滿15,000元"
106,ques106.pdf,M4,請問您全家每個月用在支付「看病就醫、繳醫療保險費、購買醫療用品/設備等」的費用是多,10.0,"15,000元-未滿20,000元"
106,ques106.pdf,M4,請問您全家每個月用在支付「看病就醫、繳醫療保險費、購買醫療用品/設備等」的費用是多,11.0,"20,000 元-未滿30,000元"
106,ques106.pdf,M4,請問您全家每個月用在支付「看病就醫、繳醫療保險費、購買醫療用品/設備等」的費用是多,12.0,"30,000 元以上，請記錄________元"
106,ques106.pdf,M4,請問您全家每個月用在支付「看病就醫、繳醫療保險費、購買醫療用品/設備等」的費用是多,13.0,沒有這項支出
106,ques106.pdf,M5,請問您全家每個月用在支付「抽煙、喝酒、吃檳榔等」的費用是多少？【106年平均每個月的金,1.0,未滿500元
106,ques106.pdf,M5,請問您全家每個月用在支付「抽煙、喝酒、吃檳榔等」的費用是多少？【106年平均每個月的金,2.0,"500元-未滿1,000 元"
106,ques106.pdf,M5,請問您全家每個月用在支付「抽煙、喝酒、吃檳榔等」的費用是多少？【106年平均每個月的金,3.0,"1,000 元-未滿2,000元"
106,ques106.pdf,M5,請問您全家每個月用在支付「抽煙、喝酒、吃檳榔等」的費用是多少？【106年平均每個月的金,4.0,"2,000 元-未滿3,000元"
106,ques106.pdf,M5,請問您全家每個月用在支付「抽煙、喝酒、吃檳榔等」的費用是多少？【106年平均每個月的金,5.0,"3,000 元-未滿4,000元"
106,ques106.pdf,M5,請問您全家每個月用在支付「抽煙、喝酒、吃檳榔等」的費用是多少？【106年平均每個月的金,6.0,"4,000 元-未滿5,000元"
106,ques106.pdf,M5,請問您全家每個月用在支付「抽煙、喝酒、吃檳榔等」的費用是多少？【106年平均每個月的金,7.0,"5,000 元-未滿7,000元"
106,ques106.pdf,M5,請問您全家每個月用在支付「抽煙、喝酒、吃檳榔等」的費用是多少？【106年平均每個月的金,8.0,"7,000 元-未滿10,000元"
106,ques106.pdf,M5,請問您全家每個月用在支付「抽煙、喝酒、吃檳榔等」的費用是多少？【106年平均每個月的金,9.0,"10,000 元-未滿15,000元"
106,ques106.pdf,M5,請問您全家每個月用在支付「抽煙、喝酒、吃檳榔等」的費用是多少？【106年平均每個月的金,10.0,"15,000 元-未滿20,000元"
106,ques106.pdf,M5,請問您全家每個月用在支付「抽煙、喝酒、吃檳榔等」的費用是多少？【106年平均每個月的金,11.0,"20,000元-未滿30,000元"
106,ques106.pdf,M5,請問您全家每個月用在支付「抽煙、喝酒、吃檳榔等」的費用是多少？【106年平均每個月的金,12.0,"30,000 元以上，請記錄________元"
106,ques106.pdf,M5,請問您全家每個月用在支付「抽煙、喝酒、吃檳榔等」的費用是多少？【106年平均每個月的金,13.0,沒有這項支出
106,ques106.pdf,M6,請問您全家每個月用在支付「繳各種稅、勞健保、農漁保險、買彩券、紅白包禮金、捐款」的,1.0,"未滿1,000元"
106,ques106.pdf,M6,請問您全家每個月用在支付「繳各種稅、勞健保、農漁保險、買彩券、紅白包禮金、捐款」的,2.0,"1,000 元-未滿1,500元"
106,ques106.pdf,M6,請問您全家每個月用在支付「繳各種稅、勞健保、農漁保險、買彩券、紅白包禮金、捐款」的,3.0,"1,500 元-未滿2,000元"
106,ques106.pdf,M6,請問您全家每個月用在支付「繳各種稅、勞健保、農漁保險、買彩券、紅白包禮金、捐款」的,4.0,"2,000 元-未滿2,500元"
106,ques106.pdf,M6,請問您全家每個月用在支付「繳各種稅、勞健保、農漁保險、買彩券、紅白包禮金、捐款」的,5.0,"2,500 元-未滿3,000元"
106,ques106.pdf,M6,請問您全家每個月用在支付「繳各種稅、勞健保、農漁保險、買彩券、紅白包禮金、捐款」的,6.0,"3,000 元-未滿4,000元"
106,ques106.pdf,M6,請問您全家每個月用在支付「繳各種稅、勞健保、農漁保險、買彩券、紅白包禮金、捐款」的,7.0,"4,000 元-未滿5,000元"
106,ques106.pdf,M6,請問您全家每個月用在支付「繳各種稅、勞健保、農漁保險、買彩券、紅白包禮金、捐款」的,8.0,"5,000 元-未滿7,000元"
106,ques106.pdf,M6,請問您全家每個月用在支付「繳各種稅、勞健保、農漁保險、買彩券、紅白包禮金、捐款」的,9.0,"7,000 元-未滿10,000元"
106,ques106.pdf,M6,請問您全家每個月用在支付「繳各種稅、勞健保、農漁保險、買彩券、紅白包禮金、捐款」的,10.0,"10,000元-未滿15,000元"
106,ques106.pdf,M6,請問您全家每個月用在支付「繳各種稅、勞健保、農漁保險、買彩券、紅白包禮金、捐款」的,11.0,"15,000元-未滿20,000元"
106,ques106.pdf,M6,請問您全家每個月用在支付「繳各種稅、勞健保、農漁保險、買彩券、紅白包禮金、捐款」的,12.0,"20,000元-未滿30,000元"
106,ques106.pdf,M6,請問您全家每個月用在支付「繳各種稅、勞健保、農漁保險、買彩券、紅白包禮金、捐款」的,13.0,"30,000 元以上，請記錄________元"
106,ques106.pdf,M6,請問您全家每個月用在支付「繳各種稅、勞健保、農漁保險、買彩券、紅白包禮金、捐款」的,14.0,沒有這項支出 11
106,ques106.pdf,M7,除了以上的支出，請問您家庭106年有沒有以下的支出？【逐一提示選項，可複選】,,
106,ques106.pdf,M7-1,請家庭佣人(打掃家庭/洗衣洗碗) □(1)有 □(2)沒有           ○11,1.0,有
106,ques106.pdf,M7-1,請家庭佣人(打掃家庭/洗衣洗碗) □(1)有 □(2)沒有           ○11,2.0,沒有           ○11
106,ques106.pdf,M7-2,各項學費/補習費/家教費 □(1)有 □(2)沒有           ○11,1.0,有
106,ques106.pdf,M7-2,各項學費/補習費/家教費 □(1)有 □(2)沒有           ○11,2.0,沒有           ○11
106,ques106.pdf,M7-3,報紙雜誌書籍文具 □(1)有 □(2)沒有           ○11,1.0,有
106,ques106.pdf,M7-3,報紙雜誌書籍文具 □(1)有 □(2)沒有           ○11,2.0,沒有           ○11
106,ques106.pdf,M7-4,國內外跟團旅遊/運動/電影/展,1.0,有
106,ques106.pdf,M7-4,國內外跟團旅遊/運動/電影/展,2.0,沒有           ○11 覽/音樂會
106,ques106.pdf,M7-5,各項貸款/跟會的利息 □(1)有 □(2)沒有           ○11,1.0,有
106,ques106.pdf,M7-5,各項貸款/跟會的利息 □(1)有 □(2)沒有           ○11,2.0,沒有           ○11
106,ques106.pdf,M7-6,外食費/學生住宿費/自助旅行住,1.0,有
106,ques106.pdf,M7-6,外食費/學生住宿費/自助旅行住,2.0,沒有           ○11 宿服務費
106,ques106.pdf,M7-7,買衣服/鞋子/襪子各項衣物 □(1)有 □(2)沒有           ○11,1.0,有
106,ques106.pdf,M7-7,買衣服/鞋子/襪子各項衣物 □(1)有 □(2)沒有           ○11,2.0,沒有           ○11
106,ques106.pdf,M7-8,買家具/家庭電器/廚房用具 □(1)有 □(2)沒有           ○11,1.0,有
106,ques106.pdf,M7-8,買家具/家庭電器/廚房用具 □(1)有 □(2)沒有           ○11,2.0,沒有           ○11
106,ques106.pdf,M7-9,保姆費/安養院/身障者照顧 □(1)有 □(2)沒有           ○11,1.0,有
106,ques106.pdf,M7-9,保姆費/安養院/身障者照顧 □(1)有 □(2)沒有           ○11,2.0,沒有           ○11
106,ques106.pdf,M7-10,其他費用 □(1)有 □(2)沒有           ○11,1.0,有
106,ques106.pdf,M7-10,其他費用 □(1)有 □(2)沒有           ○11,2.0,沒有           ○11
106,ques106.pdf,M7-11,以上都沒有 □(1)圈選本選項不得圈選上面任何一個選項,1.0,"圈選本選項不得圈選上面任何一個選項 未滿1,000 元 1,000 元-未滿2,000 元 2,000 元-未滿3,000 元 M7-1至M7-11 3,000 元-未滿4,000 元 4,000 元-未滿5,000 元 5,000 元-未滿7,000 元 金額選項 7,000 元-未滿10,000 元 10,000元-未滿15,000元  15,000元-未滿20,000元 20,000元-未滿30,000元 ○1130,000元以上，請記錄________元 N 部分：經濟改善狀況"
106,ques106.pdf,N1,請問您或您的家人最需要政府提供什麼幫忙？(單選),1.0,提供職業訓練、輔導就業或轉業
106,ques106.pdf,N1,請問您或您的家人最需要政府提供什麼幫忙？(單選),2.0,提供短期低利貸款來協助自行創業
106,ques106.pdf,N1,請問您或您的家人最需要政府提供什麼幫忙？(單選),3.0,提供長期低利貸款來協助購屋或換屋
106,ques106.pdf,N1,請問您或您的家人最需要政府提供什麼幫忙？(單選),4.0,提供補助金
106,ques106.pdf,N1,請問您或您的家人最需要政府提供什麼幫忙？(單選),5.0,提供短期工作機會
106,ques106.pdf,N1,請問您或您的家人最需要政府提供什麼幫忙？(單選),6.0,其他，請說明____________________
106,ques106.pdf,N1,請問您或您的家人最需要政府提供什麼幫忙？(單選),7.0,都不需要
106,ques106.pdf,N2,請問您知不知道原住民族委員會有「原住民族綜合發展基金貸款」的業務（包含微笑貸、青年創,1.0,知道
106,ques106.pdf,N2,請問您知不知道原住民族委員會有「原住民族綜合發展基金貸款」的業務（包含微笑貸、青年創,2.0,不知道請簡要說明後，跳答N2-3
106,ques106.pdf,N2-1,請問您個人或您的家人有沒有申請「原住民族綜合發展基金貸款」？,1.0,有
106,ques106.pdf,N2-1,請問您個人或您的家人有沒有申請「原住民族綜合發展基金貸款」？,2.0,沒有跳答N2-3
106,ques106.pdf,N2-1,請問您個人或您的家人有沒有申請「原住民族綜合發展基金貸款」？,3.0,不知道跳答N2-3
106,ques106.pdf,N2-2,請問您個人或您家人申請「原住民族綜合發展基金貸款」金額，占您全家貸款的比例為,,
106,ques106.pdf,N2-3,請問您個人或您的家人未來有沒有申請「原住民族綜合發展基金貸款」的需求？,1.0,有跳答N2-5
106,ques106.pdf,N2-3,請問您個人或您的家人未來有沒有申請「原住民族綜合發展基金貸款」的需求？,2.0,沒有 12
106,ques106.pdf,N2-4,請問您或您的家人未來沒有申請「原住民族綜合發展基金貸款」需求的原因有哪些？(可複,1.0,沒有需要跳答N3
106,ques106.pdf,N2-4,請問您或您的家人未來沒有申請「原住民族綜合發展基金貸款」需求的原因有哪些？(可複,2.0,不知道怎麼申請 跳答N2-6
106,ques106.pdf,N2-4,請問您或您的家人未來沒有申請「原住民族綜合發展基金貸款」需求的原因有哪些？(可複,3.0,銀行審查條件太嚴格跳答N2-6
106,ques106.pdf,N2-4,請問您或您的家人未來沒有申請「原住民族綜合發展基金貸款」需求的原因有哪些？(可複,4.0,申請手續太麻煩 跳答N2-6
106,ques106.pdf,N2-4,請問您或您的家人未來沒有申請「原住民族綜合發展基金貸款」需求的原因有哪些？(可複,5.0,過去有信用不良紀錄跳答N2-6
106,ques106.pdf,N2-4,請問您或您的家人未來沒有申請「原住民族綜合發展基金貸款」需求的原因有哪些？(可複,6.0,擔心還不出貸款跳答N2-6
106,ques106.pdf,N2-4,請問您或您的家人未來沒有申請「原住民族綜合發展基金貸款」需求的原因有哪些？(可複,7.0,其他，請說明___________ 跳答 N2-6
106,ques106.pdf,N2-4,請問您或您的家人未來沒有申請「原住民族綜合發展基金貸款」需求的原因有哪些？(可複,8.0,不知道跳答N2-6
106,ques106.pdf,N2-5,請問您希望申請「原住民族綜合發展基金貸款」用途有哪些？(可複選),1.0,農業生產(農林漁牧業)
106,ques106.pdf,N2-5,請問您希望申請「原住民族綜合發展基金貸款」用途有哪些？(可複選),2.0,商業生產(零售、餐飲、民宿、服務業等)
106,ques106.pdf,N2-5,請問您希望申請「原住民族綜合發展基金貸款」用途有哪些？(可複選),3.0,工業生產
106,ques106.pdf,N2-5,請問您希望申請「原住民族綜合發展基金貸款」用途有哪些？(可複選),4.0,教育用途(繳交學雜費、出國留學)
106,ques106.pdf,N2-5,請問您希望申請「原住民族綜合發展基金貸款」用途有哪些？(可複選),5.0,生活費
106,ques106.pdf,N2-5,請問您希望申請「原住民族綜合發展基金貸款」用途有哪些？(可複選),6.0,醫療、醫藥費
106,ques106.pdf,N2-5,請問您希望申請「原住民族綜合發展基金貸款」用途有哪些？(可複選),7.0,購置傢俱、家電
106,ques106.pdf,N2-5,請問您希望申請「原住民族綜合發展基金貸款」用途有哪些？(可複選),8.0,修建房屋
106,ques106.pdf,N2-5,請問您希望申請「原住民族綜合發展基金貸款」用途有哪些？(可複選),9.0,購買交通工具(汽、機車等)
106,ques106.pdf,N2-5,請問您希望申請「原住民族綜合發展基金貸款」用途有哪些？(可複選),10.0,婚喪喜慶
106,ques106.pdf,N2-5,請問您希望申請「原住民族綜合發展基金貸款」用途有哪些？(可複選),11.0,旅遊
106,ques106.pdf,N2-5,請問您希望申請「原住民族綜合發展基金貸款」用途有哪些？(可複選),12.0,還債
106,ques106.pdf,N2-5,請問您希望申請「原住民族綜合發展基金貸款」用途有哪些？(可複選),13.0,繳稅
106,ques106.pdf,N2-5,請問您希望申請「原住民族綜合發展基金貸款」用途有哪些？(可複選),14.0,其他(請說明)__________
106,ques106.pdf,N2-6,請問您希望從哪裡知道「原住民族綜合發展基金貸款」的資訊？(可複選),1.0,電視
106,ques106.pdf,N2-6,請問您希望從哪裡知道「原住民族綜合發展基金貸款」的資訊？(可複選),2.0,報紙
106,ques106.pdf,N2-6,請問您希望從哪裡知道「原住民族綜合發展基金貸款」的資訊？(可複選),3.0,雜誌
106,ques106.pdf,N2-6,請問您希望從哪裡知道「原住民族綜合發展基金貸款」的資訊？(可複選),4.0,廣播
106,ques106.pdf,N2-6,請問您希望從哪裡知道「原住民族綜合發展基金貸款」的資訊？(可複選),5.0,網路
106,ques106.pdf,N2-6,請問您希望從哪裡知道「原住民族綜合發展基金貸款」的資訊？(可複選),6.0,宣傳單
106,ques106.pdf,N2-6,請問您希望從哪裡知道「原住民族綜合發展基金貸款」的資訊？(可複選),7.0,街頭海報
106,ques106.pdf,N2-6,請問您希望從哪裡知道「原住民族綜合發展基金貸款」的資訊？(可複選),8.0,廣告看板(含燈箱)
106,ques106.pdf,N2-6,請問您希望從哪裡知道「原住民族綜合發展基金貸款」的資訊？(可複選),9.0,車廂(內)廣告
106,ques106.pdf,N2-6,請問您希望從哪裡知道「原住民族綜合發展基金貸款」的資訊？(可複選),10.0,車體(外)廣告
106,ques106.pdf,N2-6,請問您希望從哪裡知道「原住民族綜合發展基金貸款」的資訊？(可複選),11.0,人員宣導（村里長、社工員、親友）
106,ques106.pdf,N2-6,請問您希望從哪裡知道「原住民族綜合發展基金貸款」的資訊？(可複選),12.0,其他，請說明__________________
106,ques106.pdf,N2-6,請問您希望從哪裡知道「原住民族綜合發展基金貸款」的資訊？(可複選),13.0,不需要
106,ques106.pdf,N3,請問您有沒有參加「儲蓄互助社 (儲互社)」？,1.0,有
106,ques106.pdf,N3,請問您有沒有參加「儲蓄互助社 (儲互社)」？,2.0,沒有
106,ques106.pdf,N4,請問您們家是不是符合地方政府列冊登記有案的中低收入戶？,1.0,是低收入戶
106,ques106.pdf,N4,請問您們家是不是符合地方政府列冊登記有案的中低收入戶？,2.0,是中低收入戶
106,ques106.pdf,N4,請問您們家是不是符合地方政府列冊登記有案的中低收入戶？,3.0,不是中低收入戶 O 部分：網路設備使用狀況
106,ques106.pdf,O1,請問您家中現在有哪些可上網設備？(可複選),1.0,桌上型電腦
106,ques106.pdf,O1,請問您家中現在有哪些可上網設備？(可複選),2.0,筆記型電腦
106,ques106.pdf,O1,請問您家中現在有哪些可上網設備？(可複選),3.0,平板電腦
106,ques106.pdf,O1,請問您家中現在有哪些可上網設備？(可複選),4.0,智慧型手機
106,ques106.pdf,O1,請問您家中現在有哪些可上網設備？(可複選),5.0,其他（請說明）__________________
106,ques106.pdf,O1,請問您家中現在有哪些可上網設備？(可複選),6.0,都沒有
106,ques106.pdf,O2,請問您家裡有沒有連上網際網路？,1.0,有
106,ques106.pdf,O2,請問您家裡有沒有連上網際網路？,2.0,沒有
106,ques106.pdf,O2,請問您家裡有沒有連上網際網路？,98.0,不知道 ※您的資料僅供原住民族委員會探討經濟狀況使用不做他途※ 【特殊狀況註記】 13
