sample_definition,Survey Year,County,Sample N
full_sample,2002,三地門,181
full_sample,2002,三峽鎮,52
full_sample,2002,三民鄉,67
full_sample,2002,三重市,52
full_sample,2002,中和市,55
full_sample,2002,中壢市,55
full_sample,2002,五峰鄉,138
full_sample,2002,五結冬山鄉,53
full_sample,2002,五股鄉,50
full_sample,2002,仁愛鄉,337
full_sample,2002,來義鄉,190
full_sample,2002,信義鄉,231
full_sample,2002,光復鄉,213
full_sample,2002,內埔鄉,52
full_sample,2002,八德市,52
full_sample,2002,八里鄉三芝鄉,52
full_sample,2002,六龜鄉美濃鎮,57
full_sample,2002,北區,46
full_sample,2002,北屯區,46
full_sample,2002,卑南鄉,185
full_sample,2002,卓溪鄉,140
full_sample,2002,南區東區,53
full_sample,2002,南屯區,55
full_sample,2002,南庄鄉,63
full_sample,2002,南投市,52
full_sample,2002,南澳鄉,138
full_sample,2002,吉安鄉,380
full_sample,2002,后里鄉外埔鄉,52
full_sample,2002,和平鄉,146
full_sample,2002,土城市,53
full_sample,2002,埔里鎮,55
full_sample,2002,壽豐鄉,179
full_sample,2002,大同鄉,126
full_sample,2002,大園鄉,53
full_sample,2002,大寮鄉,56
full_sample,2002,大樹鄉仁武鄉,53
full_sample,2002,大武鄉,115
full_sample,2002,大溪鎮,57
full_sample,2002,大肚鄉,62
full_sample,2002,大里市,67
full_sample,2002,大雅鄉,59
full_sample,2002,太平市,52
full_sample,2002,太麻里,174
full_sample,2002,宜蘭市,53
full_sample,2002,富里鄉,54
full_sample,2002,尖石鄉,194
full_sample,2002,屏東市,65
full_sample,2002,岡山鎮,54
full_sample,2002,平鎮市,52
full_sample,2002,延平鄉,84
full_sample,2002,彰化市,52
full_sample,2002,復興鄉,265
full_sample,2002,恆春鎮,59
full_sample,2002,成功鎮,272
full_sample,2002,新城鄉,149
full_sample,2002,新埔鎮芎林鄉橫山鄉,52
full_sample,2002,新店市,52
full_sample,2002,新莊市,54
full_sample,2002,春日鄉,113
full_sample,2002,未知地區,967
full_sample,2002,東勢鎮,54
full_sample,2002,東河鄉,162
full_sample,2002,板橋市,52
full_sample,2002,枋寮鄉,54
full_sample,2002,林口鄉,52
full_sample,2002,林園鄉鳥松鄉,47
full_sample,2002,桃園市,53
full_sample,2002,桃源鄉,101
full_sample,2002,梧棲鎮,63
full_sample,2002,楊梅鎮,53
full_sample,2002,樹林市,52
full_sample,2002,水里鄉草屯鎮,52
full_sample,2002,永和市,43
full_sample,2002,永康市,59
full_sample,2002,汐止市,52
full_sample,2002,池上鄉,67
full_sample,2002,泰安鄉,112
full_sample,2002,泰山鄉,52
full_sample,2002,泰武鄉,91
full_sample,2002,海端鄉,97
full_sample,2002,淡水鎮,52
full_sample,2002,清水鎮沙鹿鎮,53
full_sample,2002,湖口鄉,49
full_sample,2002,滿州鄉,70
full_sample,2002,潭子鄉,51
full_sample,2002,潮州鎮,52
full_sample,2002,烏來鄉,60
full_sample,2002,烏日鄉霧峰鄉,40
full_sample,2002,牡丹鄉,155
full_sample,2002,獅子鄉,128
full_sample,2002,獅潭鄉,5
full_sample,2002,玉里鎮,237
full_sample,2002,瑞穗鄉,145
full_sample,2002,瑞芳鎮,52
full_sample,2002,瑪家鄉,164
full_sample,2002,神岡鄉,51
full_sample,2002,秀林鄉,353
full_sample,2002,竹北市新豐鄉,57
full_sample,2002,竹南鎮後龍鎮造橋鄉,52
full_sample,2002,竹東鎮,52
full_sample,2002,羅東鎮,51
full_sample,2002,臺東市,542
full_sample,2002,花蓮市,271
full_sample,2002,苗栗市,53
full_sample,2002,茂林鄉,46
full_sample,2002,萬巒鄉,60
full_sample,2002,萬榮鄉,190
full_sample,2002,蘆洲市,52
full_sample,2002,蘆竹鄉,52
full_sample,2002,蘇澳鎮,52
full_sample,2002,蘭嶼鄉,83
full_sample,2002,西屯區,52
full_sample,2002,觀音鄉,51
full_sample,2002,豐原市,52
full_sample,2002,豐濱鄉,131
full_sample,2002,達仁鄉,124
full_sample,2002,金峰鄉,82
full_sample,2002,長濱鄉,153
full_sample,2002,關山鎮,69
full_sample,2002,關西鎮,26
full_sample,2002,阿里山,105
full_sample,2002,霧臺鄉,79
full_sample,2002,頭份鎮,52
full_sample,2002,頭城礁溪員山鄉,44
full_sample,2002,魚池鄉,18
full_sample,2002,鳳山市,53
full_sample,2002,鳳林鎮,65
full_sample,2002,鶯歌鎮,53
full_sample,2002,鹿野鄉,78
full_sample,2002,龍井鄉,26
full_sample,2002,龍潭鄉,55
full_sample,2002,龜山鄉,52
full_sample,2006,七堵區,4
full_sample,2006,三地門鄉,83
full_sample,2006,三峽鎮,8
full_sample,2006,三星鄉,5
full_sample,2006,三民區,7
full_sample,2006,三民鄉,69
full_sample,2006,三義鄉,2
full_sample,2006,三芝鄉,2
full_sample,2006,三重市,34
full_sample,2006,中區,1
full_sample,2006,中和市,18
full_sample,2006,中埔鄉,2
full_sample,2006,中壢市,16
full_sample,2006,中寮鄉,1
full_sample,2006,中山區,25
full_sample,2006,中正區,13
full_sample,2006,九如鄉,1
full_sample,2006,二水鄉,1
full_sample,2006,五峰鄉,34
full_sample,2006,五結鄉,3
full_sample,2006,五股鄉,6
full_sample,2006,仁德鄉,10
full_sample,2006,仁愛鄉,171
full_sample,2006,來義鄉,57
full_sample,2006,信義區,11
full_sample,2006,信義鄉,145
full_sample,2006,光復鄉,76
full_sample,2006,內埔鄉,8
full_sample,2006,內湖區,15
full_sample,2006,八德市,14
full_sample,2006,公館鄉,1
full_sample,2006,六龜鄉,2
full_sample,2006,冬山鄉,2
full_sample,2006,前鎮區,26
full_sample,2006,北區,27
full_sample,2006,北屯區,23
full_sample,2006,北投區,10
full_sample,2006,北斗鎮,1
full_sample,2006,卑南鄉,116
full_sample,2006,卓溪鄉,191
full_sample,2006,南區,9
full_sample,2006,南屯區,2
full_sample,2006,南庄鄉,50
full_sample,2006,南投市,5
full_sample,2006,南港區,8
full_sample,2006,南澳鄉,92
full_sample,2006,南竿鄉,1
full_sample,2006,吉安鄉,192
full_sample,2006,和平鄉,41
full_sample,2006,和美鎮,3
full_sample,2006,員山鄉,4
full_sample,2006,員林鎮,6
full_sample,2006,國姓鄉,2
full_sample,2006,土城市,21
full_sample,2006,埔里鎮,35
full_sample,2006,埔鹽鄉,1
full_sample,2006,士林區,23
full_sample,2006,壯圍鄉,3
full_sample,2006,壽豐鄉,75
full_sample,2006,外埔鄉,1
full_sample,2006,大同區,21
full_sample,2006,大同鄉,128
full_sample,2006,大園鄉,12
full_sample,2006,大埔鄉,1
full_sample,2006,大安區,8
full_sample,2006,大寮鄉,3
full_sample,2006,大樹鄉,4
full_sample,2006,大武鄉,35
full_sample,2006,大湖鄉,4
full_sample,2006,大溪鎮,31
full_sample,2006,大肚鄉,4
full_sample,2006,大里市,18
full_sample,2006,大雅鄉,106
full_sample,2006,太平鄉,6
full_sample,2006,太麻里,108
full_sample,2006,學甲鎮,1
full_sample,2006,安南區,3
full_sample,2006,安平區,5
full_sample,2006,安樂區,1
full_sample,2006,官田鄉,1
full_sample,2006,宜蘭市,16
full_sample,2006,富里鄉,39
full_sample,2006,小港區,23
full_sample,2006,尖石鄉,54
full_sample,2006,屏東市,12
full_sample,2006,岡山鎮,11
full_sample,2006,左營區,38
full_sample,2006,左鎮鄉,1
full_sample,2006,布袋鎮,1
full_sample,2006,平鎮市,7
full_sample,2006,延平鄉,111
full_sample,2006,彰化市,2
full_sample,2006,後龍鎮,1
full_sample,2006,復興鄉,157
full_sample,2006,恆春鎮,2
full_sample,2006,成功鎮,176
full_sample,2006,文山區,14
full_sample,2006,斗六市,1
full_sample,2006,斗南鎮,1
full_sample,2006,新化鎮,2
full_sample,2006,新園鄉,2
full_sample,2006,新城鄉,42
full_sample,2006,新埔鎮,1
full_sample,2006,新屋鄉,5
full_sample,2006,新店市,15
full_sample,2006,新港鄉,11
full_sample,2006,新興區,3
full_sample,2006,新莊市,11
full_sample,2006,新豐鄉,3
full_sample,2006,春日鄉,113
full_sample,2006,暖暖區,1
full_sample,2006,望安鄉,1
full_sample,2006,未知地區,7
full_sample,2006,朴子市,1
full_sample,2006,杉林鄉,3
full_sample,2006,東勢鎮,2
full_sample,2006,東區,23
full_sample,2006,東河鄉,38
full_sample,2006,東石鄉,1
full_sample,2006,松山區,18
full_sample,2006,板橋市,30
full_sample,2006,枋寮鄉,3
full_sample,2006,枋山鄉,2
full_sample,2006,林口鄉,2
full_sample,2006,林園鄉,2
full_sample,2006,桃園市,16
full_sample,2006,桃源鄉,47
full_sample,2006,梓官鄉,11
full_sample,2006,梧棲鎮,5
full_sample,2006,楊梅鎮,13
full_sample,2006,楠梓區,18
full_sample,2006,樹林鎮,44
full_sample,2006,橫山鄉,1
full_sample,2006,歸仁鄉,3
full_sample,2006,民雄鄉,2
full_sample,2006,水里鄉,4
full_sample,2006,永和市,15
full_sample,2006,永安鄉,1
full_sample,2006,永康市,5
full_sample,2006,汐止鎮,2
full_sample,2006,池上鄉,56
full_sample,2006,沙鹿鎮,7
full_sample,2006,泰安鄉,92
full_sample,2006,泰山鄉,1
full_sample,2006,泰武鄉,74
full_sample,2006,海端鄉,63
full_sample,2006,淡水鎮,1
full_sample,2006,深坑鄉,12
full_sample,2006,清水鎮,7
full_sample,2006,湖口鄉,31
full_sample,2006,滿州鄉,44
full_sample,2006,潮州鎮,3
full_sample,2006,烏來鄉,20
full_sample,2006,烏日鄉,8
full_sample,2006,燕巢鄉,1
full_sample,2006,牡丹鄉,138
full_sample,2006,獅子鄉,55
full_sample,2006,獅潭鄉,3
full_sample,2006,玉里鎮,152
full_sample,2006,瑞穗鄉,94
full_sample,2006,瑞芳鎮,1
full_sample,2006,瑪家鄉,112
full_sample,2006,甲仙鄉,3
full_sample,2006,白沙鄉,1
full_sample,2006,白河鎮,1
full_sample,2006,石岡鄉,1
full_sample,2006,礁溪鄉,2
full_sample,2006,神岡鄉,3
full_sample,2006,福興鄉,1
full_sample,2006,秀林鄉,140
full_sample,2006,竹北市,1
full_sample,2006,竹南鎮,2
full_sample,2006,竹東鎮,31
full_sample,2006,綠島鄉,2
full_sample,2006,羅東鎮,8
full_sample,2006,臺東市,251
full_sample,2006,芎林鄉,2
full_sample,2006,花壇鄉,30
full_sample,2006,花蓮市,63
full_sample,2006,苑裡鎮,3
full_sample,2006,苓雅區,9
full_sample,2006,苗栗市,6
full_sample,2006,茂林鄉,47
full_sample,2006,草屯鎮,5
full_sample,2006,莒光鄉,1
full_sample,2006,萬丹鄉,3
full_sample,2006,萬巒鄉,5
full_sample,2006,萬榮鄉,66
full_sample,2006,萬華區,24
full_sample,2006,蘆洲鄉,11
full_sample,2006,蘆竹鄉,11
full_sample,2006,蘇澳鎮,8
full_sample,2006,蘭嶼鄉,49
full_sample,2006,虎尾鎮,1
full_sample,2006,褒忠鄉,1
full_sample,2006,西區,2
full_sample,2006,西屯區,3
full_sample,2006,觀音鄉,6
full_sample,2006,豐原市,3
full_sample,2006,豐濱鄉,67
full_sample,2006,貢寮鄉,1
full_sample,2006,車城鄉,4
full_sample,2006,通霄鎮,2
full_sample,2006,造橋鄉,1
full_sample,2006,達仁鄉,92
full_sample,2006,金寧鎮,1
full_sample,2006,金峰鄉,113
full_sample,2006,金沙鎮,1
full_sample,2006,金湖鎮,1
full_sample,2006,銅鑼鄉,1
full_sample,2006,長治鄉,4
full_sample,2006,長濱鄉,112
full_sample,2006,關山鎮,55
full_sample,2006,關西鎮,2
full_sample,2006,阿里山,30
full_sample,2006,集集鎮,1
full_sample,2006,霧峰鄉,1
full_sample,2006,霧臺鄉,29
full_sample,2006,頭份鎮,7
full_sample,2006,香山區,1
full_sample,2006,馬公市,1
full_sample,2006,魚池鄉,9
full_sample,2006,鳳山市,40
full_sample,2006,鳳林鎮,31
full_sample,2006,鶯歌鎮,7
full_sample,2006,鹽埔鄉,1
full_sample,2006,鹽埕區,4
full_sample,2006,鹽水鎮,1
full_sample,2006,鹿港鎮,1
full_sample,2006,鹿野鄉,52
full_sample,2006,麥寮鄉,16
full_sample,2006,鼓山區,3
full_sample,2006,龍井鄉,6
full_sample,2006,龍潭鄉,9
full_sample,2006,龜山鄉,14
full_sample,2010,七堵區,18
full_sample,2010,三地門鄉,58
full_sample,2010,三峽鎮,52
full_sample,2010,三民區,17
full_sample,2010,三重市,11
full_sample,2010,中區,1
full_sample,2010,中和市,8
full_sample,2010,中埔鄉,10
full_sample,2010,中壢市,95
full_sample,2010,中山區,20
full_sample,2010,中正區,55
full_sample,2010,中西區,1
full_sample,2010,五峰鄉,39
full_sample,2010,五結鄉,26
full_sample,2010,五股鄉,2
full_sample,2010,仁德鄉,14
full_sample,2010,仁愛區,2
full_sample,2010,仁愛鄉,107
full_sample,2010,來義鄉,46
full_sample,2010,信義區,13
full_sample,2010,信義鄉,63
full_sample,2010,光復鄉,64
full_sample,2010,內埔鄉,24
full_sample,2010,內湖區,21
full_sample,2010,八德市,54
full_sample,2010,公館鄉,16
full_sample,2010,六龜鄉,7
full_sample,2010,前金區,3
full_sample,2010,前鎮區,19
full_sample,2010,北區,44
full_sample,2010,北屯區,22
full_sample,2010,北投區,17
full_sample,2010,卑南鄉,61
full_sample,2010,卓溪鄉,43
full_sample,2010,南區,15
full_sample,2010,南屯區,6
full_sample,2010,南庄鄉,32
full_sample,2010,南投市,4
full_sample,2010,南港區,18
full_sample,2010,南澳鄉,43
full_sample,2010,吉安鄉,152
full_sample,2010,和平鄉,41
full_sample,2010,和美鎮,26
full_sample,2010,土城市,80
full_sample,2010,埔里鎮,41
full_sample,2010,士林區,12
full_sample,2010,壽豐鄉,54
full_sample,2010,大同區,10
full_sample,2010,大同鄉,34
full_sample,2010,大園鄉,10
full_sample,2010,大安區,9
full_sample,2010,大寮鄉,3
full_sample,2010,大林鎮,5
full_sample,2010,大武鄉,44
full_sample,2010,大溪鎮,62
full_sample,2010,大肚鄉,12
full_sample,2010,大里市,17
full_sample,2010,大雅鄉,13
full_sample,2010,太麻里鄉,52
full_sample,2010,安南區,12
full_sample,2010,安平區,2
full_sample,2010,安樂區,10
full_sample,2010,宜蘭市,8
full_sample,2010,富里鄉,20
full_sample,2010,小港區,27
full_sample,2010,尖石鄉,53
full_sample,2010,屏東市,63
full_sample,2010,岡山鎮,73
full_sample,2010,左營區,22
full_sample,2010,平鎮市,67
full_sample,2010,延平鄉,20
full_sample,2010,彰化市,17
full_sample,2010,復興鄉,64
full_sample,2010,恆春鎮,8
full_sample,2010,成功鎮,85
full_sample,2010,文山區,18
full_sample,2010,斗六市,10
full_sample,2010,新城鄉,66
full_sample,2010,新店市,39
full_sample,2010,新營市,5
full_sample,2010,新興區,2
full_sample,2010,新莊市,19
full_sample,2010,旗津區,4
full_sample,2010,春日鄉,35
full_sample,2010,暖暖區,3
full_sample,2010,東勢鎮,24
full_sample,2010,東區,100
full_sample,2010,東河鄉,46
full_sample,2010,松山區,10
full_sample,2010,板橋市,17
full_sample,2010,枋寮鄉,20
full_sample,2010,林口鄉,8
full_sample,2010,桃園市,82
full_sample,2010,桃源鄉,32
full_sample,2010,楊梅鎮,12
full_sample,2010,楠梓區,18
full_sample,2010,樹林市,116
full_sample,2010,歸仁鄉,25
full_sample,2010,民雄鄉,3
full_sample,2010,永和市,8
full_sample,2010,永康市,8
full_sample,2010,汐止市,40
full_sample,2010,池上鄉,21
full_sample,2010,泰安鄉,34
full_sample,2010,泰山鄉,18
full_sample,2010,泰武鄉,33
full_sample,2010,海端鄉,30
full_sample,2010,湖口鄉,5
full_sample,2010,滿州鄉,39
full_sample,2010,潭子鄉,52
full_sample,2010,烏來鄉,21
full_sample,2010,烏日鄉,6
full_sample,2010,牡丹鄉,46
full_sample,2010,獅子鄉,31
full_sample,2010,獅潭鄉,14
full_sample,2010,玉里鎮,67
full_sample,2010,瑞穗鄉,38
full_sample,2010,瑪家鄉,41
full_sample,2010,神岡鄉,20
full_sample,2010,秀林鄉,101
full_sample,2010,竹北市,50
full_sample,2010,竹南鎮,1
full_sample,2010,竹東鎮,17
full_sample,2010,羅東鎮,5
full_sample,2010,臺東市,189
full_sample,2010,花蓮市,115
full_sample,2010,芳苑鄉,3
full_sample,2010,苓雅區,7
full_sample,2010,茂林鄉,13
full_sample,2010,草屯鎮,14
full_sample,2010,莿桐鄉,12
full_sample,2010,萬巒鄉,9
full_sample,2010,萬榮鄉,62
full_sample,2010,萬華區,14
full_sample,2010,蘆洲市,52
full_sample,2010,蘆竹鄉,44
full_sample,2010,蘇澳鎮,15
full_sample,2010,蘭嶼鄉,24
full_sample,2010,虎尾鎮,13
full_sample,2010,西區,21
full_sample,2010,西屯區,11
full_sample,2010,西螺鎮,16
full_sample,2010,豐原市,13
full_sample,2010,豐濱鄉,41
full_sample,2010,達仁鄉,34
full_sample,2010,那瑪夏鄉,18
full_sample,2010,金峰鄉,28
full_sample,2010,長治鄉,13
full_sample,2010,長濱鄉,55
full_sample,2010,關山鎮,21
full_sample,2010,關西鎮,42
full_sample,2010,阿里山鄉,34
full_sample,2010,霧臺鄉,24
full_sample,2010,頭份鎮,22
full_sample,2010,香山區,9
full_sample,2010,魚池鄉,11
full_sample,2010,鳳山市,16
full_sample,2010,鳳林鎮,22
full_sample,2010,鶯歌鎮,9
full_sample,2010,鹽埕區,2
full_sample,2010,鹿港鎮,13
full_sample,2010,鹿野鄉,22
full_sample,2010,麥寮鄉,2
full_sample,2010,鼓山區,12
full_sample,2010,龜山鄉,71
full_sample,2014,七堵區,8
full_sample,2014,三地門鄉,61
full_sample,2014,三峽區,24
full_sample,2014,三重區,27
full_sample,2014,中和區,23
full_sample,2014,中壢市,25
full_sample,2014,中山區,8
full_sample,2014,中正區,44
full_sample,2014,中西區,13
full_sample,2014,五峰鄉,41
full_sample,2014,五股區,3
full_sample,2014,仁愛鄉,100
full_sample,2014,來義鄉,72
full_sample,2014,信義區,21
full_sample,2014,信義鄉,69
full_sample,2014,光復鄉,64
full_sample,2014,內埔鄉,39
full_sample,2014,內湖區,15
full_sample,2014,八德市,28
full_sample,2014,八里區,26
full_sample,2014,前鎮區,25
full_sample,2014,北區,28
full_sample,2014,北屯區,45
full_sample,2014,北投區,4
full_sample,2014,卑南鄉,64
full_sample,2014,卓溪鄉,40
full_sample,2014,南區,53
full_sample,2014,南屯區,40
full_sample,2014,南庄鄉,9
full_sample,2014,南投市,45
full_sample,2014,南澳鄉,5
full_sample,2014,吉安鄉,147
full_sample,2014,和平區,33
full_sample,2014,土城區,38
full_sample,2014,埔里鎮,24
full_sample,2014,士林區,37
full_sample,2014,壽豐鄉,60
full_sample,2014,大同區,33
full_sample,2014,大同鄉,9
full_sample,2014,大寮區,40
full_sample,2014,大樹區,12
full_sample,2014,大武鄉,40
full_sample,2014,大溪鎮,31
full_sample,2014,大里區,2
full_sample,2014,大雅區,52
full_sample,2014,太平區,43
full_sample,2014,太麻里鄉,54
full_sample,2014,安定區,2
full_sample,2014,安樂區,34
full_sample,2014,宜蘭市,3
full_sample,2014,富里鄉,18
full_sample,2014,小港區,59
full_sample,2014,尖石鄉,53
full_sample,2014,屏東市,71
full_sample,2014,岡山區,30
full_sample,2014,左營區,32
full_sample,2014,平鎮市,62
full_sample,2014,延平鄉,27
full_sample,2014,彰化市,58
full_sample,2014,復興鄉,46
full_sample,2014,成功鎮,73
full_sample,2014,文山區,22
full_sample,2014,斗六市,40
full_sample,2014,新城鄉,56
full_sample,2014,新店區,66
full_sample,2014,新營區,3
full_sample,2014,新莊區,87
full_sample,2014,春日鄉,28
full_sample,2014,東區,92
full_sample,2014,東河鄉,39
full_sample,2014,松山區,16
full_sample,2014,板橋區,9
full_sample,2014,枋寮鄉,2
full_sample,2014,林口區,37
full_sample,2014,桃園市,34
full_sample,2014,桃源區,28
full_sample,2014,梧棲區,8
full_sample,2014,楊梅鎮,62
full_sample,2014,楠梓區,12
full_sample,2014,樹林區,70
full_sample,2014,橫山鄉,2
full_sample,2014,民雄鄉,25
full_sample,2014,水上鄉,1
full_sample,2014,永和區,15
full_sample,2014,永康區,31
full_sample,2014,汐止區,72
full_sample,2014,池上鄉,33
full_sample,2014,沙鹿區,2
full_sample,2014,泰安鄉,53
full_sample,2014,泰山區,2
full_sample,2014,泰武鄉,35
full_sample,2014,海端鄉,30
full_sample,2014,淡水區,3
full_sample,2014,湖口鄉,6
full_sample,2014,滿州鄉,29
full_sample,2014,潭子區,14
full_sample,2014,潮州鎮,19
full_sample,2014,烏來區,30
full_sample,2014,牡丹鄉,49
full_sample,2014,獅子鄉,34
full_sample,2014,獅潭鄉,1
full_sample,2014,玉里鎮,57
full_sample,2014,瑞穗鄉,49
full_sample,2014,瑞芳區,23
full_sample,2014,瑪家鄉,65
full_sample,2014,番路鄉,2
full_sample,2014,秀林鄉,113
full_sample,2014,竹北市,15
full_sample,2014,竹南鎮,19
full_sample,2014,竹東鎮,31
full_sample,2014,綠島鄉,4
full_sample,2014,羅東鎮,8
full_sample,2014,臺東市,162
full_sample,2014,花壇鄉,8
full_sample,2014,花蓮市,122
full_sample,2014,苓雅區,29
full_sample,2014,苗栗市,5
full_sample,2014,茂林區,17
full_sample,2014,萬丹鄉,2
full_sample,2014,萬巒鄉,19
full_sample,2014,萬榮鄉,43
full_sample,2014,萬華區,43
full_sample,2014,蘆洲區,55
full_sample,2014,蘆竹鄉,36
full_sample,2014,蘭嶼鄉,11
full_sample,2014,虎尾鎮,11
full_sample,2014,西區,40
full_sample,2014,西屯區,13
full_sample,2014,觀音鄉,15
full_sample,2014,豐原區,7
full_sample,2014,豐濱鄉,36
full_sample,2014,通霄鎮,8
full_sample,2014,達仁鄉,52
full_sample,2014,那瑪夏區,19
full_sample,2014,金峰鄉,28
full_sample,2014,長濱鄉,38
full_sample,2014,關山鎮,26
full_sample,2014,關西鎮,8
full_sample,2014,阿里山鄉,31
full_sample,2014,霧臺鄉,22
full_sample,2014,頭份鎮,24
full_sample,2014,馬公市,50
full_sample,2014,魚池鄉,25
full_sample,2014,鳳山區,58
full_sample,2014,鳳林鎮,22
full_sample,2014,鶯歌區,14
full_sample,2014,鹿野鄉,34
full_sample,2014,麥寮鄉,1
full_sample,2014,鼓山區,12
full_sample,2014,龍井區,40
full_sample,2014,龍潭鄉,71
full_sample,2014,龜山鄉,82
full_sample,2017,七堵區,10
full_sample,2017,三地門鄉,54
full_sample,2017,三峽區,23
full_sample,2017,三民區,32
full_sample,2017,三重區,21
full_sample,2017,中和區,47
full_sample,2017,中埔鄉,14
full_sample,2017,中壢區,68
full_sample,2017,中山區,3
full_sample,2017,中正區,49
full_sample,2017,五峰鄉,39
full_sample,2017,五結鄉,8
full_sample,2017,五股區,23
full_sample,2017,仁德區,21
full_sample,2017,仁愛區,10
full_sample,2017,仁愛鄉,97
full_sample,2017,仁武區,11
full_sample,2017,來義鄉,65
full_sample,2017,信義鄉,89
full_sample,2017,光復鄉,40
full_sample,2017,內湖區,14
full_sample,2017,八德區,49
full_sample,2017,八里區,2
full_sample,2017,六龜區,2
full_sample,2017,冬山鄉,4
full_sample,2017,前鎮區,5
full_sample,2017,北區,25
full_sample,2017,北屯區,35
full_sample,2017,北投區,43
full_sample,2017,北港鎮,1
full_sample,2017,卑南鄉,71
full_sample,2017,卓溪鄉,38
full_sample,2017,南區,39
full_sample,2017,南屯區,8
full_sample,2017,南庄鄉,22
full_sample,2017,南投市,17
full_sample,2017,南港區,42
full_sample,2017,南澳鄉,61
full_sample,2017,吉安鄉,128
full_sample,2017,和平區,38
full_sample,2017,和美鎮,19
full_sample,2017,員山鄉,20
full_sample,2017,員林鎮,14
full_sample,2017,土城區,54
full_sample,2017,埔心鄉,17
full_sample,2017,埔里鎮,35
full_sample,2017,士林區,13
full_sample,2017,壯圍鄉,1
full_sample,2017,壽豐鄉,60
full_sample,2017,大同區,14
full_sample,2017,大同鄉,28
full_sample,2017,大園區,69
full_sample,2017,大安區,1
full_sample,2017,大寮區,14
full_sample,2017,大武鄉,19
full_sample,2017,大溪區,12
full_sample,2017,大肚區,37
full_sample,2017,大里區,1
full_sample,2017,大雅區,5
full_sample,2017,太保市,6
full_sample,2017,太平區,75
full_sample,2017,太麻里鄉,49
full_sample,2017,官田區,20
full_sample,2017,宜蘭市,38
full_sample,2017,富里鄉,17
full_sample,2017,小港區,54
full_sample,2017,尖石鄉,52
full_sample,2017,屏東市,58
full_sample,2017,崙背鄉,1
full_sample,2017,左營區,40
full_sample,2017,平鎮區,52
full_sample,2017,延平鄉,24
full_sample,2017,彰化市,18
full_sample,2017,復興區,65
full_sample,2017,成功鎮,87
full_sample,2017,文山區,34
full_sample,2017,斗六市,16
full_sample,2017,斗南鎮,18
full_sample,2017,新化區,14
full_sample,2017,新城鄉,61
full_sample,2017,新屋區,41
full_sample,2017,新店區,57
full_sample,2017,新莊區,45
full_sample,2017,春日鄉,46
full_sample,2017,暖暖區,21
full_sample,2017,東區,132
full_sample,2017,東河鄉,25
full_sample,2017,松山區,25
full_sample,2017,板橋區,54
full_sample,2017,枋寮鄉,9
full_sample,2017,桃園區,59
full_sample,2017,桃源區,28
full_sample,2017,梓官區,23
full_sample,2017,楊梅區,19
full_sample,2017,樹林區,55
full_sample,2017,橋頭區,1
full_sample,2017,民雄鄉,7
full_sample,2017,永和區,20
full_sample,2017,永康區,51
full_sample,2017,汐止區,54
full_sample,2017,池上鄉,22
full_sample,2017,泰安鄉,39
full_sample,2017,泰武鄉,31
full_sample,2017,海端鄉,22
full_sample,2017,清水區,23
full_sample,2017,湖口鄉,27
full_sample,2017,滿州鄉,22
full_sample,2017,潭子區,11
full_sample,2017,潮州鎮,49
full_sample,2017,烏來區,20
full_sample,2017,烏日區,14
full_sample,2017,牡丹鄉,32
full_sample,2017,獅子鄉,24
full_sample,2017,獅潭鄉,2
full_sample,2017,玉里鎮,63
full_sample,2017,瑞穗鄉,73
full_sample,2017,瑞芳區,23
full_sample,2017,瑪家鄉,52
full_sample,2017,礁溪鄉,1
full_sample,2017,秀林鄉,100
full_sample,2017,竹北市,6
full_sample,2017,竹東鎮,47
full_sample,2017,綠島鄉,2
full_sample,2017,羅東鎮,9
full_sample,2017,臺東市,197
full_sample,2017,花蓮市,124
full_sample,2017,苓雅區,10
full_sample,2017,苗栗市,28
full_sample,2017,茂林區,13
full_sample,2017,草屯鎮,17
full_sample,2017,萬巒鄉,6
full_sample,2017,萬榮鄉,50
full_sample,2017,萬華區,2
full_sample,2017,蘆洲區,34
full_sample,2017,蘆竹區,42
full_sample,2017,蘇澳鎮,4
full_sample,2017,蘭嶼鄉,31
full_sample,2017,西屯區,18
full_sample,2017,觀音區,56
full_sample,2017,豐原區,19
full_sample,2017,豐濱鄉,22
full_sample,2017,達仁鄉,40
full_sample,2017,那瑪夏區,17
full_sample,2017,金峰鄉,28
full_sample,2017,長治鄉,24
full_sample,2017,長濱鄉,56
full_sample,2017,關山鎮,22
full_sample,2017,關西鎮,5
full_sample,2017,阿里山鄉,27
full_sample,2017,霧臺鄉,5
full_sample,2017,頭份鎮,33
full_sample,2017,馬公市,36
full_sample,2017,魚池鄉,6
full_sample,2017,鳥松區,8
full_sample,2017,鳳山區,65
full_sample,2017,鳳林鎮,22
full_sample,2017,鹿野鄉,25
full_sample,2017,鼓山區,17
full_sample,2017,龍潭區,61
full_sample,2017,龜山區,46
full_sample,2021,中部地區,760
full_sample,2021,北部地區,2012
full_sample,2021,南部地區,1098
full_sample,2021,東部及離島地區,1539
indigenous_analysis_sample,2002,三地門,181
indigenous_analysis_sample,2002,三峽鎮,52
indigenous_analysis_sample,2002,三民鄉,67
indigenous_analysis_sample,2002,三重市,52
indigenous_analysis_sample,2002,中和市,55
indigenous_analysis_sample,2002,中壢市,55
indigenous_analysis_sample,2002,五峰鄉,138
indigenous_analysis_sample,2002,五結冬山鄉,53
indigenous_analysis_sample,2002,五股鄉,50
indigenous_analysis_sample,2002,仁愛鄉,337
indigenous_analysis_sample,2002,來義鄉,190
indigenous_analysis_sample,2002,信義鄉,231
indigenous_analysis_sample,2002,光復鄉,213
indigenous_analysis_sample,2002,內埔鄉,52
indigenous_analysis_sample,2002,八德市,52
indigenous_analysis_sample,2002,八里鄉三芝鄉,52
indigenous_analysis_sample,2002,六龜鄉美濃鎮,57
indigenous_analysis_sample,2002,北區,46
indigenous_analysis_sample,2002,北屯區,46
indigenous_analysis_sample,2002,卑南鄉,185
indigenous_analysis_sample,2002,卓溪鄉,140
indigenous_analysis_sample,2002,南區東區,53
indigenous_analysis_sample,2002,南屯區,55
indigenous_analysis_sample,2002,南庄鄉,63
indigenous_analysis_sample,2002,南投市,52
indigenous_analysis_sample,2002,南澳鄉,138
indigenous_analysis_sample,2002,吉安鄉,380
indigenous_analysis_sample,2002,后里鄉外埔鄉,52
indigenous_analysis_sample,2002,和平鄉,146
indigenous_analysis_sample,2002,土城市,53
indigenous_analysis_sample,2002,埔里鎮,55
indigenous_analysis_sample,2002,壽豐鄉,179
indigenous_analysis_sample,2002,大同鄉,126
indigenous_analysis_sample,2002,大園鄉,53
indigenous_analysis_sample,2002,大寮鄉,56
indigenous_analysis_sample,2002,大樹鄉仁武鄉,53
indigenous_analysis_sample,2002,大武鄉,115
indigenous_analysis_sample,2002,大溪鎮,57
indigenous_analysis_sample,2002,大肚鄉,62
indigenous_analysis_sample,2002,大里市,67
indigenous_analysis_sample,2002,大雅鄉,59
indigenous_analysis_sample,2002,太平市,52
indigenous_analysis_sample,2002,太麻里,174
indigenous_analysis_sample,2002,宜蘭市,53
indigenous_analysis_sample,2002,富里鄉,54
indigenous_analysis_sample,2002,尖石鄉,194
indigenous_analysis_sample,2002,屏東市,65
indigenous_analysis_sample,2002,岡山鎮,54
indigenous_analysis_sample,2002,平鎮市,52
indigenous_analysis_sample,2002,延平鄉,84
indigenous_analysis_sample,2002,彰化市,52
indigenous_analysis_sample,2002,復興鄉,265
indigenous_analysis_sample,2002,恆春鎮,59
indigenous_analysis_sample,2002,成功鎮,272
indigenous_analysis_sample,2002,新城鄉,149
indigenous_analysis_sample,2002,新埔鎮芎林鄉橫山鄉,52
indigenous_analysis_sample,2002,新店市,52
indigenous_analysis_sample,2002,新莊市,54
indigenous_analysis_sample,2002,春日鄉,113
indigenous_analysis_sample,2002,未知地區,967
indigenous_analysis_sample,2002,東勢鎮,54
indigenous_analysis_sample,2002,東河鄉,162
indigenous_analysis_sample,2002,板橋市,52
indigenous_analysis_sample,2002,枋寮鄉,54
indigenous_analysis_sample,2002,林口鄉,52
indigenous_analysis_sample,2002,林園鄉鳥松鄉,47
indigenous_analysis_sample,2002,桃園市,53
indigenous_analysis_sample,2002,桃源鄉,101
indigenous_analysis_sample,2002,梧棲鎮,63
indigenous_analysis_sample,2002,楊梅鎮,53
indigenous_analysis_sample,2002,樹林市,52
indigenous_analysis_sample,2002,水里鄉草屯鎮,52
indigenous_analysis_sample,2002,永和市,43
indigenous_analysis_sample,2002,永康市,59
indigenous_analysis_sample,2002,汐止市,52
indigenous_analysis_sample,2002,池上鄉,67
indigenous_analysis_sample,2002,泰安鄉,112
indigenous_analysis_sample,2002,泰山鄉,52
indigenous_analysis_sample,2002,泰武鄉,91
indigenous_analysis_sample,2002,海端鄉,97
indigenous_analysis_sample,2002,淡水鎮,52
indigenous_analysis_sample,2002,清水鎮沙鹿鎮,53
indigenous_analysis_sample,2002,湖口鄉,49
indigenous_analysis_sample,2002,滿州鄉,70
indigenous_analysis_sample,2002,潭子鄉,51
indigenous_analysis_sample,2002,潮州鎮,52
indigenous_analysis_sample,2002,烏來鄉,60
indigenous_analysis_sample,2002,烏日鄉霧峰鄉,40
indigenous_analysis_sample,2002,牡丹鄉,155
indigenous_analysis_sample,2002,獅子鄉,128
indigenous_analysis_sample,2002,獅潭鄉,5
indigenous_analysis_sample,2002,玉里鎮,237
indigenous_analysis_sample,2002,瑞穗鄉,145
indigenous_analysis_sample,2002,瑞芳鎮,52
indigenous_analysis_sample,2002,瑪家鄉,164
indigenous_analysis_sample,2002,神岡鄉,51
indigenous_analysis_sample,2002,秀林鄉,353
indigenous_analysis_sample,2002,竹北市新豐鄉,57
indigenous_analysis_sample,2002,竹南鎮後龍鎮造橋鄉,52
indigenous_analysis_sample,2002,竹東鎮,52
indigenous_analysis_sample,2002,羅東鎮,51
indigenous_analysis_sample,2002,臺東市,542
indigenous_analysis_sample,2002,花蓮市,271
indigenous_analysis_sample,2002,苗栗市,53
indigenous_analysis_sample,2002,茂林鄉,46
indigenous_analysis_sample,2002,萬巒鄉,60
indigenous_analysis_sample,2002,萬榮鄉,190
indigenous_analysis_sample,2002,蘆洲市,52
indigenous_analysis_sample,2002,蘆竹鄉,52
indigenous_analysis_sample,2002,蘇澳鎮,52
indigenous_analysis_sample,2002,蘭嶼鄉,83
indigenous_analysis_sample,2002,西屯區,52
indigenous_analysis_sample,2002,觀音鄉,51
indigenous_analysis_sample,2002,豐原市,52
indigenous_analysis_sample,2002,豐濱鄉,131
indigenous_analysis_sample,2002,達仁鄉,124
indigenous_analysis_sample,2002,金峰鄉,82
indigenous_analysis_sample,2002,長濱鄉,153
indigenous_analysis_sample,2002,關山鎮,69
indigenous_analysis_sample,2002,關西鎮,26
indigenous_analysis_sample,2002,阿里山,105
indigenous_analysis_sample,2002,霧臺鄉,79
indigenous_analysis_sample,2002,頭份鎮,52
indigenous_analysis_sample,2002,頭城礁溪員山鄉,44
indigenous_analysis_sample,2002,魚池鄉,18
indigenous_analysis_sample,2002,鳳山市,53
indigenous_analysis_sample,2002,鳳林鎮,65
indigenous_analysis_sample,2002,鶯歌鎮,53
indigenous_analysis_sample,2002,鹿野鄉,78
indigenous_analysis_sample,2002,龍井鄉,26
indigenous_analysis_sample,2002,龍潭鄉,55
indigenous_analysis_sample,2002,龜山鄉,52
indigenous_analysis_sample,2006,七堵區,4
indigenous_analysis_sample,2006,三地門鄉,83
indigenous_analysis_sample,2006,三峽鎮,8
indigenous_analysis_sample,2006,三星鄉,5
indigenous_analysis_sample,2006,三民區,7
indigenous_analysis_sample,2006,三民鄉,69
indigenous_analysis_sample,2006,三義鄉,2
indigenous_analysis_sample,2006,三芝鄉,2
indigenous_analysis_sample,2006,三重市,34
indigenous_analysis_sample,2006,中區,1
indigenous_analysis_sample,2006,中和市,18
indigenous_analysis_sample,2006,中埔鄉,2
indigenous_analysis_sample,2006,中壢市,16
indigenous_analysis_sample,2006,中寮鄉,1
indigenous_analysis_sample,2006,中山區,25
indigenous_analysis_sample,2006,中正區,13
indigenous_analysis_sample,2006,九如鄉,1
indigenous_analysis_sample,2006,二水鄉,1
indigenous_analysis_sample,2006,五峰鄉,34
indigenous_analysis_sample,2006,五結鄉,3
indigenous_analysis_sample,2006,五股鄉,6
indigenous_analysis_sample,2006,仁德鄉,10
indigenous_analysis_sample,2006,仁愛鄉,171
indigenous_analysis_sample,2006,來義鄉,57
indigenous_analysis_sample,2006,信義區,11
indigenous_analysis_sample,2006,信義鄉,145
indigenous_analysis_sample,2006,光復鄉,76
indigenous_analysis_sample,2006,內埔鄉,8
indigenous_analysis_sample,2006,內湖區,15
indigenous_analysis_sample,2006,八德市,14
indigenous_analysis_sample,2006,公館鄉,1
indigenous_analysis_sample,2006,六龜鄉,2
indigenous_analysis_sample,2006,冬山鄉,2
indigenous_analysis_sample,2006,前鎮區,26
indigenous_analysis_sample,2006,北區,27
indigenous_analysis_sample,2006,北屯區,23
indigenous_analysis_sample,2006,北投區,10
indigenous_analysis_sample,2006,北斗鎮,1
indigenous_analysis_sample,2006,卑南鄉,116
indigenous_analysis_sample,2006,卓溪鄉,191
indigenous_analysis_sample,2006,南區,9
indigenous_analysis_sample,2006,南屯區,2
indigenous_analysis_sample,2006,南庄鄉,50
indigenous_analysis_sample,2006,南投市,5
indigenous_analysis_sample,2006,南港區,8
indigenous_analysis_sample,2006,南澳鄉,92
indigenous_analysis_sample,2006,南竿鄉,1
indigenous_analysis_sample,2006,吉安鄉,192
indigenous_analysis_sample,2006,和平鄉,41
indigenous_analysis_sample,2006,和美鎮,3
indigenous_analysis_sample,2006,員山鄉,4
indigenous_analysis_sample,2006,員林鎮,6
indigenous_analysis_sample,2006,國姓鄉,2
indigenous_analysis_sample,2006,土城市,21
indigenous_analysis_sample,2006,埔里鎮,35
indigenous_analysis_sample,2006,埔鹽鄉,1
indigenous_analysis_sample,2006,士林區,23
indigenous_analysis_sample,2006,壯圍鄉,3
indigenous_analysis_sample,2006,壽豐鄉,75
indigenous_analysis_sample,2006,外埔鄉,1
indigenous_analysis_sample,2006,大同區,21
indigenous_analysis_sample,2006,大同鄉,128
indigenous_analysis_sample,2006,大園鄉,12
indigenous_analysis_sample,2006,大埔鄉,1
indigenous_analysis_sample,2006,大安區,8
indigenous_analysis_sample,2006,大寮鄉,3
indigenous_analysis_sample,2006,大樹鄉,4
indigenous_analysis_sample,2006,大武鄉,35
indigenous_analysis_sample,2006,大湖鄉,4
indigenous_analysis_sample,2006,大溪鎮,31
indigenous_analysis_sample,2006,大肚鄉,4
indigenous_analysis_sample,2006,大里市,18
indigenous_analysis_sample,2006,大雅鄉,106
indigenous_analysis_sample,2006,太平鄉,6
indigenous_analysis_sample,2006,太麻里,108
indigenous_analysis_sample,2006,學甲鎮,1
indigenous_analysis_sample,2006,安南區,3
indigenous_analysis_sample,2006,安平區,5
indigenous_analysis_sample,2006,安樂區,1
indigenous_analysis_sample,2006,官田鄉,1
indigenous_analysis_sample,2006,宜蘭市,16
indigenous_analysis_sample,2006,富里鄉,39
indigenous_analysis_sample,2006,小港區,23
indigenous_analysis_sample,2006,尖石鄉,54
indigenous_analysis_sample,2006,屏東市,12
indigenous_analysis_sample,2006,岡山鎮,11
indigenous_analysis_sample,2006,左營區,38
indigenous_analysis_sample,2006,左鎮鄉,1
indigenous_analysis_sample,2006,布袋鎮,1
indigenous_analysis_sample,2006,平鎮市,7
indigenous_analysis_sample,2006,延平鄉,111
indigenous_analysis_sample,2006,彰化市,2
indigenous_analysis_sample,2006,後龍鎮,1
indigenous_analysis_sample,2006,復興鄉,157
indigenous_analysis_sample,2006,恆春鎮,2
indigenous_analysis_sample,2006,成功鎮,176
indigenous_analysis_sample,2006,文山區,14
indigenous_analysis_sample,2006,斗六市,1
indigenous_analysis_sample,2006,斗南鎮,1
indigenous_analysis_sample,2006,新化鎮,2
indigenous_analysis_sample,2006,新園鄉,2
indigenous_analysis_sample,2006,新城鄉,42
indigenous_analysis_sample,2006,新埔鎮,1
indigenous_analysis_sample,2006,新屋鄉,5
indigenous_analysis_sample,2006,新店市,15
indigenous_analysis_sample,2006,新港鄉,11
indigenous_analysis_sample,2006,新興區,3
indigenous_analysis_sample,2006,新莊市,11
indigenous_analysis_sample,2006,新豐鄉,3
indigenous_analysis_sample,2006,春日鄉,113
indigenous_analysis_sample,2006,暖暖區,1
indigenous_analysis_sample,2006,望安鄉,1
indigenous_analysis_sample,2006,未知地區,7
indigenous_analysis_sample,2006,朴子市,1
indigenous_analysis_sample,2006,杉林鄉,3
indigenous_analysis_sample,2006,東勢鎮,2
indigenous_analysis_sample,2006,東區,23
indigenous_analysis_sample,2006,東河鄉,38
indigenous_analysis_sample,2006,東石鄉,1
indigenous_analysis_sample,2006,松山區,18
indigenous_analysis_sample,2006,板橋市,30
indigenous_analysis_sample,2006,枋寮鄉,3
indigenous_analysis_sample,2006,枋山鄉,2
indigenous_analysis_sample,2006,林口鄉,2
indigenous_analysis_sample,2006,林園鄉,2
indigenous_analysis_sample,2006,桃園市,16
indigenous_analysis_sample,2006,桃源鄉,47
indigenous_analysis_sample,2006,梓官鄉,11
indigenous_analysis_sample,2006,梧棲鎮,5
indigenous_analysis_sample,2006,楊梅鎮,13
indigenous_analysis_sample,2006,楠梓區,18
indigenous_analysis_sample,2006,樹林鎮,44
indigenous_analysis_sample,2006,橫山鄉,1
indigenous_analysis_sample,2006,歸仁鄉,3
indigenous_analysis_sample,2006,民雄鄉,2
indigenous_analysis_sample,2006,水里鄉,4
indigenous_analysis_sample,2006,永和市,15
indigenous_analysis_sample,2006,永安鄉,1
indigenous_analysis_sample,2006,永康市,5
indigenous_analysis_sample,2006,汐止鎮,2
indigenous_analysis_sample,2006,池上鄉,56
indigenous_analysis_sample,2006,沙鹿鎮,7
indigenous_analysis_sample,2006,泰安鄉,92
indigenous_analysis_sample,2006,泰山鄉,1
indigenous_analysis_sample,2006,泰武鄉,74
indigenous_analysis_sample,2006,海端鄉,63
indigenous_analysis_sample,2006,淡水鎮,1
indigenous_analysis_sample,2006,深坑鄉,12
indigenous_analysis_sample,2006,清水鎮,7
indigenous_analysis_sample,2006,湖口鄉,31
indigenous_analysis_sample,2006,滿州鄉,44
indigenous_analysis_sample,2006,潮州鎮,3
indigenous_analysis_sample,2006,烏來鄉,20
indigenous_analysis_sample,2006,烏日鄉,8
indigenous_analysis_sample,2006,燕巢鄉,1
indigenous_analysis_sample,2006,牡丹鄉,138
indigenous_analysis_sample,2006,獅子鄉,55
indigenous_analysis_sample,2006,獅潭鄉,3
indigenous_analysis_sample,2006,玉里鎮,152
indigenous_analysis_sample,2006,瑞穗鄉,94
indigenous_analysis_sample,2006,瑞芳鎮,1
indigenous_analysis_sample,2006,瑪家鄉,112
indigenous_analysis_sample,2006,甲仙鄉,3
indigenous_analysis_sample,2006,白沙鄉,1
indigenous_analysis_sample,2006,白河鎮,1
indigenous_analysis_sample,2006,石岡鄉,1
indigenous_analysis_sample,2006,礁溪鄉,2
indigenous_analysis_sample,2006,神岡鄉,3
indigenous_analysis_sample,2006,福興鄉,1
indigenous_analysis_sample,2006,秀林鄉,140
indigenous_analysis_sample,2006,竹北市,1
indigenous_analysis_sample,2006,竹南鎮,2
indigenous_analysis_sample,2006,竹東鎮,31
indigenous_analysis_sample,2006,綠島鄉,2
indigenous_analysis_sample,2006,羅東鎮,8
indigenous_analysis_sample,2006,臺東市,251
indigenous_analysis_sample,2006,芎林鄉,2
indigenous_analysis_sample,2006,花壇鄉,30
indigenous_analysis_sample,2006,花蓮市,63
indigenous_analysis_sample,2006,苑裡鎮,3
indigenous_analysis_sample,2006,苓雅區,9
indigenous_analysis_sample,2006,苗栗市,6
indigenous_analysis_sample,2006,茂林鄉,47
indigenous_analysis_sample,2006,草屯鎮,5
indigenous_analysis_sample,2006,莒光鄉,1
indigenous_analysis_sample,2006,萬丹鄉,3
indigenous_analysis_sample,2006,萬巒鄉,5
indigenous_analysis_sample,2006,萬榮鄉,66
indigenous_analysis_sample,2006,萬華區,24
indigenous_analysis_sample,2006,蘆洲鄉,11
indigenous_analysis_sample,2006,蘆竹鄉,11
indigenous_analysis_sample,2006,蘇澳鎮,8
indigenous_analysis_sample,2006,蘭嶼鄉,49
indigenous_analysis_sample,2006,虎尾鎮,1
indigenous_analysis_sample,2006,褒忠鄉,1
indigenous_analysis_sample,2006,西區,2
indigenous_analysis_sample,2006,西屯區,3
indigenous_analysis_sample,2006,觀音鄉,6
indigenous_analysis_sample,2006,豐原市,3
indigenous_analysis_sample,2006,豐濱鄉,67
indigenous_analysis_sample,2006,貢寮鄉,1
indigenous_analysis_sample,2006,車城鄉,4
indigenous_analysis_sample,2006,通霄鎮,2
indigenous_analysis_sample,2006,造橋鄉,1
indigenous_analysis_sample,2006,達仁鄉,92
indigenous_analysis_sample,2006,金寧鎮,1
indigenous_analysis_sample,2006,金峰鄉,113
indigenous_analysis_sample,2006,金沙鎮,1
indigenous_analysis_sample,2006,金湖鎮,1
indigenous_analysis_sample,2006,銅鑼鄉,1
indigenous_analysis_sample,2006,長治鄉,4
indigenous_analysis_sample,2006,長濱鄉,112
indigenous_analysis_sample,2006,關山鎮,55
indigenous_analysis_sample,2006,關西鎮,2
indigenous_analysis_sample,2006,阿里山,30
indigenous_analysis_sample,2006,集集鎮,1
indigenous_analysis_sample,2006,霧峰鄉,1
indigenous_analysis_sample,2006,霧臺鄉,29
indigenous_analysis_sample,2006,頭份鎮,7
indigenous_analysis_sample,2006,香山區,1
indigenous_analysis_sample,2006,馬公市,1
indigenous_analysis_sample,2006,魚池鄉,9
indigenous_analysis_sample,2006,鳳山市,40
indigenous_analysis_sample,2006,鳳林鎮,31
indigenous_analysis_sample,2006,鶯歌鎮,7
indigenous_analysis_sample,2006,鹽埔鄉,1
indigenous_analysis_sample,2006,鹽埕區,4
indigenous_analysis_sample,2006,鹽水鎮,1
indigenous_analysis_sample,2006,鹿港鎮,1
indigenous_analysis_sample,2006,鹿野鄉,52
indigenous_analysis_sample,2006,麥寮鄉,16
indigenous_analysis_sample,2006,鼓山區,3
indigenous_analysis_sample,2006,龍井鄉,6
indigenous_analysis_sample,2006,龍潭鄉,9
indigenous_analysis_sample,2006,龜山鄉,14
indigenous_analysis_sample,2010,七堵區,18
indigenous_analysis_sample,2010,三地門鄉,58
indigenous_analysis_sample,2010,三峽鎮,52
indigenous_analysis_sample,2010,三民區,17
indigenous_analysis_sample,2010,三重市,11
indigenous_analysis_sample,2010,中區,1
indigenous_analysis_sample,2010,中和市,8
indigenous_analysis_sample,2010,中埔鄉,10
indigenous_analysis_sample,2010,中壢市,95
indigenous_analysis_sample,2010,中山區,20
indigenous_analysis_sample,2010,中正區,55
indigenous_analysis_sample,2010,中西區,1
indigenous_analysis_sample,2010,五峰鄉,39
indigenous_analysis_sample,2010,五結鄉,26
indigenous_analysis_sample,2010,五股鄉,2
indigenous_analysis_sample,2010,仁德鄉,14
indigenous_analysis_sample,2010,仁愛區,2
indigenous_analysis_sample,2010,仁愛鄉,107
indigenous_analysis_sample,2010,來義鄉,46
indigenous_analysis_sample,2010,信義區,13
indigenous_analysis_sample,2010,信義鄉,63
indigenous_analysis_sample,2010,光復鄉,64
indigenous_analysis_sample,2010,內埔鄉,24
indigenous_analysis_sample,2010,內湖區,21
indigenous_analysis_sample,2010,八德市,54
indigenous_analysis_sample,2010,公館鄉,16
indigenous_analysis_sample,2010,六龜鄉,7
indigenous_analysis_sample,2010,前金區,3
indigenous_analysis_sample,2010,前鎮區,19
indigenous_analysis_sample,2010,北區,44
indigenous_analysis_sample,2010,北屯區,22
indigenous_analysis_sample,2010,北投區,17
indigenous_analysis_sample,2010,卑南鄉,61
indigenous_analysis_sample,2010,卓溪鄉,43
indigenous_analysis_sample,2010,南區,15
indigenous_analysis_sample,2010,南屯區,6
indigenous_analysis_sample,2010,南庄鄉,32
indigenous_analysis_sample,2010,南投市,4
indigenous_analysis_sample,2010,南港區,18
indigenous_analysis_sample,2010,南澳鄉,43
indigenous_analysis_sample,2010,吉安鄉,152
indigenous_analysis_sample,2010,和平鄉,41
indigenous_analysis_sample,2010,和美鎮,26
indigenous_analysis_sample,2010,土城市,80
indigenous_analysis_sample,2010,埔里鎮,41
indigenous_analysis_sample,2010,士林區,12
indigenous_analysis_sample,2010,壽豐鄉,54
indigenous_analysis_sample,2010,大同區,10
indigenous_analysis_sample,2010,大同鄉,34
indigenous_analysis_sample,2010,大園鄉,10
indigenous_analysis_sample,2010,大安區,9
indigenous_analysis_sample,2010,大寮鄉,3
indigenous_analysis_sample,2010,大林鎮,5
indigenous_analysis_sample,2010,大武鄉,44
indigenous_analysis_sample,2010,大溪鎮,62
indigenous_analysis_sample,2010,大肚鄉,12
indigenous_analysis_sample,2010,大里市,17
indigenous_analysis_sample,2010,大雅鄉,13
indigenous_analysis_sample,2010,太麻里鄉,52
indigenous_analysis_sample,2010,安南區,12
indigenous_analysis_sample,2010,安平區,2
indigenous_analysis_sample,2010,安樂區,10
indigenous_analysis_sample,2010,宜蘭市,8
indigenous_analysis_sample,2010,富里鄉,20
indigenous_analysis_sample,2010,小港區,27
indigenous_analysis_sample,2010,尖石鄉,53
indigenous_analysis_sample,2010,屏東市,63
indigenous_analysis_sample,2010,岡山鎮,73
indigenous_analysis_sample,2010,左營區,22
indigenous_analysis_sample,2010,平鎮市,67
indigenous_analysis_sample,2010,延平鄉,20
indigenous_analysis_sample,2010,彰化市,17
indigenous_analysis_sample,2010,復興鄉,64
indigenous_analysis_sample,2010,恆春鎮,8
indigenous_analysis_sample,2010,成功鎮,85
indigenous_analysis_sample,2010,文山區,18
indigenous_analysis_sample,2010,斗六市,10
indigenous_analysis_sample,2010,新城鄉,66
indigenous_analysis_sample,2010,新店市,39
indigenous_analysis_sample,2010,新營市,5
indigenous_analysis_sample,2010,新興區,2
indigenous_analysis_sample,2010,新莊市,19
indigenous_analysis_sample,2010,旗津區,4
indigenous_analysis_sample,2010,春日鄉,35
indigenous_analysis_sample,2010,暖暖區,3
indigenous_analysis_sample,2010,東勢鎮,24
indigenous_analysis_sample,2010,東區,100
indigenous_analysis_sample,2010,東河鄉,46
indigenous_analysis_sample,2010,松山區,10
indigenous_analysis_sample,2010,板橋市,17
indigenous_analysis_sample,2010,枋寮鄉,20
indigenous_analysis_sample,2010,林口鄉,8
indigenous_analysis_sample,2010,桃園市,82
indigenous_analysis_sample,2010,桃源鄉,32
indigenous_analysis_sample,2010,楊梅鎮,12
indigenous_analysis_sample,2010,楠梓區,18
indigenous_analysis_sample,2010,樹林市,116
indigenous_analysis_sample,2010,歸仁鄉,25
indigenous_analysis_sample,2010,民雄鄉,3
indigenous_analysis_sample,2010,永和市,8
indigenous_analysis_sample,2010,永康市,8
indigenous_analysis_sample,2010,汐止市,40
indigenous_analysis_sample,2010,池上鄉,21
indigenous_analysis_sample,2010,泰安鄉,34
indigenous_analysis_sample,2010,泰山鄉,18
indigenous_analysis_sample,2010,泰武鄉,33
indigenous_analysis_sample,2010,海端鄉,30
indigenous_analysis_sample,2010,湖口鄉,5
indigenous_analysis_sample,2010,滿州鄉,39
indigenous_analysis_sample,2010,潭子鄉,52
indigenous_analysis_sample,2010,烏來鄉,21
indigenous_analysis_sample,2010,烏日鄉,6
indigenous_analysis_sample,2010,牡丹鄉,46
indigenous_analysis_sample,2010,獅子鄉,31
indigenous_analysis_sample,2010,獅潭鄉,14
indigenous_analysis_sample,2010,玉里鎮,67
indigenous_analysis_sample,2010,瑞穗鄉,38
indigenous_analysis_sample,2010,瑪家鄉,41
indigenous_analysis_sample,2010,神岡鄉,20
indigenous_analysis_sample,2010,秀林鄉,101
indigenous_analysis_sample,2010,竹北市,50
indigenous_analysis_sample,2010,竹南鎮,1
indigenous_analysis_sample,2010,竹東鎮,17
indigenous_analysis_sample,2010,羅東鎮,5
indigenous_analysis_sample,2010,臺東市,189
indigenous_analysis_sample,2010,花蓮市,115
indigenous_analysis_sample,2010,芳苑鄉,3
indigenous_analysis_sample,2010,苓雅區,7
indigenous_analysis_sample,2010,茂林鄉,13
indigenous_analysis_sample,2010,草屯鎮,14
indigenous_analysis_sample,2010,莿桐鄉,12
indigenous_analysis_sample,2010,萬巒鄉,9
indigenous_analysis_sample,2010,萬榮鄉,62
indigenous_analysis_sample,2010,萬華區,14
indigenous_analysis_sample,2010,蘆洲市,52
indigenous_analysis_sample,2010,蘆竹鄉,44
indigenous_analysis_sample,2010,蘇澳鎮,15
indigenous_analysis_sample,2010,蘭嶼鄉,24
indigenous_analysis_sample,2010,虎尾鎮,13
indigenous_analysis_sample,2010,西區,21
indigenous_analysis_sample,2010,西屯區,11
indigenous_analysis_sample,2010,西螺鎮,16
indigenous_analysis_sample,2010,豐原市,13
indigenous_analysis_sample,2010,豐濱鄉,41
indigenous_analysis_sample,2010,達仁鄉,34
indigenous_analysis_sample,2010,那瑪夏鄉,18
indigenous_analysis_sample,2010,金峰鄉,28
indigenous_analysis_sample,2010,長治鄉,13
indigenous_analysis_sample,2010,長濱鄉,55
indigenous_analysis_sample,2010,關山鎮,21
indigenous_analysis_sample,2010,關西鎮,42
indigenous_analysis_sample,2010,阿里山鄉,34
indigenous_analysis_sample,2010,霧臺鄉,24
indigenous_analysis_sample,2010,頭份鎮,22
indigenous_analysis_sample,2010,香山區,9
indigenous_analysis_sample,2010,魚池鄉,11
indigenous_analysis_sample,2010,鳳山市,16
indigenous_analysis_sample,2010,鳳林鎮,22
indigenous_analysis_sample,2010,鶯歌鎮,9
indigenous_analysis_sample,2010,鹽埕區,2
indigenous_analysis_sample,2010,鹿港鎮,13
indigenous_analysis_sample,2010,鹿野鄉,22
indigenous_analysis_sample,2010,麥寮鄉,2
indigenous_analysis_sample,2010,鼓山區,12
indigenous_analysis_sample,2010,龜山鄉,71
indigenous_analysis_sample,2014,七堵區,8
indigenous_analysis_sample,2014,三地門鄉,61
indigenous_analysis_sample,2014,三峽區,24
indigenous_analysis_sample,2014,三重區,27
indigenous_analysis_sample,2014,中和區,23
indigenous_analysis_sample,2014,中壢市,25
indigenous_analysis_sample,2014,中山區,8
indigenous_analysis_sample,2014,中正區,44
indigenous_analysis_sample,2014,中西區,13
indigenous_analysis_sample,2014,五峰鄉,41
indigenous_analysis_sample,2014,五股區,3
indigenous_analysis_sample,2014,仁愛鄉,100
indigenous_analysis_sample,2014,來義鄉,72
indigenous_analysis_sample,2014,信義區,21
indigenous_analysis_sample,2014,信義鄉,69
indigenous_analysis_sample,2014,光復鄉,64
indigenous_analysis_sample,2014,內埔鄉,39
indigenous_analysis_sample,2014,內湖區,15
indigenous_analysis_sample,2014,八德市,28
indigenous_analysis_sample,2014,八里區,26
indigenous_analysis_sample,2014,前鎮區,25
indigenous_analysis_sample,2014,北區,28
indigenous_analysis_sample,2014,北屯區,45
indigenous_analysis_sample,2014,北投區,4
indigenous_analysis_sample,2014,卑南鄉,64
indigenous_analysis_sample,2014,卓溪鄉,40
indigenous_analysis_sample,2014,南區,53
indigenous_analysis_sample,2014,南屯區,40
indigenous_analysis_sample,2014,南庄鄉,9
indigenous_analysis_sample,2014,南投市,45
indigenous_analysis_sample,2014,南澳鄉,5
indigenous_analysis_sample,2014,吉安鄉,147
indigenous_analysis_sample,2014,和平區,33
indigenous_analysis_sample,2014,土城區,38
indigenous_analysis_sample,2014,埔里鎮,24
indigenous_analysis_sample,2014,士林區,37
indigenous_analysis_sample,2014,壽豐鄉,60
indigenous_analysis_sample,2014,大同區,33
indigenous_analysis_sample,2014,大同鄉,9
indigenous_analysis_sample,2014,大寮區,40
indigenous_analysis_sample,2014,大樹區,12
indigenous_analysis_sample,2014,大武鄉,40
indigenous_analysis_sample,2014,大溪鎮,31
indigenous_analysis_sample,2014,大里區,2
indigenous_analysis_sample,2014,大雅區,52
indigenous_analysis_sample,2014,太平區,43
indigenous_analysis_sample,2014,太麻里鄉,54
indigenous_analysis_sample,2014,安定區,2
indigenous_analysis_sample,2014,安樂區,34
indigenous_analysis_sample,2014,宜蘭市,3
indigenous_analysis_sample,2014,富里鄉,18
indigenous_analysis_sample,2014,小港區,59
indigenous_analysis_sample,2014,尖石鄉,53
indigenous_analysis_sample,2014,屏東市,71
indigenous_analysis_sample,2014,岡山區,30
indigenous_analysis_sample,2014,左營區,32
indigenous_analysis_sample,2014,平鎮市,62
indigenous_analysis_sample,2014,延平鄉,27
indigenous_analysis_sample,2014,彰化市,58
indigenous_analysis_sample,2014,復興鄉,46
indigenous_analysis_sample,2014,成功鎮,73
indigenous_analysis_sample,2014,文山區,22
indigenous_analysis_sample,2014,斗六市,40
indigenous_analysis_sample,2014,新城鄉,56
indigenous_analysis_sample,2014,新店區,66
indigenous_analysis_sample,2014,新營區,3
indigenous_analysis_sample,2014,新莊區,87
indigenous_analysis_sample,2014,春日鄉,28
indigenous_analysis_sample,2014,東區,92
indigenous_analysis_sample,2014,東河鄉,39
indigenous_analysis_sample,2014,松山區,16
indigenous_analysis_sample,2014,板橋區,9
indigenous_analysis_sample,2014,枋寮鄉,2
indigenous_analysis_sample,2014,林口區,37
indigenous_analysis_sample,2014,桃園市,34
indigenous_analysis_sample,2014,桃源區,28
indigenous_analysis_sample,2014,梧棲區,8
indigenous_analysis_sample,2014,楊梅鎮,62
indigenous_analysis_sample,2014,楠梓區,12
indigenous_analysis_sample,2014,樹林區,70
indigenous_analysis_sample,2014,橫山鄉,2
indigenous_analysis_sample,2014,民雄鄉,25
indigenous_analysis_sample,2014,水上鄉,1
indigenous_analysis_sample,2014,永和區,15
indigenous_analysis_sample,2014,永康區,31
indigenous_analysis_sample,2014,汐止區,72
indigenous_analysis_sample,2014,池上鄉,33
indigenous_analysis_sample,2014,沙鹿區,2
indigenous_analysis_sample,2014,泰安鄉,53
indigenous_analysis_sample,2014,泰山區,2
indigenous_analysis_sample,2014,泰武鄉,35
indigenous_analysis_sample,2014,海端鄉,30
indigenous_analysis_sample,2014,淡水區,3
indigenous_analysis_sample,2014,湖口鄉,6
indigenous_analysis_sample,2014,滿州鄉,29
indigenous_analysis_sample,2014,潭子區,14
indigenous_analysis_sample,2014,潮州鎮,19
indigenous_analysis_sample,2014,烏來區,30
indigenous_analysis_sample,2014,牡丹鄉,49
indigenous_analysis_sample,2014,獅子鄉,34
indigenous_analysis_sample,2014,獅潭鄉,1
indigenous_analysis_sample,2014,玉里鎮,57
indigenous_analysis_sample,2014,瑞穗鄉,49
indigenous_analysis_sample,2014,瑞芳區,23
indigenous_analysis_sample,2014,瑪家鄉,65
indigenous_analysis_sample,2014,番路鄉,2
indigenous_analysis_sample,2014,秀林鄉,113
indigenous_analysis_sample,2014,竹北市,15
indigenous_analysis_sample,2014,竹南鎮,19
indigenous_analysis_sample,2014,竹東鎮,31
indigenous_analysis_sample,2014,綠島鄉,4
indigenous_analysis_sample,2014,羅東鎮,8
indigenous_analysis_sample,2014,臺東市,162
indigenous_analysis_sample,2014,花壇鄉,8
indigenous_analysis_sample,2014,花蓮市,122
indigenous_analysis_sample,2014,苓雅區,29
indigenous_analysis_sample,2014,苗栗市,5
indigenous_analysis_sample,2014,茂林區,17
indigenous_analysis_sample,2014,萬丹鄉,2
indigenous_analysis_sample,2014,萬巒鄉,19
indigenous_analysis_sample,2014,萬榮鄉,43
indigenous_analysis_sample,2014,萬華區,43
indigenous_analysis_sample,2014,蘆洲區,55
indigenous_analysis_sample,2014,蘆竹鄉,36
indigenous_analysis_sample,2014,蘭嶼鄉,11
indigenous_analysis_sample,2014,虎尾鎮,11
indigenous_analysis_sample,2014,西區,40
indigenous_analysis_sample,2014,西屯區,13
indigenous_analysis_sample,2014,觀音鄉,15
indigenous_analysis_sample,2014,豐原區,7
indigenous_analysis_sample,2014,豐濱鄉,36
indigenous_analysis_sample,2014,通霄鎮,8
indigenous_analysis_sample,2014,達仁鄉,52
indigenous_analysis_sample,2014,那瑪夏區,19
indigenous_analysis_sample,2014,金峰鄉,28
indigenous_analysis_sample,2014,長濱鄉,38
indigenous_analysis_sample,2014,關山鎮,26
indigenous_analysis_sample,2014,關西鎮,8
indigenous_analysis_sample,2014,阿里山鄉,31
indigenous_analysis_sample,2014,霧臺鄉,22
indigenous_analysis_sample,2014,頭份鎮,24
indigenous_analysis_sample,2014,馬公市,50
indigenous_analysis_sample,2014,魚池鄉,25
indigenous_analysis_sample,2014,鳳山區,58
indigenous_analysis_sample,2014,鳳林鎮,22
indigenous_analysis_sample,2014,鶯歌區,14
indigenous_analysis_sample,2014,鹿野鄉,34
indigenous_analysis_sample,2014,麥寮鄉,1
indigenous_analysis_sample,2014,鼓山區,12
indigenous_analysis_sample,2014,龍井區,40
indigenous_analysis_sample,2014,龍潭鄉,71
indigenous_analysis_sample,2014,龜山鄉,82
indigenous_analysis_sample,2017,七堵區,10
indigenous_analysis_sample,2017,三地門鄉,54
indigenous_analysis_sample,2017,三峽區,19
indigenous_analysis_sample,2017,三民區,16
indigenous_analysis_sample,2017,三重區,16
indigenous_analysis_sample,2017,中和區,29
indigenous_analysis_sample,2017,中埔鄉,10
indigenous_analysis_sample,2017,中壢區,62
indigenous_analysis_sample,2017,中山區,2
indigenous_analysis_sample,2017,中正區,46
indigenous_analysis_sample,2017,五峰鄉,39
indigenous_analysis_sample,2017,五結鄉,6
indigenous_analysis_sample,2017,五股區,20
indigenous_analysis_sample,2017,仁德區,14
indigenous_analysis_sample,2017,仁愛區,1
indigenous_analysis_sample,2017,仁愛鄉,97
indigenous_analysis_sample,2017,仁武區,10
indigenous_analysis_sample,2017,來義鄉,65
indigenous_analysis_sample,2017,信義鄉,87
indigenous_analysis_sample,2017,光復鄉,40
indigenous_analysis_sample,2017,內湖區,11
indigenous_analysis_sample,2017,八德區,42
indigenous_analysis_sample,2017,八里區,2
indigenous_analysis_sample,2017,六龜區,1
indigenous_analysis_sample,2017,冬山鄉,3
indigenous_analysis_sample,2017,前鎮區,3
indigenous_analysis_sample,2017,北區,22
indigenous_analysis_sample,2017,北屯區,28
indigenous_analysis_sample,2017,北投區,36
indigenous_analysis_sample,2017,北港鎮,1
indigenous_analysis_sample,2017,卑南鄉,69
indigenous_analysis_sample,2017,卓溪鄉,38
indigenous_analysis_sample,2017,南區,28
indigenous_analysis_sample,2017,南屯區,5
indigenous_analysis_sample,2017,南庄鄉,21
indigenous_analysis_sample,2017,南投市,11
indigenous_analysis_sample,2017,南港區,37
indigenous_analysis_sample,2017,南澳鄉,59
indigenous_analysis_sample,2017,吉安鄉,112
indigenous_analysis_sample,2017,和平區,37
indigenous_analysis_sample,2017,和美鎮,12
indigenous_analysis_sample,2017,員山鄉,11
indigenous_analysis_sample,2017,員林鎮,4
indigenous_analysis_sample,2017,土城區,37
indigenous_analysis_sample,2017,埔心鄉,9
indigenous_analysis_sample,2017,埔里鎮,27
indigenous_analysis_sample,2017,士林區,12
indigenous_analysis_sample,2017,壯圍鄉,1
indigenous_analysis_sample,2017,壽豐鄉,60
indigenous_analysis_sample,2017,大同區,11
indigenous_analysis_sample,2017,大同鄉,26
indigenous_analysis_sample,2017,大園區,61
indigenous_analysis_sample,2017,大安區,1
indigenous_analysis_sample,2017,大寮區,11
indigenous_analysis_sample,2017,大武鄉,19
indigenous_analysis_sample,2017,大溪區,11
indigenous_analysis_sample,2017,大肚區,33
indigenous_analysis_sample,2017,大里區,1
indigenous_analysis_sample,2017,大雅區,4
indigenous_analysis_sample,2017,太保市,4
indigenous_analysis_sample,2017,太平區,59
indigenous_analysis_sample,2017,太麻里鄉,48
indigenous_analysis_sample,2017,官田區,17
indigenous_analysis_sample,2017,宜蘭市,27
indigenous_analysis_sample,2017,富里鄉,15
indigenous_analysis_sample,2017,小港區,51
indigenous_analysis_sample,2017,尖石鄉,52
indigenous_analysis_sample,2017,屏東市,51
indigenous_analysis_sample,2017,崙背鄉,1
indigenous_analysis_sample,2017,左營區,32
indigenous_analysis_sample,2017,平鎮區,39
indigenous_analysis_sample,2017,延平鄉,24
indigenous_analysis_sample,2017,彰化市,12
indigenous_analysis_sample,2017,復興區,65
indigenous_analysis_sample,2017,成功鎮,85
indigenous_analysis_sample,2017,文山區,18
indigenous_analysis_sample,2017,斗六市,11
indigenous_analysis_sample,2017,斗南鎮,9
indigenous_analysis_sample,2017,新化區,6
indigenous_analysis_sample,2017,新城鄉,54
indigenous_analysis_sample,2017,新屋區,37
indigenous_analysis_sample,2017,新店區,45
indigenous_analysis_sample,2017,新莊區,33
indigenous_analysis_sample,2017,春日鄉,45
indigenous_analysis_sample,2017,暖暖區,15
indigenous_analysis_sample,2017,東區,85
indigenous_analysis_sample,2017,東河鄉,25
indigenous_analysis_sample,2017,松山區,14
indigenous_analysis_sample,2017,板橋區,31
indigenous_analysis_sample,2017,枋寮鄉,6
indigenous_analysis_sample,2017,桃園區,45
indigenous_analysis_sample,2017,桃源區,25
indigenous_analysis_sample,2017,梓官區,12
indigenous_analysis_sample,2017,楊梅區,16
indigenous_analysis_sample,2017,樹林區,50
indigenous_analysis_sample,2017,橋頭區,1
indigenous_analysis_sample,2017,民雄鄉,4
indigenous_analysis_sample,2017,永和區,10
indigenous_analysis_sample,2017,永康區,33
indigenous_analysis_sample,2017,汐止區,41
indigenous_analysis_sample,2017,池上鄉,22
indigenous_analysis_sample,2017,泰安鄉,39
indigenous_analysis_sample,2017,泰武鄉,31
indigenous_analysis_sample,2017,海端鄉,22
indigenous_analysis_sample,2017,清水區,18
indigenous_analysis_sample,2017,湖口鄉,16
indigenous_analysis_sample,2017,滿州鄉,21
indigenous_analysis_sample,2017,潭子區,8
indigenous_analysis_sample,2017,潮州鎮,45
indigenous_analysis_sample,2017,烏來區,18
indigenous_analysis_sample,2017,烏日區,13
indigenous_analysis_sample,2017,牡丹鄉,31
indigenous_analysis_sample,2017,獅子鄉,24
indigenous_analysis_sample,2017,獅潭鄉,2
indigenous_analysis_sample,2017,玉里鎮,55
indigenous_analysis_sample,2017,瑞穗鄉,72
indigenous_analysis_sample,2017,瑞芳區,19
indigenous_analysis_sample,2017,瑪家鄉,52
indigenous_analysis_sample,2017,礁溪鄉,1
indigenous_analysis_sample,2017,秀林鄉,96
indigenous_analysis_sample,2017,竹北市,3
indigenous_analysis_sample,2017,竹東鎮,37
indigenous_analysis_sample,2017,綠島鄉,1
indigenous_analysis_sample,2017,羅東鎮,7
indigenous_analysis_sample,2017,臺東市,183
indigenous_analysis_sample,2017,花蓮市,98
indigenous_analysis_sample,2017,苓雅區,5
indigenous_analysis_sample,2017,苗栗市,20
indigenous_analysis_sample,2017,茂林區,13
indigenous_analysis_sample,2017,草屯鎮,8
indigenous_analysis_sample,2017,萬巒鄉,6
indigenous_analysis_sample,2017,萬榮鄉,49
indigenous_analysis_sample,2017,萬華區,2
indigenous_analysis_sample,2017,蘆洲區,29
indigenous_analysis_sample,2017,蘆竹區,33
indigenous_analysis_sample,2017,蘇澳鎮,1
indigenous_analysis_sample,2017,蘭嶼鄉,31
indigenous_analysis_sample,2017,西屯區,11
indigenous_analysis_sample,2017,觀音區,40
indigenous_analysis_sample,2017,豐原區,16
indigenous_analysis_sample,2017,豐濱鄉,22
indigenous_analysis_sample,2017,達仁鄉,39
indigenous_analysis_sample,2017,那瑪夏區,17
indigenous_analysis_sample,2017,金峰鄉,28
indigenous_analysis_sample,2017,長治鄉,18
indigenous_analysis_sample,2017,長濱鄉,50
indigenous_analysis_sample,2017,關山鎮,22
indigenous_analysis_sample,2017,關西鎮,5
indigenous_analysis_sample,2017,阿里山鄉,27
indigenous_analysis_sample,2017,霧臺鄉,5
indigenous_analysis_sample,2017,頭份鎮,22
indigenous_analysis_sample,2017,馬公市,25
indigenous_analysis_sample,2017,魚池鄉,6
indigenous_analysis_sample,2017,鳥松區,5
indigenous_analysis_sample,2017,鳳山區,44
indigenous_analysis_sample,2017,鳳林鎮,21
indigenous_analysis_sample,2017,鹿野鄉,25
indigenous_analysis_sample,2017,鼓山區,9
indigenous_analysis_sample,2017,龍潭區,56
indigenous_analysis_sample,2017,龜山區,37
indigenous_analysis_sample,2021,中部地區,760
indigenous_analysis_sample,2021,北部地區,2012
indigenous_analysis_sample,2021,南部地區,1098
indigenous_analysis_sample,2021,東部及離島地區,1539
