year,source_pdf,question_id,question_text,option_code,option_text,extraction_note
103,ques103.pdf,F1,請問目前與您住在一起共同生活的【包括自己且不限原住民族】有幾個人？__________人,,,no_coded_option_detected
103,ques103.pdf,F1-1,其中原住民族有幾位？__________人,,,no_coded_option_detected
103,ques103.pdf,F1-1-1,6歲以下的原住民族有幾位？__________人,,,no_coded_option_detected
103,ques103.pdf,F1-1-2,7-15歲的原住民族有幾位？__________人 加總應等於 F1-1,,,no_coded_option_detected
103,ques103.pdf,F1-1-3,16-54歲的原住民族有幾位？__________人 若無該年齡層家人 請填 0,,,no_coded_option_detected
103,ques103.pdf,F1-1-4,55-64歲的原住民族有幾位？__________人,,,no_coded_option_detected
103,ques103.pdf,F1-1-5,65歲以上的原住民族有幾位？__________人,,,no_coded_option_detected
103,ques103.pdf,F2,請問您的配偶屬於以下那種身分？,1,原住民族續答F2-1,
103,ques103.pdf,F2,請問您的配偶屬於以下那種身分？,2,漢族跳答F3,
103,ques103.pdf,F2,請問您的配偶屬於以下那種身分？,3,外國人(國籍：___________) 跳答F3,
103,ques103.pdf,F2,請問您的配偶屬於以下那種身分？,4,無配偶跳答F3,
103,ques103.pdf,F2,請問您的配偶屬於以下那種身分？,5,其他________跳答 F3,
103,ques103.pdf,F2-1,請問您的先生/太太所屬的族別？,1,阿美族,
103,ques103.pdf,F2-1,請問您的先生/太太所屬的族別？,2,泰雅族,
103,ques103.pdf,F2-1,請問您的先生/太太所屬的族別？,3,排灣族,
103,ques103.pdf,F2-1,請問您的先生/太太所屬的族別？,4,魯凱族,
103,ques103.pdf,F2-1,請問您的先生/太太所屬的族別？,5,布農族,
103,ques103.pdf,F2-1,請問您的先生/太太所屬的族別？,6,賽夏族,
103,ques103.pdf,F2-1,請問您的先生/太太所屬的族別？,7,雅美族(達悟),
103,ques103.pdf,F2-1,請問您的先生/太太所屬的族別？,8,卑南族,
103,ques103.pdf,F2-1,請問您的先生/太太所屬的族別？,9,鄒族,
103,ques103.pdf,F2-1,請問您的先生/太太所屬的族別？,10,邵族,
103,ques103.pdf,F2-1,請問您的先生/太太所屬的族別？,11,噶瑪蘭族,
103,ques103.pdf,F2-1,請問您的先生/太太所屬的族別？,12,太魯閣族,
103,ques103.pdf,F2-1,請問您的先生/太太所屬的族別？,13,撒奇萊雅族,
103,ques103.pdf,F2-1,請問您的先生/太太所屬的族別？,14,賽德克族,
103,ques103.pdf,F2-1,請問您的先生/太太所屬的族別？,15,拉阿魯哇族,
103,ques103.pdf,F2-1,請問您的先生/太太所屬的族別？,16,卡那卡那富族,
103,ques103.pdf,F2-1,請問您的先生/太太所屬的族別？,15,其他_______,
103,ques103.pdf,F3,請問您家庭的主要經濟來源是什麼？(可複選，超過總收入五分之一者皆算入主要經濟來源),1,所得,
103,ques103.pdf,F3,請問您家庭的主要經濟來源是什麼？(可複選，超過總收入五分之一者皆算入主要經濟來源),2,兄弟姊妹提供,
103,ques103.pdf,F3,請問您家庭的主要經濟來源是什麼？(可複選，超過總收入五分之一者皆算入主要經濟來源),3,政府補助,
103,ques103.pdf,F3,請問您家庭的主要經濟來源是什麼？(可複選，超過總收入五分之一者皆算入主要經濟來源),4,社會捐助,
103,ques103.pdf,F3,請問您家庭的主要經濟來源是什麼？(可複選，超過總收入五分之一者皆算入主要經濟來源),5,父母提供,
103,ques103.pdf,F3,請問您家庭的主要經濟來源是什麼？(可複選，超過總收入五分之一者皆算入主要經濟來源),6,婆家或岳父母提供,
103,ques103.pdf,F3,請問您家庭的主要經濟來源是什麼？(可複選，超過總收入五分之一者皆算入主要經濟來源),7,親戚朋友提供,
103,ques103.pdf,F3,請問您家庭的主要經濟來源是什麼？(可複選，超過總收入五分之一者皆算入主要經濟來源),8,子女提供,
103,ques103.pdf,F3,請問您家庭的主要經濟來源是什麼？(可複選，超過總收入五分之一者皆算入主要經濟來源),9,其他，請說明_______________ 附1-1 G 部分：住宅與貸款,
103,ques103.pdf,G1,請問您現在住的房子是屬於誰的？,1,自己(其他家人)的/自己搭建跳答G3,
103,ques103.pdf,G1,請問您現在住的房子是屬於誰的？,2,向政府租賃(如:社會住宅) 續問 G2,
103,ques103.pdf,G1,請問您現在住的房子是屬於誰的？,3,向私人租賃續問G2,
103,ques103.pdf,G1,請問您現在住的房子是屬於誰的？,4,單位/公司配住續問G2,
103,ques103.pdf,G1,請問您現在住的房子是屬於誰的？,5,借用跳答G6,
103,ques103.pdf,G1,請問您現在住的房子是屬於誰的？,6,其他，請說明__________ 跳答 G6,
103,ques103.pdf,G2,若房子為租賃者（G1回答2、3、4者），請問您每個月的房屋租金是多少？ 回答完跳答G6,1,999 元及以下,
103,ques103.pdf,G2,若房子為租賃者（G1回答2、3、4者），請問您每個月的房屋租金是多少？ 回答完跳答G6,2,"1,000-2,999",
103,ques103.pdf,G2,若房子為租賃者（G1回答2、3、4者），請問您每個月的房屋租金是多少？ 回答完跳答G6,3,"3,000-4,999 元",
103,ques103.pdf,G2,若房子為租賃者（G1回答2、3、4者），請問您每個月的房屋租金是多少？ 回答完跳答G6,4,"5,000-5,999 元",
103,ques103.pdf,G2,若房子為租賃者（G1回答2、3、4者），請問您每個月的房屋租金是多少？ 回答完跳答G6,5,"6,000-6,999 元",
103,ques103.pdf,G2,若房子為租賃者（G1回答2、3、4者），請問您每個月的房屋租金是多少？ 回答完跳答G6,6,"7,000-7,999 元",
103,ques103.pdf,G2,若房子為租賃者（G1回答2、3、4者），請問您每個月的房屋租金是多少？ 回答完跳答G6,7,"8,000-8,999 元",
103,ques103.pdf,G2,若房子為租賃者（G1回答2、3、4者），請問您每個月的房屋租金是多少？ 回答完跳答G6,8,"9,000-9,999 元",
103,ques103.pdf,G2,若房子為租賃者（G1回答2、3、4者），請問您每個月的房屋租金是多少？ 回答完跳答G6,9,"10,000-14,999 元",
103,ques103.pdf,G2,若房子為租賃者（G1回答2、3、4者），請問您每個月的房屋租金是多少？ 回答完跳答G6,10,"15,000-19,999 元",
103,ques103.pdf,G2,若房子為租賃者（G1回答2、3、4者），請問您每個月的房屋租金是多少？ 回答完跳答G6,11,"20,000 元及以上，請記錄_________元",
103,ques103.pdf,G2,若房子為租賃者（G1回答2、3、4者），請問您每個月的房屋租金是多少？ 回答完跳答G6,12,不需要支付租金,
103,ques103.pdf,G3,請問您現在住的房子是什麼時候購買/搭建的？ 民國___________年,,,no_coded_option_detected
103,ques103.pdf,G4,請問您現在住的房子樓地板面積是多少？ ___________坪,,,no_coded_option_detected
103,ques103.pdf,G5,請問您現在住的房子當初購買/搭建共花了多少錢？,1,未滿50,
103,ques103.pdf,G5,請問您現在住的房子當初購買/搭建共花了多少錢？,2,50 萬元-未滿100萬元,
103,ques103.pdf,G5,請問您現在住的房子當初購買/搭建共花了多少錢？,3,100 萬元-未滿 150,
103,ques103.pdf,G5,請問您現在住的房子當初購買/搭建共花了多少錢？,4,150 萬元-未滿200萬元,
103,ques103.pdf,G5,請問您現在住的房子當初購買/搭建共花了多少錢？,5,200 萬元-未滿300萬元,
103,ques103.pdf,G5,請問您現在住的房子當初購買/搭建共花了多少錢？,6,300 萬元-未滿 400,
103,ques103.pdf,G5,請問您現在住的房子當初購買/搭建共花了多少錢？,7,400 萬元-未滿500萬元,
103,ques103.pdf,G5,請問您現在住的房子當初購買/搭建共花了多少錢？,8,500 萬元-未滿600萬元,
103,ques103.pdf,G5,請問您現在住的房子當初購買/搭建共花了多少錢？,9,600 萬元-未滿700,
103,ques103.pdf,G5,請問您現在住的房子當初購買/搭建共花了多少錢？,10,700 萬元-未滿800 萬元,
103,ques103.pdf,G5,請問您現在住的房子當初購買/搭建共花了多少錢？,11,800 萬元-未滿900 萬元,
103,ques103.pdf,G5,請問您現在住的房子當初購買/搭建共花了多少錢？,12,"900 萬元-未滿1,000 萬元",
103,ques103.pdf,G5,請問您現在住的房子當初購買/搭建共花了多少錢？,13,"1,000 萬元及以上，請記錄______________萬元",
103,ques103.pdf,G6,請問您們家目前有沒有房屋貸款？,1,有,
103,ques103.pdf,G6,請問您們家目前有沒有房屋貸款？,2,沒有跳答G7,
103,ques103.pdf,G6-1,請問您家中目前的房屋貸款總共借（貸）了多少錢？,1,未滿50,
103,ques103.pdf,G6-1,請問您家中目前的房屋貸款總共借（貸）了多少錢？,2,50 萬元-未滿100萬元,
103,ques103.pdf,G6-1,請問您家中目前的房屋貸款總共借（貸）了多少錢？,3,100 萬元-未滿150,
103,ques103.pdf,G6-1,請問您家中目前的房屋貸款總共借（貸）了多少錢？,4,150 萬元-未滿200萬元,
103,ques103.pdf,G6-1,請問您家中目前的房屋貸款總共借（貸）了多少錢？,5,200 萬元-未滿300萬元,
103,ques103.pdf,G6-1,請問您家中目前的房屋貸款總共借（貸）了多少錢？,6,300 萬元-未滿400,
103,ques103.pdf,G6-1,請問您家中目前的房屋貸款總共借（貸）了多少錢？,7,400 萬元-未滿500萬元,
103,ques103.pdf,G6-1,請問您家中目前的房屋貸款總共借（貸）了多少錢？,8,500 萬元-未滿600萬元,
103,ques103.pdf,G6-1,請問您家中目前的房屋貸款總共借（貸）了多少錢？,9,600 萬元-未滿700,
103,ques103.pdf,G6-1,請問您家中目前的房屋貸款總共借（貸）了多少錢？,10,700 萬元-未滿800 萬元,
103,ques103.pdf,G6-1,請問您家中目前的房屋貸款總共借（貸）了多少錢？,11,800 萬元-未滿900 萬元,
103,ques103.pdf,G6-1,請問您家中目前的房屋貸款總共借（貸）了多少錢？,12,"900 萬元-未滿1,000 萬元",
103,ques103.pdf,G6-1,請問您家中目前的房屋貸款總共借（貸）了多少錢？,13,"1,000 萬元及以上，請記錄______________萬元",
103,ques103.pdf,G6-2,請問您家中每個月房屋貸款要繳多少錢？【過去ㄧ年平均每個月的繳款金額】,1,"4,999",
103,ques103.pdf,G6-2,請問您家中每個月房屋貸款要繳多少錢？【過去ㄧ年平均每個月的繳款金額】,2,"5,000-9,999 元",
103,ques103.pdf,G6-2,請問您家中每個月房屋貸款要繳多少錢？【過去ㄧ年平均每個月的繳款金額】,3,"10,000-14,999 元",
103,ques103.pdf,G6-2,請問您家中每個月房屋貸款要繳多少錢？【過去ㄧ年平均每個月的繳款金額】,4,"15,000-19,999 元",
103,ques103.pdf,G6-2,請問您家中每個月房屋貸款要繳多少錢？【過去ㄧ年平均每個月的繳款金額】,5,"20,000-24,999 元",
103,ques103.pdf,G6-2,請問您家中每個月房屋貸款要繳多少錢？【過去ㄧ年平均每個月的繳款金額】,6,"25,000-29,999 元",
103,ques103.pdf,G6-2,請問您家中每個月房屋貸款要繳多少錢？【過去ㄧ年平均每個月的繳款金額】,7,"30,000-39,999 元",
103,ques103.pdf,G6-2,請問您家中每個月房屋貸款要繳多少錢？【過去ㄧ年平均每個月的繳款金額】,8,"40,000-49,999 元",
103,ques103.pdf,G6-2,請問您家中每個月房屋貸款要繳多少錢？【過去ㄧ年平均每個月的繳款金額】,9,"50,000-59,999 元",
103,ques103.pdf,G6-2,請問您家中每個月房屋貸款要繳多少錢？【過去ㄧ年平均每個月的繳款金額】,10,"60,000-69,999 元",
103,ques103.pdf,G6-2,請問您家中每個月房屋貸款要繳多少錢？【過去ㄧ年平均每個月的繳款金額】,11,"70,000 元及以上，請記錄______________元",
103,ques103.pdf,G6-2,請問您家中每個月房屋貸款要繳多少錢？【過去ㄧ年平均每個月的繳款金額】,12,沒有在繳貸款 附1-2,
103,ques103.pdf,G7,請問您個人有沒有信用貸款、車貸、信用卡、現金卡、擔保貸款、就學貸款等的貸款呢？,1,有,
103,ques103.pdf,G7,請問您個人有沒有信用貸款、車貸、信用卡、現金卡、擔保貸款、就學貸款等的貸款呢？,2,沒有跳答G8,
103,ques103.pdf,G7-1,請問您個人的信用貸款、車貸、信用卡、現金卡、擔保貸款、就學貸款等總共借了多少錢？,1,未滿5 萬元,
103,ques103.pdf,G7-1,請問您個人的信用貸款、車貸、信用卡、現金卡、擔保貸款、就學貸款等總共借了多少錢？,2,5 萬元-未滿10 萬元,
103,ques103.pdf,G7-1,請問您個人的信用貸款、車貸、信用卡、現金卡、擔保貸款、就學貸款等總共借了多少錢？,3,10 萬元-未滿 15 萬元,
103,ques103.pdf,G7-1,請問您個人的信用貸款、車貸、信用卡、現金卡、擔保貸款、就學貸款等總共借了多少錢？,4,15 萬元-未滿20 萬元,
103,ques103.pdf,G7-1,請問您個人的信用貸款、車貸、信用卡、現金卡、擔保貸款、就學貸款等總共借了多少錢？,5,20 萬元-未滿25 萬元,
103,ques103.pdf,G7-1,請問您個人的信用貸款、車貸、信用卡、現金卡、擔保貸款、就學貸款等總共借了多少錢？,6,25 萬元-未滿 30 萬元,
103,ques103.pdf,G7-1,請問您個人的信用貸款、車貸、信用卡、現金卡、擔保貸款、就學貸款等總共借了多少錢？,7,30 萬元-未滿35 萬元,
103,ques103.pdf,G7-1,請問您個人的信用貸款、車貸、信用卡、現金卡、擔保貸款、就學貸款等總共借了多少錢？,8,35 萬元-未滿40 萬元,
103,ques103.pdf,G7-1,請問您個人的信用貸款、車貸、信用卡、現金卡、擔保貸款、就學貸款等總共借了多少錢？,9,40 萬元-未滿 45 萬元,
103,ques103.pdf,G7-1,請問您個人的信用貸款、車貸、信用卡、現金卡、擔保貸款、就學貸款等總共借了多少錢？,10,45 萬元-未滿50萬元,
103,ques103.pdf,G7-1,請問您個人的信用貸款、車貸、信用卡、現金卡、擔保貸款、就學貸款等總共借了多少錢？,11,50 萬元-未滿60萬元,
103,ques103.pdf,G7-1,請問您個人的信用貸款、車貸、信用卡、現金卡、擔保貸款、就學貸款等總共借了多少錢？,12,60 萬元-未滿70萬元,
103,ques103.pdf,G7-1,請問您個人的信用貸款、車貸、信用卡、現金卡、擔保貸款、就學貸款等總共借了多少錢？,13,70 萬元-未滿80萬元,
103,ques103.pdf,G7-1,請問您個人的信用貸款、車貸、信用卡、現金卡、擔保貸款、就學貸款等總共借了多少錢？,14,80 萬元-未滿90萬元,
103,ques103.pdf,G7-1,請問您個人的信用貸款、車貸、信用卡、現金卡、擔保貸款、就學貸款等總共借了多少錢？,15,90 萬元-未滿100萬元,
103,ques103.pdf,G7-1,請問您個人的信用貸款、車貸、信用卡、現金卡、擔保貸款、就學貸款等總共借了多少錢？,16,100 萬元及以上，請記錄______________萬元,
103,ques103.pdf,G7-2,請問您個人每個月要繳納的信用貸款、車貸、信用卡、現金卡、擔保貸款、就學貸款等的貸,1,"2,999",
103,ques103.pdf,G7-2,請問您個人每個月要繳納的信用貸款、車貸、信用卡、現金卡、擔保貸款、就學貸款等的貸,2,"3,000-4,999 元",
103,ques103.pdf,G7-2,請問您個人每個月要繳納的信用貸款、車貸、信用卡、現金卡、擔保貸款、就學貸款等的貸,3,"5,000-6,999 元",
103,ques103.pdf,G7-2,請問您個人每個月要繳納的信用貸款、車貸、信用卡、現金卡、擔保貸款、就學貸款等的貸,4,"7,000-9,999 元",
103,ques103.pdf,G7-2,請問您個人每個月要繳納的信用貸款、車貸、信用卡、現金卡、擔保貸款、就學貸款等的貸,5,"10,000-11,999 元",
103,ques103.pdf,G7-2,請問您個人每個月要繳納的信用貸款、車貸、信用卡、現金卡、擔保貸款、就學貸款等的貸,6,"12,000-14,999 元",
103,ques103.pdf,G7-2,請問您個人每個月要繳納的信用貸款、車貸、信用卡、現金卡、擔保貸款、就學貸款等的貸,7,"15,000-19,999 元",
103,ques103.pdf,G7-2,請問您個人每個月要繳納的信用貸款、車貸、信用卡、現金卡、擔保貸款、就學貸款等的貸,8,"20,000-24,999 元",
103,ques103.pdf,G7-2,請問您個人每個月要繳納的信用貸款、車貸、信用卡、現金卡、擔保貸款、就學貸款等的貸,9,"25,000-29,999 元",
103,ques103.pdf,G7-2,請問您個人每個月要繳納的信用貸款、車貸、信用卡、現金卡、擔保貸款、就學貸款等的貸,10,"30,000-39,999 元",
103,ques103.pdf,G7-2,請問您個人每個月要繳納的信用貸款、車貸、信用卡、現金卡、擔保貸款、就學貸款等的貸,11,"40,000-49,999 元",
103,ques103.pdf,G7-2,請問您個人每個月要繳納的信用貸款、車貸、信用卡、現金卡、擔保貸款、就學貸款等的貸,12,"50,000-59,999 元",
103,ques103.pdf,G7-2,請問您個人每個月要繳納的信用貸款、車貸、信用卡、現金卡、擔保貸款、就學貸款等的貸,13,"60,000-69,999 元",
103,ques103.pdf,G7-2,請問您個人每個月要繳納的信用貸款、車貸、信用卡、現金卡、擔保貸款、就學貸款等的貸,14,"70,000 元及以上，請記錄______________元",
103,ques103.pdf,G8,請問您有沒有向親友、雇主、店家等借錢、預支薪水或賒帳等情形？,1,有  (2)沒有跳答 H部分,
103,ques103.pdf,G8-1,請問您借錢、預支薪水、賒帳的金額大約多少？,1,999 元及以下,
103,ques103.pdf,G8-1,請問您借錢、預支薪水、賒帳的金額大約多少？,2,"1,000-2,999 元",
103,ques103.pdf,G8-1,請問您借錢、預支薪水、賒帳的金額大約多少？,3,"3,000-4,999 元",
103,ques103.pdf,G8-1,請問您借錢、預支薪水、賒帳的金額大約多少？,4,"5,000-6,999 元",
103,ques103.pdf,G8-1,請問您借錢、預支薪水、賒帳的金額大約多少？,5,"7,000-9,999 元",
103,ques103.pdf,G8-1,請問您借錢、預支薪水、賒帳的金額大約多少？,6,"10,000-14,999 元",
103,ques103.pdf,G8-1,請問您借錢、預支薪水、賒帳的金額大約多少？,7,"15,000-19,999 元",
103,ques103.pdf,G8-1,請問您借錢、預支薪水、賒帳的金額大約多少？,8,"20,000-29,999 元",
103,ques103.pdf,G8-1,請問您借錢、預支薪水、賒帳的金額大約多少？,9,"30,000-39,999 元",
103,ques103.pdf,G8-1,請問您借錢、預支薪水、賒帳的金額大約多少？,10,"40,000-49,999 元",
103,ques103.pdf,G8-1,請問您借錢、預支薪水、賒帳的金額大約多少？,11,"50,000-59,999 元",
103,ques103.pdf,G8-1,請問您借錢、預支薪水、賒帳的金額大約多少？,12,"60,000-69,999 元",
103,ques103.pdf,G8-1,請問您借錢、預支薪水、賒帳的金額大約多少？,13,"70,000-79,999 元",
103,ques103.pdf,G8-1,請問您借錢、預支薪水、賒帳的金額大約多少？,14,"80,000-89,999 元",
103,ques103.pdf,G8-1,請問您借錢、預支薪水、賒帳的金額大約多少？,15,"90,000-99,999 元",
103,ques103.pdf,G8-1,請問您借錢、預支薪水、賒帳的金額大約多少？,16,"100,000 元及以上，請記錄_________________元",
103,ques103.pdf,G8-2,請問您是用何種方式還款？,,,no_coded_option_detected
103,ques103.pdf,H1,請問您個人每個月「工作薪水、兼差薪水、加班費、退休金，以及從事農林漁業或自己做生意等」,1,"9,999 元及以下",
103,ques103.pdf,H1,請問您個人每個月「工作薪水、兼差薪水、加班費、退休金，以及從事農林漁業或自己做生意等」,2,"10,000-14,999 元",
103,ques103.pdf,H1,請問您個人每個月「工作薪水、兼差薪水、加班費、退休金，以及從事農林漁業或自己做生意等」,3,"15,000-19,999 元",
103,ques103.pdf,H1,請問您個人每個月「工作薪水、兼差薪水、加班費、退休金，以及從事農林漁業或自己做生意等」,4,"20,000-24,999 元",
103,ques103.pdf,H1,請問您個人每個月「工作薪水、兼差薪水、加班費、退休金，以及從事農林漁業或自己做生意等」,5,"25,000-29,999 元",
103,ques103.pdf,H1,請問您個人每個月「工作薪水、兼差薪水、加班費、退休金，以及從事農林漁業或自己做生意等」,6,"30,000-39,999 元",
103,ques103.pdf,H1,請問您個人每個月「工作薪水、兼差薪水、加班費、退休金，以及從事農林漁業或自己做生意等」,7,"40,000-49,999 元",
103,ques103.pdf,H1,請問您個人每個月「工作薪水、兼差薪水、加班費、退休金，以及從事農林漁業或自己做生意等」,8,"50,000-59,999 元",
103,ques103.pdf,H1,請問您個人每個月「工作薪水、兼差薪水、加班費、退休金，以及從事農林漁業或自己做生意等」,9,"60,000-69,999 元",
103,ques103.pdf,H1,請問您個人每個月「工作薪水、兼差薪水、加班費、退休金，以及從事農林漁業或自己做生意等」,10,"70,000-79,999 元",
103,ques103.pdf,H1,請問您個人每個月「工作薪水、兼差薪水、加班費、退休金，以及從事農林漁業或自己做生意等」,11,"80,000-89,999 元",
103,ques103.pdf,H1,請問您個人每個月「工作薪水、兼差薪水、加班費、退休金，以及從事農林漁業或自己做生意等」,12,"90,000-99,999 元",
103,ques103.pdf,H1,請問您個人每個月「工作薪水、兼差薪水、加班費、退休金，以及從事農林漁業或自己做生意等」,13,"100,000-129,999元",
103,ques103.pdf,H1,請問您個人每個月「工作薪水、兼差薪水、加班費、退休金，以及從事農林漁業或自己做生意等」,14,"130,000-159,999元",
103,ques103.pdf,H1,請問您個人每個月「工作薪水、兼差薪水、加班費、退休金，以及從事農林漁業或自己做生意等」,15,"160,000 元及以上，請記錄____________元",
103,ques103.pdf,H1,請問您個人每個月「工作薪水、兼差薪水、加班費、退休金，以及從事農林漁業或自己做生意等」,16,沒有這項收入 附1-3,
103,ques103.pdf,H2,請問您個人每個月接受「政府津貼補助、各種社會保險、私人保險」收入總共是多少？,1,999 元及以下,
103,ques103.pdf,H2,請問您個人每個月接受「政府津貼補助、各種社會保險、私人保險」收入總共是多少？,2,"1,000-1,999 元",
103,ques103.pdf,H2,請問您個人每個月接受「政府津貼補助、各種社會保險、私人保險」收入總共是多少？,3,"2,000-2,999 元",
103,ques103.pdf,H2,請問您個人每個月接受「政府津貼補助、各種社會保險、私人保險」收入總共是多少？,4,"3,000-3,999 元",
103,ques103.pdf,H2,請問您個人每個月接受「政府津貼補助、各種社會保險、私人保險」收入總共是多少？,5,"4,000-4,999 元",
103,ques103.pdf,H2,請問您個人每個月接受「政府津貼補助、各種社會保險、私人保險」收入總共是多少？,6,"5,000-5,999 元",
103,ques103.pdf,H2,請問您個人每個月接受「政府津貼補助、各種社會保險、私人保險」收入總共是多少？,7,"6,000-7,999 元",
103,ques103.pdf,H2,請問您個人每個月接受「政府津貼補助、各種社會保險、私人保險」收入總共是多少？,8,"8,000-9,999 元",
103,ques103.pdf,H2,請問您個人每個月接受「政府津貼補助、各種社會保險、私人保險」收入總共是多少？,9,"10,000-14,999 元",
103,ques103.pdf,H2,請問您個人每個月接受「政府津貼補助、各種社會保險、私人保險」收入總共是多少？,10,"15,000-19,999 元",
103,ques103.pdf,H2,請問您個人每個月接受「政府津貼補助、各種社會保險、私人保險」收入總共是多少？,11,"20,000-29,999 元",repaired_103_h2_h3_embedded_options
103,ques103.pdf,H2,請問您個人每個月接受「政府津貼補助、各種社會保險、私人保險」收入總共是多少？,12,"30,000 元及以上，請記錄________元",repaired_103_h2_h3_embedded_options
103,ques103.pdf,H2,請問您個人每個月接受「政府津貼補助、各種社會保險、私人保險」收入總共是多少？,13,沒有這項收入,repaired_103_h2_h3_embedded_options
103,ques103.pdf,H3,請問您個人每個月「紅白包禮金、私人發給救濟金/慰問金、向私人借住房屋省下的房租」收入總,1,999 元及以下,
103,ques103.pdf,H3,請問您個人每個月「紅白包禮金、私人發給救濟金/慰問金、向私人借住房屋省下的房租」收入總,2,"1,000-1,999 元",
103,ques103.pdf,H3,請問您個人每個月「紅白包禮金、私人發給救濟金/慰問金、向私人借住房屋省下的房租」收入總,3,"2,000-2,999 元",
103,ques103.pdf,H3,請問您個人每個月「紅白包禮金、私人發給救濟金/慰問金、向私人借住房屋省下的房租」收入總,4,"3,000-3,999 元",
103,ques103.pdf,H3,請問您個人每個月「紅白包禮金、私人發給救濟金/慰問金、向私人借住房屋省下的房租」收入總,5,"4,000-4,999 元",
103,ques103.pdf,H3,請問您個人每個月「紅白包禮金、私人發給救濟金/慰問金、向私人借住房屋省下的房租」收入總,6,"5,000-5,999 元",
103,ques103.pdf,H3,請問您個人每個月「紅白包禮金、私人發給救濟金/慰問金、向私人借住房屋省下的房租」收入總,7,"6,000-7,999 元",
103,ques103.pdf,H3,請問您個人每個月「紅白包禮金、私人發給救濟金/慰問金、向私人借住房屋省下的房租」收入總,8,"8,000-9,999 元",
103,ques103.pdf,H3,請問您個人每個月「紅白包禮金、私人發給救濟金/慰問金、向私人借住房屋省下的房租」收入總,9,"10,000-14,999 元",
103,ques103.pdf,H3,請問您個人每個月「紅白包禮金、私人發給救濟金/慰問金、向私人借住房屋省下的房租」收入總,10,"15,000-19,999 元",
103,ques103.pdf,H3,請問您個人每個月「紅白包禮金、私人發給救濟金/慰問金、向私人借住房屋省下的房租」收入總,11,"20,000-29,999 元",repaired_103_h2_h3_embedded_options
103,ques103.pdf,H3,請問您個人每個月「紅白包禮金、私人發給救濟金/慰問金、向私人借住房屋省下的房租」收入總,12,"30,000 元及以上，請記錄________元",repaired_103_h2_h3_embedded_options
103,ques103.pdf,H3,請問您個人每個月「紅白包禮金、私人發給救濟金/慰問金、向私人借住房屋省下的房租」收入總,13,沒有這項收入,repaired_103_h2_h3_embedded_options
103,ques103.pdf,H4,請問您個人每個月的「存款利息、跟會利息、股票利息、各種投資利息」收入總共是多少？【過,1,999 元及以下,
103,ques103.pdf,H4,請問您個人每個月的「存款利息、跟會利息、股票利息、各種投資利息」收入總共是多少？【過,2,"1,000-1,999 元",
103,ques103.pdf,H4,請問您個人每個月的「存款利息、跟會利息、股票利息、各種投資利息」收入總共是多少？【過,3,"2,000-2,999 元",
103,ques103.pdf,H4,請問您個人每個月的「存款利息、跟會利息、股票利息、各種投資利息」收入總共是多少？【過,4,"3,000-3,999 元",
103,ques103.pdf,H4,請問您個人每個月的「存款利息、跟會利息、股票利息、各種投資利息」收入總共是多少？【過,5,"4,000-4,999 元",
103,ques103.pdf,H4,請問您個人每個月的「存款利息、跟會利息、股票利息、各種投資利息」收入總共是多少？【過,6,"5,000-5,999 元",
103,ques103.pdf,H4,請問您個人每個月的「存款利息、跟會利息、股票利息、各種投資利息」收入總共是多少？【過,7,"6,000-7,999 元",
103,ques103.pdf,H4,請問您個人每個月的「存款利息、跟會利息、股票利息、各種投資利息」收入總共是多少？【過,8,"8,000-9,999 元",
103,ques103.pdf,H4,請問您個人每個月的「存款利息、跟會利息、股票利息、各種投資利息」收入總共是多少？【過,9,"10,000-14,999 元",
103,ques103.pdf,H4,請問您個人每個月的「存款利息、跟會利息、股票利息、各種投資利息」收入總共是多少？【過,10,"15,000-19,999 元",
103,ques103.pdf,H4,請問您個人每個月的「存款利息、跟會利息、股票利息、各種投資利息」收入總共是多少？【過,11,"20,000-29,999 元",
103,ques103.pdf,H4,請問您個人每個月的「存款利息、跟會利息、股票利息、各種投資利息」收入總共是多少？【過,12,"30,000 元及以上，請記錄________元",
103,ques103.pdf,H4,請問您個人每個月的「存款利息、跟會利息、股票利息、各種投資利息」收入總共是多少？【過,13,沒有這項收入,
103,ques103.pdf,H5,請問您個人每個月的「房屋、土地出租租金」收入總共是多少？,1,"4,999 元及以下",
103,ques103.pdf,H5,請問您個人每個月的「房屋、土地出租租金」收入總共是多少？,2,"5,000-9,999 元",
103,ques103.pdf,H5,請問您個人每個月的「房屋、土地出租租金」收入總共是多少？,3,"10,000-14,999 元",
103,ques103.pdf,H5,請問您個人每個月的「房屋、土地出租租金」收入總共是多少？,4,"15,000-19,999 元",
103,ques103.pdf,H5,請問您個人每個月的「房屋、土地出租租金」收入總共是多少？,5,"20,000-24,999 元",
103,ques103.pdf,H5,請問您個人每個月的「房屋、土地出租租金」收入總共是多少？,6,"25,000-29,999 元",
103,ques103.pdf,H5,請問您個人每個月的「房屋、土地出租租金」收入總共是多少？,7,"30,000-39,999 元",
103,ques103.pdf,H5,請問您個人每個月的「房屋、土地出租租金」收入總共是多少？,8,"40,000-49,999 元",
103,ques103.pdf,H5,請問您個人每個月的「房屋、土地出租租金」收入總共是多少？,9,"50,000-59,999 元",
103,ques103.pdf,H5,請問您個人每個月的「房屋、土地出租租金」收入總共是多少？,10,"60,000-69,999 元",
103,ques103.pdf,H5,請問您個人每個月的「房屋、土地出租租金」收入總共是多少？,11,"70,000-79,999 元",
103,ques103.pdf,H5,請問您個人每個月的「房屋、土地出租租金」收入總共是多少？,12,"80,000 元及以上，請記錄_________________元",
103,ques103.pdf,H5,請問您個人每個月的「房屋、土地出租租金」收入總共是多少？,13,沒有這項收入,
103,ques103.pdf,H6,除了以上這些收入以外，請問您個人每個月「其他雜項」收入總共是多少？,1,"4,999 元及以下",
103,ques103.pdf,H6,除了以上這些收入以外，請問您個人每個月「其他雜項」收入總共是多少？,2,"5,000-9,999 元",
103,ques103.pdf,H6,除了以上這些收入以外，請問您個人每個月「其他雜項」收入總共是多少？,3,"10,000-14,999 元",
103,ques103.pdf,H6,除了以上這些收入以外，請問您個人每個月「其他雜項」收入總共是多少？,4,"15,000-19,999 元",
103,ques103.pdf,H6,除了以上這些收入以外，請問您個人每個月「其他雜項」收入總共是多少？,5,"20,000-24,999 元",
103,ques103.pdf,H6,除了以上這些收入以外，請問您個人每個月「其他雜項」收入總共是多少？,6,"25,000-29,999 元",
103,ques103.pdf,H6,除了以上這些收入以外，請問您個人每個月「其他雜項」收入總共是多少？,7,"30,000-39,999 元",
103,ques103.pdf,H6,除了以上這些收入以外，請問您個人每個月「其他雜項」收入總共是多少？,8,"40,000-49,999 元",
103,ques103.pdf,H6,除了以上這些收入以外，請問您個人每個月「其他雜項」收入總共是多少？,9,"50,000-59,999 元",
103,ques103.pdf,H6,除了以上這些收入以外，請問您個人每個月「其他雜項」收入總共是多少？,10,"60,000-69,999 元",
103,ques103.pdf,H6,除了以上這些收入以外，請問您個人每個月「其他雜項」收入總共是多少？,11,"70,000-79,999 元",
103,ques103.pdf,H6,除了以上這些收入以外，請問您個人每個月「其他雜項」收入總共是多少？,12,"80,000 元及以上，請記錄_________________元",
103,ques103.pdf,H6,除了以上這些收入以外，請問您個人每個月「其他雜項」收入總共是多少？,13,沒有這項收入 附1-4 I 部分：家庭收入,
103,ques103.pdf,I1,除了您本人以外，家裡有沒有「其他家人」有固定收入？,1,有,
103,ques103.pdf,I1,除了您本人以外，家裡有沒有「其他家人」有固定收入？,2,沒有跳答 I9,
103,ques103.pdf,I2,除了您本人以外，家裡有沒有「其他具有原住民族身分的家人」有固定收入？,1,有,
103,ques103.pdf,I2,除了您本人以外，家裡有沒有「其他具有原住民族身分的家人」有固定收入？,2,沒有 跳答 I3,
103,ques103.pdf,I2-1,請問家裡其他具有原住民族身分且有固定收入的家人總共有幾位？,,,open_numeric_response_confirmed_2026-07-26
103,ques103.pdf,I3,包含您本人，全家每個月的「工作薪水、兼差薪水、加班費、退休金，或是從事農林漁牧業或自,1,"9,999 元及以下",
103,ques103.pdf,I3,包含您本人，全家每個月的「工作薪水、兼差薪水、加班費、退休金，或是從事農林漁牧業或自,2,"10,000-19,999 元",
103,ques103.pdf,I3,包含您本人，全家每個月的「工作薪水、兼差薪水、加班費、退休金，或是從事農林漁牧業或自,3,"20,000-29,999 元",
103,ques103.pdf,I3,包含您本人，全家每個月的「工作薪水、兼差薪水、加班費、退休金，或是從事農林漁牧業或自,4,"30,000-39,999 元",
103,ques103.pdf,I3,包含您本人，全家每個月的「工作薪水、兼差薪水、加班費、退休金，或是從事農林漁牧業或自,5,"40,000-49,999 元",
103,ques103.pdf,I3,包含您本人，全家每個月的「工作薪水、兼差薪水、加班費、退休金，或是從事農林漁牧業或自,6,"50,000-59,999 元",
103,ques103.pdf,I3,包含您本人，全家每個月的「工作薪水、兼差薪水、加班費、退休金，或是從事農林漁牧業或自,7,"60,000-69,999 元",
103,ques103.pdf,I3,包含您本人，全家每個月的「工作薪水、兼差薪水、加班費、退休金，或是從事農林漁牧業或自,8,"70,000-79,999 元",
103,ques103.pdf,I3,包含您本人，全家每個月的「工作薪水、兼差薪水、加班費、退休金，或是從事農林漁牧業或自,9,"80,000-89,999 元",
103,ques103.pdf,I3,包含您本人，全家每個月的「工作薪水、兼差薪水、加班費、退休金，或是從事農林漁牧業或自,10,"90,000-99,999 元",
103,ques103.pdf,I3,包含您本人，全家每個月的「工作薪水、兼差薪水、加班費、退休金，或是從事農林漁牧業或自,11,"100,000-129,999元",
103,ques103.pdf,I3,包含您本人，全家每個月的「工作薪水、兼差薪水、加班費、退休金，或是從事農林漁牧業或自,12,"130,000-159,999元",
103,ques103.pdf,I3,包含您本人，全家每個月的「工作薪水、兼差薪水、加班費、退休金，或是從事農林漁牧業或自,13,"160,000 元及以上，請記錄____________元",
103,ques103.pdf,I3,包含您本人，全家每個月的「工作薪水、兼差薪水、加班費、退休金，或是從事農林漁牧業或自,14,沒有這項收入,
103,ques103.pdf,I4,包含您本人，全家每個月接受「政府發給津貼、補助、各種社會保險、私人保險」總收入是多少？,1,999 元及以下,
103,ques103.pdf,I4,包含您本人，全家每個月接受「政府發給津貼、補助、各種社會保險、私人保險」總收入是多少？,2,"1,000-1,999 元",
103,ques103.pdf,I4,包含您本人，全家每個月接受「政府發給津貼、補助、各種社會保險、私人保險」總收入是多少？,3,"2,000-2,999 元",
103,ques103.pdf,I4,包含您本人，全家每個月接受「政府發給津貼、補助、各種社會保險、私人保險」總收入是多少？,4,"3,000-3,999 元",
103,ques103.pdf,I4,包含您本人，全家每個月接受「政府發給津貼、補助、各種社會保險、私人保險」總收入是多少？,5,"4,000-4,999 元",
103,ques103.pdf,I4,包含您本人，全家每個月接受「政府發給津貼、補助、各種社會保險、私人保險」總收入是多少？,6,"5,000-5,999 元",
103,ques103.pdf,I4,包含您本人，全家每個月接受「政府發給津貼、補助、各種社會保險、私人保險」總收入是多少？,7,"6,000-7,999 元",
103,ques103.pdf,I4,包含您本人，全家每個月接受「政府發給津貼、補助、各種社會保險、私人保險」總收入是多少？,8,"8,000-9,999 元",
103,ques103.pdf,I4,包含您本人，全家每個月接受「政府發給津貼、補助、各種社會保險、私人保險」總收入是多少？,9,"10,000-14,999 元",
103,ques103.pdf,I4,包含您本人，全家每個月接受「政府發給津貼、補助、各種社會保險、私人保險」總收入是多少？,10,"15,000-19,999 元",
103,ques103.pdf,I4,包含您本人，全家每個月接受「政府發給津貼、補助、各種社會保險、私人保險」總收入是多少？,11,"20,000-29,999 元",
103,ques103.pdf,I4,包含您本人，全家每個月接受「政府發給津貼、補助、各種社會保險、私人保險」總收入是多少？,12,"30,000 元及以上，請記錄________元",
103,ques103.pdf,I4,包含您本人，全家每個月接受「政府發給津貼、補助、各種社會保險、私人保險」總收入是多少？,13,沒有這項收入,
103,ques103.pdf,I5,包含您本人，全家每個月接受「紅白包禮金、私人發給救濟金/慰問金、向私人借住房屋省下的房,1,999 元及以下,
103,ques103.pdf,I5,包含您本人，全家每個月接受「紅白包禮金、私人發給救濟金/慰問金、向私人借住房屋省下的房,2,"1,000-1,999 元",
103,ques103.pdf,I5,包含您本人，全家每個月接受「紅白包禮金、私人發給救濟金/慰問金、向私人借住房屋省下的房,3,"2,000-2,999 元",
103,ques103.pdf,I5,包含您本人，全家每個月接受「紅白包禮金、私人發給救濟金/慰問金、向私人借住房屋省下的房,4,"3,000-3,999 元",
103,ques103.pdf,I5,包含您本人，全家每個月接受「紅白包禮金、私人發給救濟金/慰問金、向私人借住房屋省下的房,5,"4,000-4,999 元",
103,ques103.pdf,I5,包含您本人，全家每個月接受「紅白包禮金、私人發給救濟金/慰問金、向私人借住房屋省下的房,6,"5,000-5,999 元",
103,ques103.pdf,I5,包含您本人，全家每個月接受「紅白包禮金、私人發給救濟金/慰問金、向私人借住房屋省下的房,7,"6,000-7,999 元",
103,ques103.pdf,I5,包含您本人，全家每個月接受「紅白包禮金、私人發給救濟金/慰問金、向私人借住房屋省下的房,8,"8,000-9,999 元",
103,ques103.pdf,I5,包含您本人，全家每個月接受「紅白包禮金、私人發給救濟金/慰問金、向私人借住房屋省下的房,9,"10,000-14,999 元",
103,ques103.pdf,I5,包含您本人，全家每個月接受「紅白包禮金、私人發給救濟金/慰問金、向私人借住房屋省下的房,10,"15,000-19,999 元",
103,ques103.pdf,I5,包含您本人，全家每個月接受「紅白包禮金、私人發給救濟金/慰問金、向私人借住房屋省下的房,11,"20,000-29,999 元",
103,ques103.pdf,I5,包含您本人，全家每個月接受「紅白包禮金、私人發給救濟金/慰問金、向私人借住房屋省下的房,12,"30,000 元及以上，請記錄________元",
103,ques103.pdf,I5,包含您本人，全家每個月接受「紅白包禮金、私人發給救濟金/慰問金、向私人借住房屋省下的房,13,沒有這項收入,
103,ques103.pdf,I6,包含您本人，全家每個月的「存款利息、跟會利息、股票利息、各種投資利息」總收入是多少？,1,999 元及以下,
103,ques103.pdf,I6,包含您本人，全家每個月的「存款利息、跟會利息、股票利息、各種投資利息」總收入是多少？,2,"1,000-1,999 元",
103,ques103.pdf,I6,包含您本人，全家每個月的「存款利息、跟會利息、股票利息、各種投資利息」總收入是多少？,3,"2,000-2,999 元",
103,ques103.pdf,I6,包含您本人，全家每個月的「存款利息、跟會利息、股票利息、各種投資利息」總收入是多少？,4,"3,000-3,999 元",
103,ques103.pdf,I6,包含您本人，全家每個月的「存款利息、跟會利息、股票利息、各種投資利息」總收入是多少？,5,"4,000-4,999 元",
103,ques103.pdf,I6,包含您本人，全家每個月的「存款利息、跟會利息、股票利息、各種投資利息」總收入是多少？,6,"5,000-5,999 元",
103,ques103.pdf,I6,包含您本人，全家每個月的「存款利息、跟會利息、股票利息、各種投資利息」總收入是多少？,7,"6,000-7,999 元",
103,ques103.pdf,I6,包含您本人，全家每個月的「存款利息、跟會利息、股票利息、各種投資利息」總收入是多少？,8,"8,000-9,999 元",
103,ques103.pdf,I6,包含您本人，全家每個月的「存款利息、跟會利息、股票利息、各種投資利息」總收入是多少？,9,"10,000-14,999 元",
103,ques103.pdf,I6,包含您本人，全家每個月的「存款利息、跟會利息、股票利息、各種投資利息」總收入是多少？,10,"15,000-19,999 元",
103,ques103.pdf,I6,包含您本人，全家每個月的「存款利息、跟會利息、股票利息、各種投資利息」總收入是多少？,11,"20,000-29,999 元",
103,ques103.pdf,I6,包含您本人，全家每個月的「存款利息、跟會利息、股票利息、各種投資利息」總收入是多少？,12,"30,000 元及以上，請記錄________元",
103,ques103.pdf,I6,包含您本人，全家每個月的「存款利息、跟會利息、股票利息、各種投資利息」總收入是多少？,13,沒有這項收入 附1-5,
103,ques103.pdf,I7,包含您本人，全家每個月的「房屋、土地出租租金」收入總共是多少？【過去ㄧ年平均每個月的,1,"4,999 元及以下",
103,ques103.pdf,I7,包含您本人，全家每個月的「房屋、土地出租租金」收入總共是多少？【過去ㄧ年平均每個月的,2,"5,000-9,999 元",
103,ques103.pdf,I7,包含您本人，全家每個月的「房屋、土地出租租金」收入總共是多少？【過去ㄧ年平均每個月的,3,"10,000-14,999 元",
103,ques103.pdf,I7,包含您本人，全家每個月的「房屋、土地出租租金」收入總共是多少？【過去ㄧ年平均每個月的,4,"15,000-19,999 元",
103,ques103.pdf,I7,包含您本人，全家每個月的「房屋、土地出租租金」收入總共是多少？【過去ㄧ年平均每個月的,5,"20,000-24,999 元",
103,ques103.pdf,I7,包含您本人，全家每個月的「房屋、土地出租租金」收入總共是多少？【過去ㄧ年平均每個月的,6,"25,000-29,999 元",
103,ques103.pdf,I7,包含您本人，全家每個月的「房屋、土地出租租金」收入總共是多少？【過去ㄧ年平均每個月的,7,"30,000-39,999 元",
103,ques103.pdf,I7,包含您本人，全家每個月的「房屋、土地出租租金」收入總共是多少？【過去ㄧ年平均每個月的,8,"40,000-49,999 元",
103,ques103.pdf,I7,包含您本人，全家每個月的「房屋、土地出租租金」收入總共是多少？【過去ㄧ年平均每個月的,9,"50,000-59,999 元",
103,ques103.pdf,I7,包含您本人，全家每個月的「房屋、土地出租租金」收入總共是多少？【過去ㄧ年平均每個月的,10,"60,000-69,999 元",
103,ques103.pdf,I7,包含您本人，全家每個月的「房屋、土地出租租金」收入總共是多少？【過去ㄧ年平均每個月的,11,"70,000-79,999 元",
103,ques103.pdf,I7,包含您本人，全家每個月的「房屋、土地出租租金」收入總共是多少？【過去ㄧ年平均每個月的,12,"80,000 元及以上，請記錄_________________元",
103,ques103.pdf,I7,包含您本人，全家每個月的「房屋、土地出租租金」收入總共是多少？【過去ㄧ年平均每個月的,13,沒有這項收入,
103,ques103.pdf,I8,包含您本人，全家每個月除了以上這些收入以外的「其他雜項」收入總共是多少？【過去ㄧ年平,1,"4,999 元及以下",
103,ques103.pdf,I8,包含您本人，全家每個月除了以上這些收入以外的「其他雜項」收入總共是多少？【過去ㄧ年平,2,"5,000-9,999 元",
103,ques103.pdf,I8,包含您本人，全家每個月除了以上這些收入以外的「其他雜項」收入總共是多少？【過去ㄧ年平,3,"10,000-14,999 元",
103,ques103.pdf,I8,包含您本人，全家每個月除了以上這些收入以外的「其他雜項」收入總共是多少？【過去ㄧ年平,4,"15,000-19,999 元",
103,ques103.pdf,I8,包含您本人，全家每個月除了以上這些收入以外的「其他雜項」收入總共是多少？【過去ㄧ年平,5,"20,000-24,999 元",
103,ques103.pdf,I8,包含您本人，全家每個月除了以上這些收入以外的「其他雜項」收入總共是多少？【過去ㄧ年平,6,"25,000-29,999 元",
103,ques103.pdf,I8,包含您本人，全家每個月除了以上這些收入以外的「其他雜項」收入總共是多少？【過去ㄧ年平,7,"30,000-39,999 元",
103,ques103.pdf,I8,包含您本人，全家每個月除了以上這些收入以外的「其他雜項」收入總共是多少？【過去ㄧ年平,8,"40,000-49,999 元",
103,ques103.pdf,I8,包含您本人，全家每個月除了以上這些收入以外的「其他雜項」收入總共是多少？【過去ㄧ年平,9,"50,000-59,999 元",
103,ques103.pdf,I8,包含您本人，全家每個月除了以上這些收入以外的「其他雜項」收入總共是多少？【過去ㄧ年平,10,"60,000-69,999 元",
103,ques103.pdf,I8,包含您本人，全家每個月除了以上這些收入以外的「其他雜項」收入總共是多少？【過去ㄧ年平,11,"70,000-79,999 元",
103,ques103.pdf,I8,包含您本人，全家每個月除了以上這些收入以外的「其他雜項」收入總共是多少？【過去ㄧ年平,12,"80,000 元及以上，請記錄_________________元",
103,ques103.pdf,I8,包含您本人，全家每個月除了以上這些收入以外的「其他雜項」收入總共是多少？【過去ㄧ年平,13,沒有這項收入,
103,ques103.pdf,I9,請問您家中有沒有人戶籍不在這裡，但是仍然每個月或定期會提供家裡金錢的家人？,1,有,
103,ques103.pdf,I9,請問您家中有沒有人戶籍不在這裡，但是仍然每個月或定期會提供家裡金錢的家人？,2,沒有跳答J 部分,
103,ques103.pdf,I10,請問有幾位？________位,,,no_coded_option_detected
103,ques103.pdf,I11,這幾位家人每個月提供的總金額大約多少錢？_______________元,,,no_coded_option_detected
103,ques103.pdf,J1,請問您全家每個月用在支付「買菜、水果、非酒精飲料費、零食等」的費用是多少？【過去ㄧ年,1,"2,999 元及以下",
103,ques103.pdf,J1,請問您全家每個月用在支付「買菜、水果、非酒精飲料費、零食等」的費用是多少？【過去ㄧ年,2,"3,000-4,999 元",
103,ques103.pdf,J1,請問您全家每個月用在支付「買菜、水果、非酒精飲料費、零食等」的費用是多少？【過去ㄧ年,3,"5,000-6,999 元",
103,ques103.pdf,J1,請問您全家每個月用在支付「買菜、水果、非酒精飲料費、零食等」的費用是多少？【過去ㄧ年,4,"7,000-9,999 元",
103,ques103.pdf,J1,請問您全家每個月用在支付「買菜、水果、非酒精飲料費、零食等」的費用是多少？【過去ㄧ年,5,"10,000-11,999 元",
103,ques103.pdf,J1,請問您全家每個月用在支付「買菜、水果、非酒精飲料費、零食等」的費用是多少？【過去ㄧ年,6,"12,000-14,999 元",
103,ques103.pdf,J1,請問您全家每個月用在支付「買菜、水果、非酒精飲料費、零食等」的費用是多少？【過去ㄧ年,7,"15,000-19,999 元",
103,ques103.pdf,J1,請問您全家每個月用在支付「買菜、水果、非酒精飲料費、零食等」的費用是多少？【過去ㄧ年,8,"20,000-29,999 元",
103,ques103.pdf,J1,請問您全家每個月用在支付「買菜、水果、非酒精飲料費、零食等」的費用是多少？【過去ㄧ年,9,"30,000-39,999 元",
103,ques103.pdf,J1,請問您全家每個月用在支付「買菜、水果、非酒精飲料費、零食等」的費用是多少？【過去ㄧ年,10,"40,000-49,999 元",
103,ques103.pdf,J1,請問您全家每個月用在支付「買菜、水果、非酒精飲料費、零食等」的費用是多少？【過去ㄧ年,11,"50,000-59,999 元",
103,ques103.pdf,J1,請問您全家每個月用在支付「買菜、水果、非酒精飲料費、零食等」的費用是多少？【過去ㄧ年,12,"60,000-69,999 元",
103,ques103.pdf,J1,請問您全家每個月用在支付「買菜、水果、非酒精飲料費、零食等」的費用是多少？【過去ㄧ年,13,"70,000 元及以上，請記錄______________元",
103,ques103.pdf,J2,請問您全家每個月用在支付「房租、水電瓦斯、住宅裝修、建築物保險等」的費用是多少？【過,1,999 元及以下,
103,ques103.pdf,J2,請問您全家每個月用在支付「房租、水電瓦斯、住宅裝修、建築物保險等」的費用是多少？【過,2,"1,000-1,499 元",
103,ques103.pdf,J2,請問您全家每個月用在支付「房租、水電瓦斯、住宅裝修、建築物保險等」的費用是多少？【過,3,"1,500-1,999 元",
103,ques103.pdf,J2,請問您全家每個月用在支付「房租、水電瓦斯、住宅裝修、建築物保險等」的費用是多少？【過,4,"2,000-2,499 元",
103,ques103.pdf,J2,請問您全家每個月用在支付「房租、水電瓦斯、住宅裝修、建築物保險等」的費用是多少？【過,5,"2,500-2,999 元",
103,ques103.pdf,J2,請問您全家每個月用在支付「房租、水電瓦斯、住宅裝修、建築物保險等」的費用是多少？【過,6,"3,000-4,999 元",
103,ques103.pdf,J2,請問您全家每個月用在支付「房租、水電瓦斯、住宅裝修、建築物保險等」的費用是多少？【過,7,"5,000-9,999 元",
103,ques103.pdf,J2,請問您全家每個月用在支付「房租、水電瓦斯、住宅裝修、建築物保險等」的費用是多少？【過,8,"10,000-14,999 元",
103,ques103.pdf,J2,請問您全家每個月用在支付「房租、水電瓦斯、住宅裝修、建築物保險等」的費用是多少？【過,9,"15,000-19,999 元",
103,ques103.pdf,J2,請問您全家每個月用在支付「房租、水電瓦斯、住宅裝修、建築物保險等」的費用是多少？【過,10,"20,000-29,999 元",
103,ques103.pdf,J2,請問您全家每個月用在支付「房租、水電瓦斯、住宅裝修、建築物保險等」的費用是多少？【過,11,"30,000-39,999 元",
103,ques103.pdf,J2,請問您全家每個月用在支付「房租、水電瓦斯、住宅裝修、建築物保險等」的費用是多少？【過,12,"40,000-49,999 元",
103,ques103.pdf,J2,請問您全家每個月用在支付「房租、水電瓦斯、住宅裝修、建築物保險等」的費用是多少？【過,13,"50,000-59,999 元",
103,ques103.pdf,J2,請問您全家每個月用在支付「房租、水電瓦斯、住宅裝修、建築物保險等」的費用是多少？【過,14,"60,000-69,999 元",
103,ques103.pdf,J2,請問您全家每個月用在支付「房租、水電瓦斯、住宅裝修、建築物保險等」的費用是多少？【過,15,"70,000 元及以上，請記錄____________元",
103,ques103.pdf,J2,請問您全家每個月用在支付「房租、水電瓦斯、住宅裝修、建築物保險等」的費用是多少？【過,16,沒有這項支出 附1-6,
103,ques103.pdf,J3,請問您全家每個月用在支付「上下班上下學通勤、搭乘交通工具、汽機車保養/油錢、汽機車保險、,1,999 元及以下,
103,ques103.pdf,J3,請問您全家每個月用在支付「上下班上下學通勤、搭乘交通工具、汽機車保養/油錢、汽機車保險、,2,"1,000-1,999 元",
103,ques103.pdf,J3,請問您全家每個月用在支付「上下班上下學通勤、搭乘交通工具、汽機車保養/油錢、汽機車保險、,3,"2,000-2,999 元",
103,ques103.pdf,J3,請問您全家每個月用在支付「上下班上下學通勤、搭乘交通工具、汽機車保養/油錢、汽機車保險、,4,"3,000-3,999 元",
103,ques103.pdf,J3,請問您全家每個月用在支付「上下班上下學通勤、搭乘交通工具、汽機車保養/油錢、汽機車保險、,5,"4,000-4,999 元",
103,ques103.pdf,J3,請問您全家每個月用在支付「上下班上下學通勤、搭乘交通工具、汽機車保養/油錢、汽機車保險、,6,"5,000-6,999 元",
103,ques103.pdf,J3,請問您全家每個月用在支付「上下班上下學通勤、搭乘交通工具、汽機車保養/油錢、汽機車保險、,7,"7,000-9,999 元",
103,ques103.pdf,J3,請問您全家每個月用在支付「上下班上下學通勤、搭乘交通工具、汽機車保養/油錢、汽機車保險、,8,"10,000-14,999 元",
103,ques103.pdf,J3,請問您全家每個月用在支付「上下班上下學通勤、搭乘交通工具、汽機車保養/油錢、汽機車保險、,9,"15,000-19,999 元",
103,ques103.pdf,J3,請問您全家每個月用在支付「上下班上下學通勤、搭乘交通工具、汽機車保養/油錢、汽機車保險、,10,"20,000-29,999 元",
103,ques103.pdf,J3,請問您全家每個月用在支付「上下班上下學通勤、搭乘交通工具、汽機車保養/油錢、汽機車保險、,11,"30,000 元及以上，請記錄________元",
103,ques103.pdf,J3,請問您全家每個月用在支付「上下班上下學通勤、搭乘交通工具、汽機車保養/油錢、汽機車保險、,12,沒有這項支出,
103,ques103.pdf,J4,請問您全家每個月用在支付「看病就醫、繳醫療保險費、購買醫療用品/設備等」的費用是多少？,1,499 元及以下,
103,ques103.pdf,J4,請問您全家每個月用在支付「看病就醫、繳醫療保險費、購買醫療用品/設備等」的費用是多少？,2,500-999 元,
103,ques103.pdf,J4,請問您全家每個月用在支付「看病就醫、繳醫療保險費、購買醫療用品/設備等」的費用是多少？,3,"1,000-1,999 元",
103,ques103.pdf,J4,請問您全家每個月用在支付「看病就醫、繳醫療保險費、購買醫療用品/設備等」的費用是多少？,4,"2,000-2,999 元",
103,ques103.pdf,J4,請問您全家每個月用在支付「看病就醫、繳醫療保險費、購買醫療用品/設備等」的費用是多少？,5,"3,000-3,999 元",
103,ques103.pdf,J4,請問您全家每個月用在支付「看病就醫、繳醫療保險費、購買醫療用品/設備等」的費用是多少？,6,"4,000-4,999 元",
103,ques103.pdf,J4,請問您全家每個月用在支付「看病就醫、繳醫療保險費、購買醫療用品/設備等」的費用是多少？,7,"5,000-6,999 元",
103,ques103.pdf,J4,請問您全家每個月用在支付「看病就醫、繳醫療保險費、購買醫療用品/設備等」的費用是多少？,8,"7,000-9,999 元",
103,ques103.pdf,J4,請問您全家每個月用在支付「看病就醫、繳醫療保險費、購買醫療用品/設備等」的費用是多少？,9,"10,000-14,999 元",
103,ques103.pdf,J4,請問您全家每個月用在支付「看病就醫、繳醫療保險費、購買醫療用品/設備等」的費用是多少？,10,"15,000-19,999 元",
103,ques103.pdf,J4,請問您全家每個月用在支付「看病就醫、繳醫療保險費、購買醫療用品/設備等」的費用是多少？,11,"20,000-29,999 元",
103,ques103.pdf,J4,請問您全家每個月用在支付「看病就醫、繳醫療保險費、購買醫療用品/設備等」的費用是多少？,12,"30,000 元及以上，請記錄________元",
103,ques103.pdf,J4,請問您全家每個月用在支付「看病就醫、繳醫療保險費、購買醫療用品/設備等」的費用是多少？,13,沒有這項支出,
103,ques103.pdf,J5,請問您全家每個月用在支付「抽煙、飲酒、吃檳榔等」的費用是多少？【過去ㄧ年平均每個月的,1,499 元及以下,
103,ques103.pdf,J5,請問您全家每個月用在支付「抽煙、飲酒、吃檳榔等」的費用是多少？【過去ㄧ年平均每個月的,2,500-999 元,
103,ques103.pdf,J5,請問您全家每個月用在支付「抽煙、飲酒、吃檳榔等」的費用是多少？【過去ㄧ年平均每個月的,3,"1,000-1,999 元",
103,ques103.pdf,J5,請問您全家每個月用在支付「抽煙、飲酒、吃檳榔等」的費用是多少？【過去ㄧ年平均每個月的,4,"2,000-2,999 元",
103,ques103.pdf,J5,請問您全家每個月用在支付「抽煙、飲酒、吃檳榔等」的費用是多少？【過去ㄧ年平均每個月的,5,"3,000-3,999 元",
103,ques103.pdf,J5,請問您全家每個月用在支付「抽煙、飲酒、吃檳榔等」的費用是多少？【過去ㄧ年平均每個月的,6,"4,000-4,999 元",
103,ques103.pdf,J5,請問您全家每個月用在支付「抽煙、飲酒、吃檳榔等」的費用是多少？【過去ㄧ年平均每個月的,7,"5,000-6,999 元",
103,ques103.pdf,J5,請問您全家每個月用在支付「抽煙、飲酒、吃檳榔等」的費用是多少？【過去ㄧ年平均每個月的,8,"7,000-9,999 元",
103,ques103.pdf,J5,請問您全家每個月用在支付「抽煙、飲酒、吃檳榔等」的費用是多少？【過去ㄧ年平均每個月的,9,"10,000-14,999 元",
103,ques103.pdf,J5,請問您全家每個月用在支付「抽煙、飲酒、吃檳榔等」的費用是多少？【過去ㄧ年平均每個月的,10,"15,000-19,999 元",
103,ques103.pdf,J5,請問您全家每個月用在支付「抽煙、飲酒、吃檳榔等」的費用是多少？【過去ㄧ年平均每個月的,11,"20,000-29,999 元",
103,ques103.pdf,J5,請問您全家每個月用在支付「抽煙、飲酒、吃檳榔等」的費用是多少？【過去ㄧ年平均每個月的,12,"30,000 元及以上，請記錄________元",
103,ques103.pdf,J5,請問您全家每個月用在支付「抽煙、飲酒、吃檳榔等」的費用是多少？【過去ㄧ年平均每個月的,13,沒有這項支出,
103,ques103.pdf,J6,請問您全家每個月用在支付「繳各種稅、勞健保、農漁保險、買彩券、紅白包禮金、捐款」的費,1,999 元及以下,
103,ques103.pdf,J6,請問您全家每個月用在支付「繳各種稅、勞健保、農漁保險、買彩券、紅白包禮金、捐款」的費,2,"1,000-1,499 元",
103,ques103.pdf,J6,請問您全家每個月用在支付「繳各種稅、勞健保、農漁保險、買彩券、紅白包禮金、捐款」的費,3,"1,500-1,999 元",
103,ques103.pdf,J6,請問您全家每個月用在支付「繳各種稅、勞健保、農漁保險、買彩券、紅白包禮金、捐款」的費,4,"2,000-2,499 元",
103,ques103.pdf,J6,請問您全家每個月用在支付「繳各種稅、勞健保、農漁保險、買彩券、紅白包禮金、捐款」的費,5,"2,500-2,999 元",
103,ques103.pdf,J6,請問您全家每個月用在支付「繳各種稅、勞健保、農漁保險、買彩券、紅白包禮金、捐款」的費,6,"3,000-3,999 元",
103,ques103.pdf,J6,請問您全家每個月用在支付「繳各種稅、勞健保、農漁保險、買彩券、紅白包禮金、捐款」的費,7,"4,000-4,999 元",
103,ques103.pdf,J6,請問您全家每個月用在支付「繳各種稅、勞健保、農漁保險、買彩券、紅白包禮金、捐款」的費,8,"5,000-6,999 元",
103,ques103.pdf,J6,請問您全家每個月用在支付「繳各種稅、勞健保、農漁保險、買彩券、紅白包禮金、捐款」的費,9,"7,000-9,999 元",
103,ques103.pdf,J6,請問您全家每個月用在支付「繳各種稅、勞健保、農漁保險、買彩券、紅白包禮金、捐款」的費,10,"10,000-14,999 元",
103,ques103.pdf,J6,請問您全家每個月用在支付「繳各種稅、勞健保、農漁保險、買彩券、紅白包禮金、捐款」的費,11,"15,000-19,999 元",
103,ques103.pdf,J6,請問您全家每個月用在支付「繳各種稅、勞健保、農漁保險、買彩券、紅白包禮金、捐款」的費,12,"20,000-29,999 元",
103,ques103.pdf,J6,請問您全家每個月用在支付「繳各種稅、勞健保、農漁保險、買彩券、紅白包禮金、捐款」的費,13,"30,000 元及以上，請記錄________元",
103,ques103.pdf,J6,請問您全家每個月用在支付「繳各種稅、勞健保、農漁保險、買彩券、紅白包禮金、捐款」的費,14,沒有這項支出 附1-7,
103,ques103.pdf,J7,除了以上的支出，請問您家庭過去一年有沒有以下的支出？【逐一提示選項，可複選】,,,parent_multiple_response_heading_confirmed_2026-07-26
103,ques103.pdf,J7-1,打掃家庭/洗衣洗碗/請佣人 □(1)有 □(2)沒有           ○11,1,999 元及以下,repaired_103_j7_amount_table_visual_review
103,ques103.pdf,J7-1,打掃家庭/洗衣洗碗/請佣人 □(1)有 □(2)沒有           ○11,2,"1,000-1,999 元",repaired_103_j7_amount_table_visual_review
103,ques103.pdf,J7-1,打掃家庭/洗衣洗碗/請佣人 □(1)有 □(2)沒有           ○11,3,"2,000-2,999 元",repaired_103_j7_amount_table_visual_review
103,ques103.pdf,J7-1,打掃家庭/洗衣洗碗/請佣人 □(1)有 □(2)沒有           ○11,4,"3,000-3,999 元",repaired_103_j7_amount_table_visual_review
103,ques103.pdf,J7-1,打掃家庭/洗衣洗碗/請佣人 □(1)有 □(2)沒有           ○11,5,"4,000-4,999 元",repaired_103_j7_amount_table_visual_review
103,ques103.pdf,J7-1,打掃家庭/洗衣洗碗/請佣人 □(1)有 □(2)沒有           ○11,6,"5,000-6,999 元",repaired_103_j7_amount_table_visual_review
103,ques103.pdf,J7-1,打掃家庭/洗衣洗碗/請佣人 □(1)有 □(2)沒有           ○11,7,"7,000-9,999 元",repaired_103_j7_amount_table_visual_review
103,ques103.pdf,J7-1,打掃家庭/洗衣洗碗/請佣人 □(1)有 □(2)沒有           ○11,8,"10,000-14,999 元",repaired_103_j7_amount_table_visual_review
103,ques103.pdf,J7-1,打掃家庭/洗衣洗碗/請佣人 □(1)有 □(2)沒有           ○11,9,"15,000-19,999 元",repaired_103_j7_amount_table_visual_review
103,ques103.pdf,J7-1,打掃家庭/洗衣洗碗/請佣人 □(1)有 □(2)沒有           ○11,10,"20,000-29,999 元",repaired_103_j7_amount_table_visual_review
103,ques103.pdf,J7-1,打掃家庭/洗衣洗碗/請佣人 □(1)有 □(2)沒有           ○11,11,"30,000 元及以上，請記錄________元",repaired_103_j7_amount_table_visual_review
103,ques103.pdf,J7-2,各項學費/補習費/家教費 □(1)有 □(2)沒有           ○11,1,999 元及以下,repaired_103_j7_amount_table_visual_review
103,ques103.pdf,J7-2,各項學費/補習費/家教費 □(1)有 □(2)沒有           ○11,2,"1,000-1,999 元",repaired_103_j7_amount_table_visual_review
103,ques103.pdf,J7-2,各項學費/補習費/家教費 □(1)有 □(2)沒有           ○11,3,"2,000-2,999 元",repaired_103_j7_amount_table_visual_review
103,ques103.pdf,J7-2,各項學費/補習費/家教費 □(1)有 □(2)沒有           ○11,4,"3,000-3,999 元",repaired_103_j7_amount_table_visual_review
103,ques103.pdf,J7-2,各項學費/補習費/家教費 □(1)有 □(2)沒有           ○11,5,"4,000-4,999 元",repaired_103_j7_amount_table_visual_review
103,ques103.pdf,J7-2,各項學費/補習費/家教費 □(1)有 □(2)沒有           ○11,6,"5,000-6,999 元",repaired_103_j7_amount_table_visual_review
103,ques103.pdf,J7-2,各項學費/補習費/家教費 □(1)有 □(2)沒有           ○11,7,"7,000-9,999 元",repaired_103_j7_amount_table_visual_review
103,ques103.pdf,J7-2,各項學費/補習費/家教費 □(1)有 □(2)沒有           ○11,8,"10,000-14,999 元",repaired_103_j7_amount_table_visual_review
103,ques103.pdf,J7-2,各項學費/補習費/家教費 □(1)有 □(2)沒有           ○11,9,"15,000-19,999 元",repaired_103_j7_amount_table_visual_review
103,ques103.pdf,J7-2,各項學費/補習費/家教費 □(1)有 □(2)沒有           ○11,10,"20,000-29,999 元",repaired_103_j7_amount_table_visual_review
103,ques103.pdf,J7-2,各項學費/補習費/家教費 □(1)有 □(2)沒有           ○11,11,"30,000 元及以上，請記錄________元",repaired_103_j7_amount_table_visual_review
103,ques103.pdf,J7-3,報紙雜誌書籍文具 □(1)有 □(2)沒有           ○11,1,999 元及以下,repaired_103_j7_amount_table_visual_review
103,ques103.pdf,J7-3,報紙雜誌書籍文具 □(1)有 □(2)沒有           ○11,2,"1,000-1,999 元",repaired_103_j7_amount_table_visual_review
103,ques103.pdf,J7-3,報紙雜誌書籍文具 □(1)有 □(2)沒有           ○11,3,"2,000-2,999 元",repaired_103_j7_amount_table_visual_review
103,ques103.pdf,J7-3,報紙雜誌書籍文具 □(1)有 □(2)沒有           ○11,4,"3,000-3,999 元",repaired_103_j7_amount_table_visual_review
103,ques103.pdf,J7-3,報紙雜誌書籍文具 □(1)有 □(2)沒有           ○11,5,"4,000-4,999 元",repaired_103_j7_amount_table_visual_review
103,ques103.pdf,J7-3,報紙雜誌書籍文具 □(1)有 □(2)沒有           ○11,6,"5,000-6,999 元",repaired_103_j7_amount_table_visual_review
103,ques103.pdf,J7-3,報紙雜誌書籍文具 □(1)有 □(2)沒有           ○11,7,"7,000-9,999 元",repaired_103_j7_amount_table_visual_review
103,ques103.pdf,J7-3,報紙雜誌書籍文具 □(1)有 □(2)沒有           ○11,8,"10,000-14,999 元",repaired_103_j7_amount_table_visual_review
103,ques103.pdf,J7-3,報紙雜誌書籍文具 □(1)有 □(2)沒有           ○11,9,"15,000-19,999 元",repaired_103_j7_amount_table_visual_review
103,ques103.pdf,J7-3,報紙雜誌書籍文具 □(1)有 □(2)沒有           ○11,10,"20,000-29,999 元",repaired_103_j7_amount_table_visual_review
103,ques103.pdf,J7-3,報紙雜誌書籍文具 □(1)有 □(2)沒有           ○11,11,"30,000 元及以上，請記錄________元",repaired_103_j7_amount_table_visual_review
103,ques103.pdf,J7-4,國內外跟團旅遊/運動娛樂,1,999 元及以下,repaired_103_j7_amount_table_visual_review
103,ques103.pdf,J7-4,國內外跟團旅遊/運動娛樂,2,"1,000-1,999 元",repaired_103_j7_amount_table_visual_review
103,ques103.pdf,J7-4,國內外跟團旅遊/運動娛樂,3,"2,000-2,999 元",repaired_103_j7_amount_table_visual_review
103,ques103.pdf,J7-4,國內外跟團旅遊/運動娛樂,4,"3,000-3,999 元",repaired_103_j7_amount_table_visual_review
103,ques103.pdf,J7-4,國內外跟團旅遊/運動娛樂,5,"4,000-4,999 元",repaired_103_j7_amount_table_visual_review
103,ques103.pdf,J7-4,國內外跟團旅遊/運動娛樂,6,"5,000-6,999 元",repaired_103_j7_amount_table_visual_review
103,ques103.pdf,J7-4,國內外跟團旅遊/運動娛樂,7,"7,000-9,999 元",repaired_103_j7_amount_table_visual_review
103,ques103.pdf,J7-4,國內外跟團旅遊/運動娛樂,8,"10,000-14,999 元",repaired_103_j7_amount_table_visual_review
103,ques103.pdf,J7-4,國內外跟團旅遊/運動娛樂,9,"15,000-19,999 元",repaired_103_j7_amount_table_visual_review
103,ques103.pdf,J7-4,國內外跟團旅遊/運動娛樂,10,"20,000-29,999 元",repaired_103_j7_amount_table_visual_review
103,ques103.pdf,J7-4,國內外跟團旅遊/運動娛樂,11,"30,000 元及以上，請記錄________元",repaired_103_j7_amount_table_visual_review
103,ques103.pdf,J7-5,各項貸款/跟會的利息 □(1)有 □(2)沒有           ○11,1,999 元及以下,repaired_103_j7_amount_table_visual_review
103,ques103.pdf,J7-5,各項貸款/跟會的利息 □(1)有 □(2)沒有           ○11,2,"1,000-1,999 元",repaired_103_j7_amount_table_visual_review
103,ques103.pdf,J7-5,各項貸款/跟會的利息 □(1)有 □(2)沒有           ○11,3,"2,000-2,999 元",repaired_103_j7_amount_table_visual_review
103,ques103.pdf,J7-5,各項貸款/跟會的利息 □(1)有 □(2)沒有           ○11,4,"3,000-3,999 元",repaired_103_j7_amount_table_visual_review
103,ques103.pdf,J7-5,各項貸款/跟會的利息 □(1)有 □(2)沒有           ○11,5,"4,000-4,999 元",repaired_103_j7_amount_table_visual_review
103,ques103.pdf,J7-5,各項貸款/跟會的利息 □(1)有 □(2)沒有           ○11,6,"5,000-6,999 元",repaired_103_j7_amount_table_visual_review
103,ques103.pdf,J7-5,各項貸款/跟會的利息 □(1)有 □(2)沒有           ○11,7,"7,000-9,999 元",repaired_103_j7_amount_table_visual_review
103,ques103.pdf,J7-5,各項貸款/跟會的利息 □(1)有 □(2)沒有           ○11,8,"10,000-14,999 元",repaired_103_j7_amount_table_visual_review
103,ques103.pdf,J7-5,各項貸款/跟會的利息 □(1)有 □(2)沒有           ○11,9,"15,000-19,999 元",repaired_103_j7_amount_table_visual_review
103,ques103.pdf,J7-5,各項貸款/跟會的利息 □(1)有 □(2)沒有           ○11,10,"20,000-29,999 元",repaired_103_j7_amount_table_visual_review
103,ques103.pdf,J7-5,各項貸款/跟會的利息 □(1)有 □(2)沒有           ○11,11,"30,000 元及以上，請記錄________元",repaired_103_j7_amount_table_visual_review
103,ques103.pdf,J7-6,外食費/學生住宿費/自助旅,1,999 元及以下,repaired_103_j7_amount_table_visual_review
103,ques103.pdf,J7-6,外食費/學生住宿費/自助旅,2,"1,000-1,999 元",repaired_103_j7_amount_table_visual_review
103,ques103.pdf,J7-6,外食費/學生住宿費/自助旅,3,"2,000-2,999 元",repaired_103_j7_amount_table_visual_review
103,ques103.pdf,J7-6,外食費/學生住宿費/自助旅,4,"3,000-3,999 元",repaired_103_j7_amount_table_visual_review
103,ques103.pdf,J7-6,外食費/學生住宿費/自助旅,5,"4,000-4,999 元",repaired_103_j7_amount_table_visual_review
103,ques103.pdf,J7-6,外食費/學生住宿費/自助旅,6,"5,000-6,999 元",repaired_103_j7_amount_table_visual_review
103,ques103.pdf,J7-6,外食費/學生住宿費/自助旅,7,"7,000-9,999 元",repaired_103_j7_amount_table_visual_review
103,ques103.pdf,J7-6,外食費/學生住宿費/自助旅,8,"10,000-14,999 元",repaired_103_j7_amount_table_visual_review
103,ques103.pdf,J7-6,外食費/學生住宿費/自助旅,9,"15,000-19,999 元",repaired_103_j7_amount_table_visual_review
103,ques103.pdf,J7-6,外食費/學生住宿費/自助旅,10,"20,000-29,999 元",repaired_103_j7_amount_table_visual_review
103,ques103.pdf,J7-6,外食費/學生住宿費/自助旅,11,"30,000 元及以上，請記錄________元",repaired_103_j7_amount_table_visual_review
103,ques103.pdf,J7-7,買衣服/鞋子/襪子各項衣物 □(1)有 □(2)沒有           ○11,1,999 元及以下,repaired_103_j7_amount_table_visual_review
103,ques103.pdf,J7-7,買衣服/鞋子/襪子各項衣物 □(1)有 □(2)沒有           ○11,2,"1,000-1,999 元",repaired_103_j7_amount_table_visual_review
103,ques103.pdf,J7-7,買衣服/鞋子/襪子各項衣物 □(1)有 □(2)沒有           ○11,3,"2,000-2,999 元",repaired_103_j7_amount_table_visual_review
103,ques103.pdf,J7-7,買衣服/鞋子/襪子各項衣物 □(1)有 □(2)沒有           ○11,4,"3,000-3,999 元",repaired_103_j7_amount_table_visual_review
103,ques103.pdf,J7-7,買衣服/鞋子/襪子各項衣物 □(1)有 □(2)沒有           ○11,5,"4,000-4,999 元",repaired_103_j7_amount_table_visual_review
103,ques103.pdf,J7-7,買衣服/鞋子/襪子各項衣物 □(1)有 □(2)沒有           ○11,6,"5,000-6,999 元",repaired_103_j7_amount_table_visual_review
103,ques103.pdf,J7-7,買衣服/鞋子/襪子各項衣物 □(1)有 □(2)沒有           ○11,7,"7,000-9,999 元",repaired_103_j7_amount_table_visual_review
103,ques103.pdf,J7-7,買衣服/鞋子/襪子各項衣物 □(1)有 □(2)沒有           ○11,8,"10,000-14,999 元",repaired_103_j7_amount_table_visual_review
103,ques103.pdf,J7-7,買衣服/鞋子/襪子各項衣物 □(1)有 □(2)沒有           ○11,9,"15,000-19,999 元",repaired_103_j7_amount_table_visual_review
103,ques103.pdf,J7-7,買衣服/鞋子/襪子各項衣物 □(1)有 □(2)沒有           ○11,10,"20,000-29,999 元",repaired_103_j7_amount_table_visual_review
103,ques103.pdf,J7-7,買衣服/鞋子/襪子各項衣物 □(1)有 □(2)沒有           ○11,11,"30,000 元及以上，請記錄________元",repaired_103_j7_amount_table_visual_review
103,ques103.pdf,J7-8,買家具/家庭電器/廚房用具 □(1)有 □(2)沒有           ○11,1,999 元及以下,repaired_103_j7_amount_table_visual_review
103,ques103.pdf,J7-8,買家具/家庭電器/廚房用具 □(1)有 □(2)沒有           ○11,2,"1,000-1,999 元",repaired_103_j7_amount_table_visual_review
103,ques103.pdf,J7-8,買家具/家庭電器/廚房用具 □(1)有 □(2)沒有           ○11,3,"2,000-2,999 元",repaired_103_j7_amount_table_visual_review
103,ques103.pdf,J7-8,買家具/家庭電器/廚房用具 □(1)有 □(2)沒有           ○11,4,"3,000-3,999 元",repaired_103_j7_amount_table_visual_review
103,ques103.pdf,J7-8,買家具/家庭電器/廚房用具 □(1)有 □(2)沒有           ○11,5,"4,000-4,999 元",repaired_103_j7_amount_table_visual_review
103,ques103.pdf,J7-8,買家具/家庭電器/廚房用具 □(1)有 □(2)沒有           ○11,6,"5,000-6,999 元",repaired_103_j7_amount_table_visual_review
103,ques103.pdf,J7-8,買家具/家庭電器/廚房用具 □(1)有 □(2)沒有           ○11,7,"7,000-9,999 元",repaired_103_j7_amount_table_visual_review
103,ques103.pdf,J7-8,買家具/家庭電器/廚房用具 □(1)有 □(2)沒有           ○11,8,"10,000-14,999 元",repaired_103_j7_amount_table_visual_review
103,ques103.pdf,J7-8,買家具/家庭電器/廚房用具 □(1)有 □(2)沒有           ○11,9,"15,000-19,999 元",repaired_103_j7_amount_table_visual_review
103,ques103.pdf,J7-8,買家具/家庭電器/廚房用具 □(1)有 □(2)沒有           ○11,10,"20,000-29,999 元",repaired_103_j7_amount_table_visual_review
103,ques103.pdf,J7-8,買家具/家庭電器/廚房用具 □(1)有 □(2)沒有           ○11,11,"30,000 元及以上，請記錄________元",repaired_103_j7_amount_table_visual_review
103,ques103.pdf,J7-9,兒童/老人/身心障礙者照顧 □(1)有 □(2)沒有           ○11,1,999 元及以下,repaired_103_j7_amount_table_visual_review
103,ques103.pdf,J7-9,兒童/老人/身心障礙者照顧 □(1)有 □(2)沒有           ○11,2,"1,000-1,999 元",repaired_103_j7_amount_table_visual_review
103,ques103.pdf,J7-9,兒童/老人/身心障礙者照顧 □(1)有 □(2)沒有           ○11,3,"2,000-2,999 元",repaired_103_j7_amount_table_visual_review
103,ques103.pdf,J7-9,兒童/老人/身心障礙者照顧 □(1)有 □(2)沒有           ○11,4,"3,000-3,999 元",repaired_103_j7_amount_table_visual_review
103,ques103.pdf,J7-9,兒童/老人/身心障礙者照顧 □(1)有 □(2)沒有           ○11,5,"4,000-4,999 元",repaired_103_j7_amount_table_visual_review
103,ques103.pdf,J7-9,兒童/老人/身心障礙者照顧 □(1)有 □(2)沒有           ○11,6,"5,000-6,999 元",repaired_103_j7_amount_table_visual_review
103,ques103.pdf,J7-9,兒童/老人/身心障礙者照顧 □(1)有 □(2)沒有           ○11,7,"7,000-9,999 元",repaired_103_j7_amount_table_visual_review
103,ques103.pdf,J7-9,兒童/老人/身心障礙者照顧 □(1)有 □(2)沒有           ○11,8,"10,000-14,999 元",repaired_103_j7_amount_table_visual_review
103,ques103.pdf,J7-9,兒童/老人/身心障礙者照顧 □(1)有 □(2)沒有           ○11,9,"15,000-19,999 元",repaired_103_j7_amount_table_visual_review
103,ques103.pdf,J7-9,兒童/老人/身心障礙者照顧 □(1)有 □(2)沒有           ○11,10,"20,000-29,999 元",repaired_103_j7_amount_table_visual_review
103,ques103.pdf,J7-9,兒童/老人/身心障礙者照顧 □(1)有 □(2)沒有           ○11,11,"30,000 元及以上，請記錄________元",repaired_103_j7_amount_table_visual_review
103,ques103.pdf,J7-10,其他費用 □(1)有 □(2)沒有           ○11,1,999 元及以下,repaired_103_j7_amount_table_visual_review
103,ques103.pdf,J7-10,其他費用 □(1)有 □(2)沒有           ○11,2,"1,000-1,999 元",repaired_103_j7_amount_table_visual_review
103,ques103.pdf,J7-10,其他費用 □(1)有 □(2)沒有           ○11,3,"2,000-2,999 元",repaired_103_j7_amount_table_visual_review
103,ques103.pdf,J7-10,其他費用 □(1)有 □(2)沒有           ○11,4,"3,000-3,999 元",repaired_103_j7_amount_table_visual_review
103,ques103.pdf,J7-10,其他費用 □(1)有 □(2)沒有           ○11,5,"4,000-4,999 元",repaired_103_j7_amount_table_visual_review
103,ques103.pdf,J7-10,其他費用 □(1)有 □(2)沒有           ○11,6,"5,000-6,999 元",repaired_103_j7_amount_table_visual_review
103,ques103.pdf,J7-10,其他費用 □(1)有 □(2)沒有           ○11,7,"7,000-9,999 元",repaired_103_j7_amount_table_visual_review
103,ques103.pdf,J7-10,其他費用 □(1)有 □(2)沒有           ○11,8,"10,000-14,999 元",repaired_103_j7_amount_table_visual_review
103,ques103.pdf,J7-10,其他費用 □(1)有 □(2)沒有           ○11,9,"15,000-19,999 元",repaired_103_j7_amount_table_visual_review
103,ques103.pdf,J7-10,其他費用 □(1)有 □(2)沒有           ○11,10,"20,000-29,999 元",repaired_103_j7_amount_table_visual_review
103,ques103.pdf,J7-10,其他費用 □(1)有 □(2)沒有           ○11,11,"30,000 元及以上，請記錄________元",repaired_103_j7_amount_table_visual_review
103,ques103.pdf,J7-11,以上都沒有 □(1)圈選本選項不得圈選上面任何一個選項,1,"圈選本選項不得圈選上面任何一個選項    999 元及以下 1,000-1,999 元 2,000-2,999 元 J7-1至J7-11 3,000-3,999 元 4,000-4,999 元 5,000-6,999 元 金額選項  7,000-9,999 元  10,000-14,999 元  15,000-19,999 元 20,000-29,999 元 ○1130,000 元及以上，請記錄________元 K 部分：投資狀況",
103,ques103.pdf,K1,請問您個人目前有從事以下哪些投資嗎？(可複選),1,買股票,
103,ques103.pdf,K1,請問您個人目前有從事以下哪些投資嗎？(可複選),2,買土地,
103,ques103.pdf,K1,請問您個人目前有從事以下哪些投資嗎？(可複選),3,買保險,
103,ques103.pdf,K1,請問您個人目前有從事以下哪些投資嗎？(可複選),4,銀行定存,
103,ques103.pdf,K1,請問您個人目前有從事以下哪些投資嗎？(可複選),5,參加民間跟會,
103,ques103.pdf,K1,請問您個人目前有從事以下哪些投資嗎？(可複選),7,其他，請說明_____________,
103,ques103.pdf,K1,請問您個人目前有從事以下哪些投資嗎？(可複選),8,都沒有投資跳答K2,
103,ques103.pdf,K1-1,請問您個人每個月用於投資的金額是多少？,1,999 元及以下,
103,ques103.pdf,K1-1,請問您個人每個月用於投資的金額是多少？,2,"1,000-2,999 元",
103,ques103.pdf,K1-1,請問您個人每個月用於投資的金額是多少？,3,"3,000-4,999 元",
103,ques103.pdf,K1-1,請問您個人每個月用於投資的金額是多少？,4,"5,000-6,999 元",
103,ques103.pdf,K1-1,請問您個人每個月用於投資的金額是多少？,5,"7,000-9,999 元",
103,ques103.pdf,K1-1,請問您個人每個月用於投資的金額是多少？,6,"10,000-14,999 元",
103,ques103.pdf,K1-1,請問您個人每個月用於投資的金額是多少？,7,"15,000-19,999 元",
103,ques103.pdf,K1-1,請問您個人每個月用於投資的金額是多少？,8,"20,000-29,999 元",
103,ques103.pdf,K1-1,請問您個人每個月用於投資的金額是多少？,9,"30,000-39,999 元",
103,ques103.pdf,K1-1,請問您個人每個月用於投資的金額是多少？,10,"40,000-49,999 元",
103,ques103.pdf,K1-1,請問您個人每個月用於投資的金額是多少？,11,"50,000-59,999 元",
103,ques103.pdf,K1-1,請問您個人每個月用於投資的金額是多少？,12,"60,000-69,999 元",
103,ques103.pdf,K1-1,請問您個人每個月用於投資的金額是多少？,13,"70,000-79,999 元",
103,ques103.pdf,K1-1,請問您個人每個月用於投資的金額是多少？,14,"80,000-89,999 元",
103,ques103.pdf,K1-1,請問您個人每個月用於投資的金額是多少？,15,"90,000-99,999 元",
103,ques103.pdf,K1-1,請問您個人每個月用於投資的金額是多少？,16,"100,000 元及以上，請記錄_________________元",
103,ques103.pdf,K2,請問您個人每個月可以儲蓄（存錢）的金額是多少？,1,"4,999 元及以下",
103,ques103.pdf,K2,請問您個人每個月可以儲蓄（存錢）的金額是多少？,2,"5,000-9,999 元",
103,ques103.pdf,K2,請問您個人每個月可以儲蓄（存錢）的金額是多少？,3,"10,000-14,999 元",
103,ques103.pdf,K2,請問您個人每個月可以儲蓄（存錢）的金額是多少？,4,"15,000-19,999 元",
103,ques103.pdf,K2,請問您個人每個月可以儲蓄（存錢）的金額是多少？,5,"20,000-29,999 元",
103,ques103.pdf,K2,請問您個人每個月可以儲蓄（存錢）的金額是多少？,6,"30,000-39,999 元",
103,ques103.pdf,K2,請問您個人每個月可以儲蓄（存錢）的金額是多少？,7,"40,000-49,999 元",
103,ques103.pdf,K2,請問您個人每個月可以儲蓄（存錢）的金額是多少？,8,"50,000-59,999 元",
103,ques103.pdf,K2,請問您個人每個月可以儲蓄（存錢）的金額是多少？,9,"60,000-69,999 元",
103,ques103.pdf,K2,請問您個人每個月可以儲蓄（存錢）的金額是多少？,10,"70,000-79,999 元",
103,ques103.pdf,K2,請問您個人每個月可以儲蓄（存錢）的金額是多少？,11,"80,000-89,999 元",
103,ques103.pdf,K2,請問您個人每個月可以儲蓄（存錢）的金額是多少？,12,"90,000-99,999 元",
103,ques103.pdf,K2,請問您個人每個月可以儲蓄（存錢）的金額是多少？,13,"100,000 元及以上，請記錄_________________元",
103,ques103.pdf,K2,請問您個人每個月可以儲蓄（存錢）的金額是多少？,14,沒有儲蓄 附1-8 L 部分：經濟改善狀況,
103,ques103.pdf,L1,請問您或您的家人最需要政府提供什麼幫忙？(單選),1,提供職業訓練、輔導就業或轉業,
103,ques103.pdf,L1,請問您或您的家人最需要政府提供什麼幫忙？(單選),2,提供短期低利貸款來協助自行創業,
103,ques103.pdf,L1,請問您或您的家人最需要政府提供什麼幫忙？(單選),6,其他，請說明____________________,
103,ques103.pdf,L2,請問您知不知道原住民族委員會有「專案貸款」的業務？,1,知道,
103,ques103.pdf,L2,請問您知不知道原住民族委員會有「專案貸款」的業務？,2,不知道跳答L2-3,
103,ques103.pdf,L2-1,請問您個人或您的家人未來有沒有申請「原住民族委員會專案貸款」的需求？,1,有跳答L2-3,
103,ques103.pdf,L2-1,請問您個人或您的家人未來有沒有申請「原住民族委員會專案貸款」的需求？,2,沒有,
103,ques103.pdf,L2-2,請問您或您的家人未來沒有申請「原住民族委員會專案貸款」需求的原因有哪些？(可複選),1,沒有需要跳答M 部分,
103,ques103.pdf,L2-2,請問您或您的家人未來沒有申請「原住民族委員會專案貸款」需求的原因有哪些？(可複選),2,跳答L2-4,
103,ques103.pdf,L2-2,請問您或您的家人未來沒有申請「原住民族委員會專案貸款」需求的原因有哪些？(可複選),3,銀行審查條件太嚴格 跳答 L2-4,
103,ques103.pdf,L2-2,請問您或您的家人未來沒有申請「原住民族委員會專案貸款」需求的原因有哪些？(可複選),4,跳答L2-4,
103,ques103.pdf,L2-2,請問您或您的家人未來沒有申請「原住民族委員會專案貸款」需求的原因有哪些？(可複選),5,過去有信用不良紀錄跳答 L2-4,
103,ques103.pdf,L2-2,請問您或您的家人未來沒有申請「原住民族委員會專案貸款」需求的原因有哪些？(可複選),6,擔心還不出貸款跳答L2-4,
103,ques103.pdf,L2-2,請問您或您的家人未來沒有申請「原住民族委員會專案貸款」需求的原因有哪些？(可複選),7,其他，請說明___________ 跳答 L2-4,
103,ques103.pdf,L2-2,請問您或您的家人未來沒有申請「原住民族委員會專案貸款」需求的原因有哪些？(可複選),8,不知道跳答L2-4,
103,ques103.pdf,L2-3,請問您希望申請「原住民族委員會專案貸款」有哪些項目？(可複選),1,農業生產(農林漁牧業),
103,ques103.pdf,L2-3,請問您希望申請「原住民族委員會專案貸款」有哪些項目？(可複選),2,商業生產(工商、零售、餐飲、民宿、服務業等),
103,ques103.pdf,L2-3,請問您希望申請「原住民族委員會專案貸款」有哪些項目？(可複選),3,購買房屋、土地,
103,ques103.pdf,L2-3,請問您希望申請「原住民族委員會專案貸款」有哪些項目？(可複選),4,房屋修繕,
103,ques103.pdf,L2-3,請問您希望申請「原住民族委員會專案貸款」有哪些項目？(可複選),5,負擔醫療,
103,ques103.pdf,L2-3,請問您希望申請「原住民族委員會專案貸款」有哪些項目？(可複選),6,求學(繳交學雜費、出國留學),
103,ques103.pdf,L2-3,請問您希望申請「原住民族委員會專案貸款」有哪些項目？(可複選),7,購買交通工具(汽、機車等),
103,ques103.pdf,L2-3,請問您希望申請「原住民族委員會專案貸款」有哪些項目？(可複選),8,購買傢俱、家電,
103,ques103.pdf,L2-3,請問您希望申請「原住民族委員會專案貸款」有哪些項目？(可複選),9,還債,
103,ques103.pdf,L2-3,請問您希望申請「原住民族委員會專案貸款」有哪些項目？(可複選),10,繳稅,
103,ques103.pdf,L2-3,請問您希望申請「原住民族委員會專案貸款」有哪些項目？(可複選),11,其他(請說明)__________,
103,ques103.pdf,L2-4,請問您希望從哪裡知道「原住民族專案貸款」的資訊？(可複選),1,電視,
103,ques103.pdf,L2-4,請問您希望從哪裡知道「原住民族專案貸款」的資訊？(可複選),2,報紙,
103,ques103.pdf,L2-4,請問您希望從哪裡知道「原住民族專案貸款」的資訊？(可複選),3,雜誌,
103,ques103.pdf,L2-4,請問您希望從哪裡知道「原住民族專案貸款」的資訊？(可複選),4,廣播,
103,ques103.pdf,L2-4,請問您希望從哪裡知道「原住民族專案貸款」的資訊？(可複選),5,網路,
103,ques103.pdf,L2-4,請問您希望從哪裡知道「原住民族專案貸款」的資訊？(可複選),6,宣傳單,
103,ques103.pdf,L2-4,請問您希望從哪裡知道「原住民族專案貸款」的資訊？(可複選),7,街頭海報,
103,ques103.pdf,L2-4,請問您希望從哪裡知道「原住民族專案貸款」的資訊？(可複選),8,廣告看板(含燈箱),
103,ques103.pdf,L2-4,請問您希望從哪裡知道「原住民族專案貸款」的資訊？(可複選),9,車廂(內)廣告,
103,ques103.pdf,L2-4,請問您希望從哪裡知道「原住民族專案貸款」的資訊？(可複選),10,車體(外)廣告,
103,ques103.pdf,L2-4,請問您希望從哪裡知道「原住民族專案貸款」的資訊？(可複選),12,其他，請說明__________________,
103,ques103.pdf,L2-4,請問您希望從哪裡知道「原住民族專案貸款」的資訊？(可複選),13,不需要 M 部分：數位近用,
103,ques103.pdf,M1,請問您家中現在有哪些可上網設備？,1,桌上型電腦,
103,ques103.pdf,M1,請問您家中現在有哪些可上網設備？,2,筆記型電腦,
103,ques103.pdf,M1,請問您家中現在有哪些可上網設備？,3,平板電腦,
103,ques103.pdf,M1,請問您家中現在有哪些可上網設備？,4,智慧型手機,
103,ques103.pdf,M1,請問您家中現在有哪些可上網設備？,5,其他（請說明）__________________,
103,ques103.pdf,M1,請問您家中現在有哪些可上網設備？,6,都沒有,
103,ques103.pdf,M2,請問您家裏有沒有連上網際網路？,1,有,
103,ques103.pdf,M2,請問您家裏有沒有連上網際網路？,2,沒有,
103,ques103.pdf,M2,請問您家裏有沒有連上網際網路？,98,不知道 附1-9 N 部分：基本資料,
103,ques103.pdf,N1,請問您需不需要負責家計？,1,需要，是主要家計負責人,
103,ques103.pdf,N1,請問您需不需要負責家計？,2,需要，是次要(輔助)家計負責人,
103,ques103.pdf,N1,請問您需不需要負責家計？,3,不需要負責家計,
103,ques103.pdf,N2,請問您所屬的族別？,1,阿美族,
103,ques103.pdf,N2,請問您所屬的族別？,2,泰雅族,
103,ques103.pdf,N2,請問您所屬的族別？,3,排灣族,
103,ques103.pdf,N2,請問您所屬的族別？,4,魯凱族,
103,ques103.pdf,N2,請問您所屬的族別？,5,布農族,
103,ques103.pdf,N2,請問您所屬的族別？,6,賽夏族,
103,ques103.pdf,N2,請問您所屬的族別？,7,雅美族(達悟),
103,ques103.pdf,N2,請問您所屬的族別？,8,卑南族,
103,ques103.pdf,N2,請問您所屬的族別？,9,鄒族,
103,ques103.pdf,N2,請問您所屬的族別？,10,邵族,
103,ques103.pdf,N2,請問您所屬的族別？,11,噶瑪蘭族,
103,ques103.pdf,N2,請問您所屬的族別？,12,太魯閣族,
103,ques103.pdf,N2,請問您所屬的族別？,13,撒奇萊雅族,
103,ques103.pdf,N2,請問您所屬的族別？,14,賽德克族,
103,ques103.pdf,N2,請問您所屬的族別？,15,拉阿魯哇族,
103,ques103.pdf,N2,請問您所屬的族別？,16,卡那卡那富族,
103,ques103.pdf,N2,請問您所屬的族別？,17,其他______,
103,ques103.pdf,N2,請問您所屬的族別？,18,非原住民族,
103,ques103.pdf,N3,請問您今年幾歲？,1,15~19 歲,
103,ques103.pdf,N3,請問您今年幾歲？,2,20~24 歲,
103,ques103.pdf,N3,請問您今年幾歲？,3,25~29 歲,
103,ques103.pdf,N3,請問您今年幾歲？,4,30~34 歲,
103,ques103.pdf,N3,請問您今年幾歲？,5,35~39 歲,
103,ques103.pdf,N3,請問您今年幾歲？,6,40~44 歲,
103,ques103.pdf,N3,請問您今年幾歲？,7,45~49 歲,
103,ques103.pdf,N3,請問您今年幾歲？,8,50~54 歲,
103,ques103.pdf,N3,請問您今年幾歲？,9,55~59 歲,
103,ques103.pdf,N3,請問您今年幾歲？,10,60~64 歲,
103,ques103.pdf,N3,請問您今年幾歲？,11,65 歲以上,
103,ques103.pdf,N4,請問您的教育程度？,1,不識字,
103,ques103.pdf,N4,請問您的教育程度？,2,自修,
103,ques103.pdf,N4,請問您的教育程度？,3,國小,
103,ques103.pdf,N4,請問您的教育程度？,4,國(初)中,
103,ques103.pdf,N4,請問您的教育程度？,5,高中,
103,ques103.pdf,N4,請問您的教育程度？,6,高職(含五專前三年),
103,ques103.pdf,N4,請問您的教育程度？,7,專科,repaired_103_n4_visual_column_omission
103,ques103.pdf,N4,請問您的教育程度？,8,大學,repaired_103_n4_visual_column_omission
103,ques103.pdf,N4,請問您的教育程度？,9,研究所及以上,
103,ques103.pdf,N5,請問您們家是不是符合地方政府列冊登記有案的中低收入戶？,1,是中低收入戶,
103,ques103.pdf,N5,請問您們家是不是符合地方政府列冊登記有案的中低收入戶？,2,不是中低收入戶 ※您的資料僅供原住民族委員會探討經濟狀況使用不做他途※ 附1-10,
