year,source_version,source_pdf,question_id,question_text,option_code,option_text,available_in_91_1,available_in_91_2,integration_note
91,91_1;91_2,ques91-1.pdf;ques91-2.pdf,1,性別,1,男,1,1,shared_in_both_versions
91,91_1;91_2,ques91-1.pdf;ques91-2.pdf,1,性別,2,女,1,1,shared_in_both_versions
91,91_1;91_2,ques91-1.pdf;ques91-2.pdf,2,請問您的年齡,1,15至未滿20歲,1,1,shared_in_both_versions
91,91_1;91_2,ques91-1.pdf;ques91-2.pdf,2,請問您的年齡,2,20至未滿30歲,1,1,shared_in_both_versions
91,91_1;91_2,ques91-1.pdf;ques91-2.pdf,2,請問您的年齡,3,30至未滿40歲,1,1,shared_in_both_versions
91,91_1;91_2,ques91-1.pdf;ques91-2.pdf,2,請問您的年齡,4,40至未滿50歲,1,1,shared_in_both_versions
91,91_1;91_2,ques91-1.pdf;ques91-2.pdf,2,請問您的年齡,5,50至未滿60歲,1,1,shared_in_both_versions
91,91_1;91_2,ques91-1.pdf;ques91-2.pdf,2,請問您的年齡,6,60歲以上,1,1,shared_in_both_versions
91,91_1;91_2,ques91-1.pdf;ques91-2.pdf,3,請問您的教育程度?,1,不識字,1,1,shared_in_both_versions
91,91_1;91_2,ques91-1.pdf;ques91-2.pdf,3,請問您的教育程度?,2,自修,1,1,shared_in_both_versions
91,91_1;91_2,ques91-1.pdf;ques91-2.pdf,3,請問您的教育程度?,3,國小,1,1,shared_in_both_versions
91,91_1;91_2,ques91-1.pdf;ques91-2.pdf,3,請問您的教育程度?,4,國（初）中,1,1,shared_in_both_versions
91,91_1;91_2,ques91-1.pdf;ques91-2.pdf,3,請問您的教育程度?,5,高中,1,1,shared_in_both_versions
91,91_1;91_2,ques91-1.pdf;ques91-2.pdf,3,請問您的教育程度?,6,高職（含五專前三年）,1,1,shared_in_both_versions
91,91_1;91_2,ques91-1.pdf;ques91-2.pdf,3,請問您的教育程度?,7,專科,1,1,shared_in_both_versions
91,91_1;91_2,ques91-1.pdf;ques91-2.pdf,3,請問您的教育程度?,8,大學,1,1,shared_in_both_versions
91,91_1;91_2,ques91-1.pdf;ques91-2.pdf,3,請問您的教育程度?,9,研究所或以上,1,1,shared_in_both_versions
91,91_1;91_2,ques91-1.pdf;ques91-2.pdf,4,請問您所屬的族別?,1,阿美族,1,1,shared_in_both_versions
91,91_1;91_2,ques91-1.pdf;ques91-2.pdf,4,請問您所屬的族別?,10,邵族,1,1,shared_in_both_versions
91,91_2,ques91-1.pdf;ques91-2.pdf,4,請問您所屬的族別?,11,噶瑪蘭族,0,1,version_specific_to_91_2
91,91_1;91_2,ques91-1.pdf;ques91-2.pdf,4,請問您所屬的族別?,2,泰雅族,1,1,shared_in_both_versions
91,91_1;91_2,ques91-1.pdf;ques91-2.pdf,4,請問您所屬的族別?,3,排灣族,1,1,shared_in_both_versions
91,91_1;91_2,ques91-1.pdf;ques91-2.pdf,4,請問您所屬的族別?,4,魯凱族,1,1,shared_in_both_versions
91,91_1;91_2,ques91-1.pdf;ques91-2.pdf,4,請問您所屬的族別?,5,布農族,1,1,shared_in_both_versions
91,91_1;91_2,ques91-1.pdf;ques91-2.pdf,4,請問您所屬的族別?,6,賽夏族,1,1,shared_in_both_versions
91,91_1;91_2,ques91-1.pdf;ques91-2.pdf,4,請問您所屬的族別?,7,雅美族,1,1,shared_in_both_versions
91,91_1;91_2,ques91-1.pdf;ques91-2.pdf,4,請問您所屬的族別?,8,卑南族,1,1,shared_in_both_versions
91,91_1;91_2,ques91-1.pdf;ques91-2.pdf,4,請問您所屬的族別?,9,鄒族,1,1,shared_in_both_versions
91,91_1;91_2,ques91-1.pdf;ques91-2.pdf,5,請問您的婚姻狀況是?,1,未婚,1,1,shared_in_both_versions
91,91_1;91_2,ques91-1.pdf;ques91-2.pdf,5,請問您的婚姻狀況是?,2,有配偶（含與人同居）,1,1,shared_in_both_versions
91,91_1;91_2,ques91-1.pdf;ques91-2.pdf,5,請問您的婚姻狀況是?,3,離婚、分居,1,1,shared_in_both_versions
91,91_1;91_2,ques91-1.pdf;ques91-2.pdf,5,請問您的婚姻狀況是?,4,喪偶,1,1,shared_in_both_versions
91,91_1;91_2,ques91-1.pdf;ques91-2.pdf,6,請問您的配偶是不是原住民?,1,是,1,1,shared_in_both_versions
91,91_1;91_2,ques91-1.pdf;ques91-2.pdf,6,請問您的配偶是不是原住民?,2,不是,1,1,shared_in_both_versions
91,91_1;91_2,ques91-1.pdf;ques91-2.pdf,6-1,請問他(她)所屬的族別?,1,阿美族,1,1,shared_in_both_versions
91,91_1;91_2,ques91-1.pdf;ques91-2.pdf,6-1,請問他(她)所屬的族別?,10,邵族,1,1,shared_in_both_versions
91,91_2,ques91-1.pdf;ques91-2.pdf,6-1,請問他(她)所屬的族別?,11,噶瑪蘭族,0,1,version_specific_to_91_2
91,91_1;91_2,ques91-1.pdf;ques91-2.pdf,6-1,請問他(她)所屬的族別?,2,泰雅族,1,1,shared_in_both_versions
91,91_1;91_2,ques91-1.pdf;ques91-2.pdf,6-1,請問他(她)所屬的族別?,3,排灣族,1,1,shared_in_both_versions
91,91_1;91_2,ques91-1.pdf;ques91-2.pdf,6-1,請問他(她)所屬的族別?,4,魯凱族,1,1,shared_in_both_versions
91,91_1;91_2,ques91-1.pdf;ques91-2.pdf,6-1,請問他(她)所屬的族別?,5,布農族,1,1,shared_in_both_versions
91,91_1;91_2,ques91-1.pdf;ques91-2.pdf,6-1,請問他(她)所屬的族別?,6,賽夏族,1,1,shared_in_both_versions
91,91_1;91_2,ques91-1.pdf;ques91-2.pdf,6-1,請問他(她)所屬的族別?,7,雅美族,1,1,shared_in_both_versions
91,91_1;91_2,ques91-1.pdf;ques91-2.pdf,6-1,請問他(她)所屬的族別?,8,卑南族,1,1,shared_in_both_versions
91,91_1;91_2,ques91-1.pdf;ques91-2.pdf,6-1,請問他(她)所屬的族別?,9,鄒族,1,1,shared_in_both_versions
91,91_1;91_2,ques91-1.pdf;ques91-2.pdf,7,請問目前與您住在一起共同生活的(包括您自己)總共有幾個人?,,,1,1,shared_in_both_versions
91,91_1;91_2,ques91-1.pdf;ques91-2.pdf,8,請問您的職業是什麼?(以9月15日~9月21日為準),1,民意代表、行政主管、企業主管及經理人員,1,1,shared_in_both_versions
91,91_2,ques91-1.pdf;ques91-2.pdf,8,請問您的職業是什麼?(以12月15日~12月21日為準),10,無工作,0,1,version_specific_to_91_2
91,91_1,ques91-1.pdf;ques91-2.pdf,8,請問您的職業是什麼?(以9月15日~9月21日為準),10,無工作、退休,1,0,version_specific_to_91_1
91,91_2,ques91-1.pdf;ques91-2.pdf,8,請問您的職業是什麼?(以12月15日~12月21日為準),11,退休,0,1,version_specific_to_91_2
91,91_2,ques91-1.pdf;ques91-2.pdf,8,請問您的職業是什麼?(以12月15日~12月21日為準),12,家庭管理,0,1,version_specific_to_91_2
91,91_2,ques91-1.pdf;ques91-2.pdf,8,請問您的職業是什麼?(以12月15日~12月21日為準),13,學生,0,1,version_specific_to_91_2
91,91_1;91_2,ques91-1.pdf;ques91-2.pdf,8,請問您的職業是什麼?(以9月15日~9月21日為準),2,專業人員,1,1,shared_in_both_versions
91,91_1;91_2,ques91-1.pdf;ques91-2.pdf,8,請問您的職業是什麼?(以9月15日~9月21日為準),3,技術員及助理專業人員,1,1,shared_in_both_versions
91,91_1;91_2,ques91-1.pdf;ques91-2.pdf,8,請問您的職業是什麼?(以9月15日~9月21日為準),4,事務工作人員,1,1,shared_in_both_versions
91,91_1;91_2,ques91-1.pdf;ques91-2.pdf,8,請問您的職業是什麼?(以9月15日~9月21日為準),5,服務工作人員及售貨員,1,1,shared_in_both_versions
91,91_1;91_2,ques91-1.pdf;ques91-2.pdf,8,請問您的職業是什麼?(以9月15日~9月21日為準),6,農林漁牧工作人員,1,1,shared_in_both_versions
91,91_1;91_2,ques91-1.pdf;ques91-2.pdf,8,請問您的職業是什麼?(以9月15日~9月21日為準),7,技術工及有關工作人員,1,1,shared_in_both_versions
91,91_1;91_2,ques91-1.pdf;ques91-2.pdf,8,請問您的職業是什麼?(以9月15日~9月21日為準),8,機械設備操作工及組裝工,1,1,shared_in_both_versions
91,91_1;91_2,ques91-1.pdf;ques91-2.pdf,8,請問您的職業是什麼?(以9月15日~9月21日為準),9,非技術工及體力工,1,1,shared_in_both_versions
91,91_1;91_2,ques91-1.pdf;ques91-2.pdf,9,請問您的行業是什麼?(以9月15日~9月21日為準),1,農、林、漁、牧業,1,1,shared_in_both_versions
91,91_1;91_2,ques91-1.pdf;ques91-2.pdf,9,請問您的行業是什麼?(以9月15日~9月21日為準),10,不動產及租賃業,1,1,shared_in_both_versions
91,91_1;91_2,ques91-1.pdf;ques91-2.pdf,9,請問您的行業是什麼?(以9月15日~9月21日為準),11,專業、科學及技術服務業,1,1,shared_in_both_versions
91,91_1;91_2,ques91-1.pdf;ques91-2.pdf,9,請問您的行業是什麼?(以9月15日~9月21日為準),12,教育服務業,1,1,shared_in_both_versions
91,91_1;91_2,ques91-1.pdf;ques91-2.pdf,9,請問您的行業是什麼?(以9月15日~9月21日為準),13,醫療保健及社會福利服務業,1,1,shared_in_both_versions
91,91_1;91_2,ques91-1.pdf;ques91-2.pdf,9,請問您的行業是什麼?(以9月15日~9月21日為準),14,文化、運動及休閒服務業,1,1,shared_in_both_versions
91,91_1;91_2,ques91-1.pdf;ques91-2.pdf,9,請問您的行業是什麼?(以9月15日~9月21日為準),15,其他服務業,1,1,shared_in_both_versions
91,91_1;91_2,ques91-1.pdf;ques91-2.pdf,9,請問您的行業是什麼?(以9月15日~9月21日為準),16,公共行政業,1,1,shared_in_both_versions
91,91_1;91_2,ques91-1.pdf;ques91-2.pdf,9,請問您的行業是什麼?(以9月15日~9月21日為準),2,礦業及土石採取業,1,1,shared_in_both_versions
91,91_1;91_2,ques91-1.pdf;ques91-2.pdf,9,請問您的行業是什麼?(以9月15日~9月21日為準),3,製造業,1,1,shared_in_both_versions
91,91_1;91_2,ques91-1.pdf;ques91-2.pdf,9,請問您的行業是什麼?(以9月15日~9月21日為準),4,水電燃氣業,1,1,shared_in_both_versions
91,91_1;91_2,ques91-1.pdf;ques91-2.pdf,9,請問您的行業是什麼?(以9月15日~9月21日為準),5,營造業,1,1,shared_in_both_versions
91,91_1;91_2,ques91-1.pdf;ques91-2.pdf,9,請問您的行業是什麼?(以9月15日~9月21日為準),6,批發及零售業,1,1,shared_in_both_versions
91,91_1;91_2,ques91-1.pdf;ques91-2.pdf,9,請問您的行業是什麼?(以9月15日~9月21日為準),7,住宿及餐飲業,1,1,shared_in_both_versions
91,91_1;91_2,ques91-1.pdf;ques91-2.pdf,9,請問您的行業是什麼?(以9月15日~9月21日為準),8,運輸、倉儲及通信業,1,1,shared_in_both_versions
91,91_1;91_2,ques91-1.pdf;ques91-2.pdf,9,請問您的行業是什麼?(以9月15日~9月21日為準),9,金融及保險業,1,1,shared_in_both_versions
91,91_1;91_2,ques91-1.pdf;ques91-2.pdf,10,請問您主要工作的身分是?,1,雇主,1,1,shared_in_both_versions
91,91_1;91_2,ques91-1.pdf;ques91-2.pdf,10,請問您主要工作的身分是?,2,自營作業者,1,1,shared_in_both_versions
91,91_1;91_2,ques91-1.pdf;ques91-2.pdf,10,請問您主要工作的身分是?,3,受政府僱用者,1,1,shared_in_both_versions
91,91_1;91_2,ques91-1.pdf;ques91-2.pdf,10,請問您主要工作的身分是?,4,受私人僱用者,1,1,shared_in_both_versions
91,91_1;91_2,ques91-1.pdf;ques91-2.pdf,10,請問您主要工作的身分是?,5,無酬家屬工作者,1,1,shared_in_both_versions
91,91_1;91_2,ques91-1.pdf;ques91-2.pdf,11,請問您家中有幾部自用汽車?,,,1,1,shared_in_both_versions
91,91_1;91_2,ques91-1.pdf;ques91-2.pdf,12,請問您家中有幾部自用機車?,,,1,1,shared_in_both_versions
91,91_1;91_2,ques91-1.pdf;ques91-2.pdf,13,請問您家中有幾部冷(暖)氣機?,,,1,1,shared_in_both_versions
91,91_1;91_2,ques91-1.pdf;ques91-2.pdf,14,請問您家中有幾部彩色電視機?,,,1,1,shared_in_both_versions
91,91_1;91_2,ques91-1.pdf;ques91-2.pdf,15,請問您家中有幾部家用電腦?,,,1,1,shared_in_both_versions
91,91_1;91_2,ques91-1.pdf;ques91-2.pdf,16,請問您住宅的建築結構是?,1,鋼筋混凝土造,1,1,shared_in_both_versions
91,91_1;91_2,ques91-1.pdf;ques91-2.pdf,16,請問您住宅的建築結構是?,2,磚造,1,1,shared_in_both_versions
91,91_1;91_2,ques91-1.pdf;ques91-2.pdf,16,請問您住宅的建築結構是?,3,木造,1,1,shared_in_both_versions
91,91_1;91_2,ques91-1.pdf;ques91-2.pdf,16,請問您住宅的建築結構是?,4,石造,1,1,shared_in_both_versions
91,91_1;91_2,ques91-1.pdf;ques91-2.pdf,16,請問您住宅的建築結構是?,5,土造,1,1,shared_in_both_versions
91,91_1;91_2,ques91-1.pdf;ques91-2.pdf,16,請問您住宅的建築結構是?,6,竹（草）造,1,1,shared_in_both_versions
91,91_1,ques91-1.pdf;ques91-2.pdf,16,請問您住宅的建築結構是?,7,其他,1,0,version_specific_to_91_1
91,91_2,ques91-1.pdf;ques91-2.pdf,16,請問您住宅的建築結構是?,7,鐵皮屋,0,1,version_specific_to_91_2
91,91_2,ques91-1.pdf;ques91-2.pdf,16,請問您住宅的建築結構是?,8,其他,0,1,version_specific_to_91_2
91,91_1;91_2,ques91-1.pdf;ques91-2.pdf,17,請問您住宅的面積有多少坪(建坪)?,,,1,1,shared_in_both_versions
91,91_1;91_2,ques91-1.pdf;ques91-2.pdf,18,請問您的住宅是自有、租賃、配住、借用?,1,自有（跳答20題）,1,1,shared_in_both_versions
91,91_1;91_2,ques91-1.pdf;ques91-2.pdf,18,請問您的住宅是自有、租賃、配住、借用?,2,租賃（續答19題）,1,1,shared_in_both_versions
91,91_1;91_2,ques91-1.pdf;ques91-2.pdf,18,請問您的住宅是自有、租賃、配住、借用?,3,配住（續答19題）,1,1,shared_in_both_versions
91,91_1;91_2,ques91-1.pdf;ques91-2.pdf,18,請問您的住宅是自有、租賃、配住、借用?,4,借用（跳答21題）,1,1,shared_in_both_versions
91,91_2,ques91-1.pdf;ques91-2.pdf,18,請問您的住宅是自有、租賃、配住、借用?,5,未經許可自行搭建（跳答21題）,0,1,version_specific_to_91_2
91,91_1;91_2,ques91-1.pdf;ques91-2.pdf,19,請問您每個月的租金是多少?,1,未滿1千元,1,1,shared_in_both_versions
91,91_1;91_2,ques91-1.pdf;ques91-2.pdf,19,請問您每個月的租金是多少?,2,1千元至未滿3千元,1,1,shared_in_both_versions
91,91_1;91_2,ques91-1.pdf;ques91-2.pdf,19,請問您每個月的租金是多少?,3,3千元至未滿5千元,1,1,shared_in_both_versions
91,91_1;91_2,ques91-1.pdf;ques91-2.pdf,19,請問您每個月的租金是多少?,4,5千元至未滿7千元,1,1,shared_in_both_versions
91,91_1;91_2,ques91-1.pdf;ques91-2.pdf,19,請問您每個月的租金是多少?,5,7千元至未滿1萬元,1,1,shared_in_both_versions
91,91_1;91_2,ques91-1.pdf;ques91-2.pdf,19,請問您每個月的租金是多少?,6,1萬元至未滿2萬元,1,1,shared_in_both_versions
91,91_1;91_2,ques91-1.pdf;ques91-2.pdf,19,請問您每個月的租金是多少?,6,2萬元以上（請記錄金額）,1,1,shared_in_both_versions
91,91_1;91_2,ques91-1.pdf;ques91-2.pdf,20,請問您有沒有房屋貸款?,1,有,1,1,shared_in_both_versions
91,91_1;91_2,ques91-1.pdf;ques91-2.pdf,20,請問您有沒有房屋貸款?,2,沒有,1,1,shared_in_both_versions
91,91_1;91_2,ques91-1.pdf;ques91-2.pdf,20-1,請問您每個月房屋貸款本金和利息總共是多少?,1,未滿5千元,1,1,shared_in_both_versions
91,91_1;91_2,ques91-1.pdf;ques91-2.pdf,20-1,請問您每個月房屋貸款本金和利息總共是多少?,10,8萬元至未滿9萬元,1,1,shared_in_both_versions
91,91_1;91_2,ques91-1.pdf;ques91-2.pdf,20-1,請問您每個月房屋貸款本金和利息總共是多少?,11,9萬元至未滿10萬元,1,1,shared_in_both_versions
91,91_1;91_2,ques91-1.pdf;ques91-2.pdf,20-1,請問您每個月房屋貸款本金和利息總共是多少?,12,10萬元以上（請記錄金額）,1,1,shared_in_both_versions
91,91_1;91_2,ques91-1.pdf;ques91-2.pdf,20-1,請問您每個月房屋貸款本金和利息總共是多少?,2,5千元至未滿1萬元,1,1,shared_in_both_versions
91,91_1;91_2,ques91-1.pdf;ques91-2.pdf,20-1,請問您每個月房屋貸款本金和利息總共是多少?,3,1萬元至未滿2萬元,1,1,shared_in_both_versions
91,91_1;91_2,ques91-1.pdf;ques91-2.pdf,20-1,請問您每個月房屋貸款本金和利息總共是多少?,4,2萬元至未滿3萬元,1,1,shared_in_both_versions
91,91_1;91_2,ques91-1.pdf;ques91-2.pdf,20-1,請問您每個月房屋貸款本金和利息總共是多少?,5,3萬元至未滿4萬元,1,1,shared_in_both_versions
91,91_1;91_2,ques91-1.pdf;ques91-2.pdf,20-1,請問您每個月房屋貸款本金和利息總共是多少?,6,4萬元至未滿5萬元,1,1,shared_in_both_versions
91,91_1;91_2,ques91-1.pdf;ques91-2.pdf,20-1,請問您每個月房屋貸款本金和利息總共是多少?,7,5萬元至未滿6萬元,1,1,shared_in_both_versions
91,91_1;91_2,ques91-1.pdf;ques91-2.pdf,20-1,請問您每個月房屋貸款本金和利息總共是多少?,8,6萬元至未滿7萬元,1,1,shared_in_both_versions
91,91_1;91_2,ques91-1.pdf;ques91-2.pdf,20-1,請問您每個月房屋貸款本金和利息總共是多少?,9,7萬元至未滿8萬元,1,1,shared_in_both_versions
91,91_1;91_2,ques91-1.pdf;ques91-2.pdf,21,請問您全家每個月平均總共收入是多少(所有人)?,1,未滿2萬元,1,1,shared_in_both_versions
91,91_1;91_2,ques91-1.pdf;ques91-2.pdf,21,請問您全家每個月平均總共收入是多少(所有人)?,2,2萬元至未滿4萬元,1,1,shared_in_both_versions
91,91_1;91_2,ques91-1.pdf;ques91-2.pdf,21,請問您全家每個月平均總共收入是多少(所有人)?,3,4萬元至未滿6萬元,1,1,shared_in_both_versions
91,91_1;91_2,ques91-1.pdf;ques91-2.pdf,21,請問您全家每個月平均總共收入是多少(所有人)?,4,6萬元至未滿8萬元,1,1,shared_in_both_versions
91,91_1;91_2,ques91-1.pdf;ques91-2.pdf,21,請問您全家每個月平均總共收入是多少(所有人)?,5,8萬元至未滿10萬元,1,1,shared_in_both_versions
91,91_1;91_2,ques91-1.pdf;ques91-2.pdf,21,請問您全家每個月平均總共收入是多少(所有人)?,6,10萬元至未滿12萬元,1,1,shared_in_both_versions
91,91_1;91_2,ques91-1.pdf;ques91-2.pdf,21,請問您全家每個月平均總共收入是多少(所有人)?,7,12萬元至未滿15萬元,1,1,shared_in_both_versions
91,91_1;91_2,ques91-1.pdf;ques91-2.pdf,21,請問您全家每個月平均總共收入是多少(所有人)?,8,15萬元以上（請記錄金額）,1,1,shared_in_both_versions
91,91_1;91_2,ques91-1.pdf;ques91-2.pdf,22-1,請問全家每個月平均收入中，工作收入是多少?,1,未滿2萬元,1,1,shared_in_both_versions
91,91_1;91_2,ques91-1.pdf;ques91-2.pdf,22-1,請問全家每個月平均收入中，工作收入是多少?,2,2萬元至未滿4萬元,1,1,shared_in_both_versions
91,91_1;91_2,ques91-1.pdf;ques91-2.pdf,22-1,請問全家每個月平均收入中，工作收入是多少?,3,4萬元至未滿6萬元,1,1,shared_in_both_versions
91,91_1;91_2,ques91-1.pdf;ques91-2.pdf,22-1,請問全家每個月平均收入中，工作收入是多少?,4,6萬元至未滿8萬元,1,1,shared_in_both_versions
91,91_1;91_2,ques91-1.pdf;ques91-2.pdf,22-1,請問全家每個月平均收入中，工作收入是多少?,5,8萬元至未滿10萬元,1,1,shared_in_both_versions
91,91_1;91_2,ques91-1.pdf;ques91-2.pdf,22-1,請問全家每個月平均收入中，工作收入是多少?,6,10萬元至未滿12萬元,1,1,shared_in_both_versions
91,91_1;91_2,ques91-1.pdf;ques91-2.pdf,22-1,請問全家每個月平均收入中，工作收入是多少?,7,12萬元至未滿15萬元,1,1,shared_in_both_versions
91,91_1;91_2,ques91-1.pdf;ques91-2.pdf,22-1,請問全家每個月平均收入中，工作收入是多少?,8,15萬元以上（請記錄金額）,1,1,shared_in_both_versions
91,91_1;91_2,ques91-1.pdf;ques91-2.pdf,22-2,請問全家每個月平均收入中，政府補助及津貼收入是多少?,1,"未滿2,000元",1,1,shared_in_both_versions
91,91_1;91_2,ques91-1.pdf;ques91-2.pdf,22-2,請問全家每個月平均收入中，政府補助及津貼收入是多少?,2,"2,000元至未滿4,000元",1,1,shared_in_both_versions
91,91_1;91_2,ques91-1.pdf;ques91-2.pdf,22-2,請問全家每個月平均收入中，政府補助及津貼收入是多少?,3,"4,000元至未滿6,000元",1,1,shared_in_both_versions
91,91_1;91_2,ques91-1.pdf;ques91-2.pdf,22-2,請問全家每個月平均收入中，政府補助及津貼收入是多少?,4,"6,000元至未滿1萬元",1,1,shared_in_both_versions
91,91_1;91_2,ques91-1.pdf;ques91-2.pdf,22-2,請問全家每個月平均收入中，政府補助及津貼收入是多少?,5,"1萬元至未滿1萬5,000元",1,1,shared_in_both_versions
91,91_1;91_2,ques91-1.pdf;ques91-2.pdf,22-2,請問全家每個月平均收入中，政府補助及津貼收入是多少?,6,"1萬5,000元至未滿2萬元",1,1,shared_in_both_versions
91,91_1;91_2,ques91-1.pdf;ques91-2.pdf,22-2,請問全家每個月平均收入中，政府補助及津貼收入是多少?,7,2萬元至未滿3萬元,1,1,shared_in_both_versions
91,91_1;91_2,ques91-1.pdf;ques91-2.pdf,22-2,請問全家每個月平均收入中，政府補助及津貼收入是多少?,8,3萬元以上（請記錄金額）,1,1,shared_in_both_versions
91,91_1;91_2,ques91-1.pdf;ques91-2.pdf,22-2,請問全家每個月平均收入中，政府補助及津貼收入是多少?,9,沒有這項收入,1,1,shared_in_both_versions
91,91_1;91_2,ques91-1.pdf;ques91-2.pdf,22-3,請問全家每個月平均收入中，其他收入是多少?(利息、租金、民間團體補助、退休俸、兒,1,"未滿5,000元",1,1,shared_in_both_versions
91,91_1;91_2,ques91-1.pdf;ques91-2.pdf,22-3,請問全家每個月平均收入中，其他收入是多少?(利息、租金、民間團體補助、退休俸、兒,2,"5,000元至未滿1萬元",1,1,shared_in_both_versions
91,91_1;91_2,ques91-1.pdf;ques91-2.pdf,22-3,請問全家每個月平均收入中，其他收入是多少?(利息、租金、民間團體補助、退休俸、兒,3,1萬元至未滿2萬元,1,1,shared_in_both_versions
91,91_1;91_2,ques91-1.pdf;ques91-2.pdf,22-3,請問全家每個月平均收入中，其他收入是多少?(利息、租金、民間團體補助、退休俸、兒,4,2萬元至未滿3萬元,1,1,shared_in_both_versions
91,91_1;91_2,ques91-1.pdf;ques91-2.pdf,22-3,請問全家每個月平均收入中，其他收入是多少?(利息、租金、民間團體補助、退休俸、兒,5,3萬元至未滿4萬元,1,1,shared_in_both_versions
91,91_1;91_2,ques91-1.pdf;ques91-2.pdf,22-3,請問全家每個月平均收入中，其他收入是多少?(利息、租金、民間團體補助、退休俸、兒,6,4萬元至未滿5萬元,1,1,shared_in_both_versions
91,91_1;91_2,ques91-1.pdf;ques91-2.pdf,22-3,請問全家每個月平均收入中，其他收入是多少?(利息、租金、民間團體補助、退休俸、兒,7,5萬元至未滿6萬元,1,1,shared_in_both_versions
91,91_1;91_2,ques91-1.pdf;ques91-2.pdf,22-3,請問全家每個月平均收入中，其他收入是多少?(利息、租金、民間團體補助、退休俸、兒,8,6萬元以上（請記錄金額）,1,1,shared_in_both_versions
91,91_1;91_2,ques91-1.pdf;ques91-2.pdf,22-3,請問全家每個月平均收入中，其他收入是多少?(利息、租金、民間團體補助、退休俸、兒,9,沒有其他收入,1,1,shared_in_both_versions
91,91_1;91_2,ques91-1.pdf;ques91-2.pdf,23,請問您每個月家庭平均支出是多少?,1,未滿2萬元,1,1,shared_in_both_versions
91,91_1;91_2,ques91-1.pdf;ques91-2.pdf,23,請問您每個月家庭平均支出是多少?,2,2萬元至未滿3萬元,1,1,shared_in_both_versions
91,91_1;91_2,ques91-1.pdf;ques91-2.pdf,23,請問您每個月家庭平均支出是多少?,3,3萬元至未滿4萬元,1,1,shared_in_both_versions
91,91_1;91_2,ques91-1.pdf;ques91-2.pdf,23,請問您每個月家庭平均支出是多少?,4,4萬元至未滿5萬元,1,1,shared_in_both_versions
91,91_1;91_2,ques91-1.pdf;ques91-2.pdf,23,請問您每個月家庭平均支出是多少?,5,5萬元至未滿6萬元,1,1,shared_in_both_versions
91,91_1;91_2,ques91-1.pdf;ques91-2.pdf,23,請問您每個月家庭平均支出是多少?,6,6萬元至未滿7萬元,1,1,shared_in_both_versions
91,91_1;91_2,ques91-1.pdf;ques91-2.pdf,23,請問您每個月家庭平均支出是多少?,7,7萬元至未滿8萬元,1,1,shared_in_both_versions
91,91_1;91_2,ques91-1.pdf;ques91-2.pdf,23,請問您每個月家庭平均支出是多少?,8,8萬元以上（請記錄金額）,1,1,shared_in_both_versions
91,91_1;91_2,ques91-1.pdf;ques91-2.pdf,23-1,請問每個月家庭平均支出中，食品消費是多少?(日常生活吃的部分，但不包含酒、菸、檳,1,"未滿3,000元",1,1,shared_in_both_versions
91,91_1;91_2,ques91-1.pdf;ques91-2.pdf,23-1,請問每個月家庭平均支出中，食品消費是多少?(日常生活吃的部分，但不包含酒、菸、檳,2,"3,000元至未滿5,000元",1,1,shared_in_both_versions
91,91_1;91_2,ques91-1.pdf;ques91-2.pdf,23-1,請問每個月家庭平均支出中，食品消費是多少?(日常生活吃的部分，但不包含酒、菸、檳,3,"5,000元至未滿1萬元",1,1,shared_in_both_versions
91,91_1;91_2,ques91-1.pdf;ques91-2.pdf,23-1,請問每個月家庭平均支出中，食品消費是多少?(日常生活吃的部分，但不包含酒、菸、檳,4,1萬元至未滿2萬元,1,1,shared_in_both_versions
91,91_1;91_2,ques91-1.pdf;ques91-2.pdf,23-1,請問每個月家庭平均支出中，食品消費是多少?(日常生活吃的部分，但不包含酒、菸、檳,5,2萬元至未滿3萬元,1,1,shared_in_both_versions
91,91_1;91_2,ques91-1.pdf;ques91-2.pdf,23-1,請問每個月家庭平均支出中，食品消費是多少?(日常生活吃的部分，但不包含酒、菸、檳,6,3萬元至未滿4萬元,1,1,shared_in_both_versions
91,91_1;91_2,ques91-1.pdf;ques91-2.pdf,23-1,請問每個月家庭平均支出中，食品消費是多少?(日常生活吃的部分，但不包含酒、菸、檳,7,4萬元至未滿5萬元,1,1,shared_in_both_versions
91,91_1;91_2,ques91-1.pdf;ques91-2.pdf,23-1,請問每個月家庭平均支出中，食品消費是多少?(日常生活吃的部分，但不包含酒、菸、檳,8,5萬元以上（請記錄金額）,1,1,shared_in_both_versions
91,91_1;91_2,ques91-1.pdf;ques91-2.pdf,23-2,請問每個月家庭平均支出中，酒、菸、檳榔等消費是多少?,1,"未滿1,000元",1,1,shared_in_both_versions
91,91_1;91_2,ques91-1.pdf;ques91-2.pdf,23-2,請問每個月家庭平均支出中，酒、菸、檳榔等消費是多少?,2,"1,000元至未滿3,000元",1,1,shared_in_both_versions
91,91_1;91_2,ques91-1.pdf;ques91-2.pdf,23-2,請問每個月家庭平均支出中，酒、菸、檳榔等消費是多少?,3,"3,000元至未滿5,000元",1,1,shared_in_both_versions
91,91_1;91_2,ques91-1.pdf;ques91-2.pdf,23-2,請問每個月家庭平均支出中，酒、菸、檳榔等消費是多少?,4,"5,000元至未滿7,000元",1,1,shared_in_both_versions
91,91_1;91_2,ques91-1.pdf;ques91-2.pdf,23-2,請問每個月家庭平均支出中，酒、菸、檳榔等消費是多少?,5,"7,000元至未滿1萬元",1,1,shared_in_both_versions
91,91_1;91_2,ques91-1.pdf;ques91-2.pdf,23-2,請問每個月家庭平均支出中，酒、菸、檳榔等消費是多少?,6,1萬元以上（請記錄金額）,1,1,shared_in_both_versions
91,91_1;91_2,ques91-1.pdf;ques91-2.pdf,23-2,請問每個月家庭平均支出中，酒、菸、檳榔等消費是多少?,7,無,1,1,shared_in_both_versions
91,91_1;91_2,ques91-1.pdf;ques91-2.pdf,23-3,請問每個月家庭平均支出中，醫療保健費用是多少?(包括看病的掛號費或藥費及個人買的,1,"未滿1,000元",1,1,shared_in_both_versions
91,91_1;91_2,ques91-1.pdf;ques91-2.pdf,23-3,請問每個月家庭平均支出中，醫療保健費用是多少?(包括看病的掛號費或藥費及個人買的,2,"1,000元至未滿3,000元",1,1,shared_in_both_versions
91,91_1;91_2,ques91-1.pdf;ques91-2.pdf,23-3,請問每個月家庭平均支出中，醫療保健費用是多少?(包括看病的掛號費或藥費及個人買的,3,"3,000元至未滿5,000元",1,1,shared_in_both_versions
91,91_1;91_2,ques91-1.pdf;ques91-2.pdf,23-3,請問每個月家庭平均支出中，醫療保健費用是多少?(包括看病的掛號費或藥費及個人買的,4,"5,000元至未滿7,000元",1,1,shared_in_both_versions
91,91_1;91_2,ques91-1.pdf;ques91-2.pdf,23-3,請問每個月家庭平均支出中，醫療保健費用是多少?(包括看病的掛號費或藥費及個人買的,5,"7,000元至未滿1萬元",1,1,shared_in_both_versions
91,91_1;91_2,ques91-1.pdf;ques91-2.pdf,23-3,請問每個月家庭平均支出中，醫療保健費用是多少?(包括看病的掛號費或藥費及個人買的,6,1萬元以上（請記錄金額）,1,1,shared_in_both_versions
91,91_1;91_2,ques91-1.pdf;ques91-2.pdf,23-3,請問每個月家庭平均支出中，醫療保健費用是多少?(包括看病的掛號費或藥費及個人買的,7,無,1,1,shared_in_both_versions
91,91_1;91_2,ques91-1.pdf;ques91-2.pdf,23-4,請問每個月家庭平均支出中，運輸交通與通訊花費是多少?(油錢、電話費、公車費、汽機,1,"未滿1,000元",1,1,shared_in_both_versions
91,91_1;91_2,ques91-1.pdf;ques91-2.pdf,23-4,請問每個月家庭平均支出中，運輸交通與通訊花費是多少?(油錢、電話費、公車費、汽機,2,"1,000元至未滿3,000元",1,1,shared_in_both_versions
91,91_1;91_2,ques91-1.pdf;ques91-2.pdf,23-4,請問每個月家庭平均支出中，運輸交通與通訊花費是多少?(油錢、電話費、公車費、汽機,3,"3,000元至未滿5,000元",1,1,shared_in_both_versions
91,91_1;91_2,ques91-1.pdf;ques91-2.pdf,23-4,請問每個月家庭平均支出中，運輸交通與通訊花費是多少?(油錢、電話費、公車費、汽機,4,"5,000元至未滿7,000元",1,1,shared_in_both_versions
91,91_1;91_2,ques91-1.pdf;ques91-2.pdf,23-4,請問每個月家庭平均支出中，運輸交通與通訊花費是多少?(油錢、電話費、公車費、汽機,5,"7,000元至未滿1萬元",1,1,shared_in_both_versions
91,91_1;91_2,ques91-1.pdf;ques91-2.pdf,23-4,請問每個月家庭平均支出中，運輸交通與通訊花費是多少?(油錢、電話費、公車費、汽機,6,1萬元以上（請記錄金額）,1,1,shared_in_both_versions
91,91_1;91_2,ques91-1.pdf;ques91-2.pdf,23-4,請問每個月家庭平均支出中，運輸交通與通訊花費是多少?(油錢、電話費、公車費、汽機,7,無,1,1,shared_in_both_versions
91,91_2,ques91-2.pdf,23-5,請問每個月家庭平均支出中，教育書報雜誌文具花費多少?,1,"未滿1,000元",0,1,version_specific_to_91_2
91,91_2,ques91-2.pdf,23-5,請問每個月家庭平均支出中，教育書報雜誌文具花費多少?,2,"1,000元至未滿3,000元",0,1,version_specific_to_91_2
91,91_2,ques91-2.pdf,23-5,請問每個月家庭平均支出中，教育書報雜誌文具花費多少?,3,"3,000元至未滿5,000元",0,1,version_specific_to_91_2
91,91_2,ques91-2.pdf,23-5,請問每個月家庭平均支出中，教育書報雜誌文具花費多少?,4,"5,000元至未滿7,000元",0,1,version_specific_to_91_2
91,91_2,ques91-2.pdf,23-5,請問每個月家庭平均支出中，教育書報雜誌文具花費多少?,5,"7,000元至未滿1萬元",0,1,version_specific_to_91_2
91,91_2,ques91-2.pdf,23-5,請問每個月家庭平均支出中，教育書報雜誌文具花費多少?,6,1萬元以上（請記錄金額）,0,1,version_specific_to_91_2
91,91_2,ques91-2.pdf,23-5,請問每個月家庭平均支出中，教育書報雜誌文具花費多少?,7,無,0,1,version_specific_to_91_2
91,91_2,ques91-2.pdf,23-6,請問每個月家庭平均支出中，旅遊娛樂消遣支出是多少?,1,"未滿1,000元",0,1,version_specific_to_91_2
91,91_2,ques91-2.pdf,23-6,請問每個月家庭平均支出中，旅遊娛樂消遣支出是多少?,2,"1,000元至未滿3,000元",0,1,version_specific_to_91_2
91,91_2,ques91-2.pdf,23-6,請問每個月家庭平均支出中，旅遊娛樂消遣支出是多少?,3,"3,000元至未滿5,000元",0,1,version_specific_to_91_2
91,91_2,ques91-2.pdf,23-6,請問每個月家庭平均支出中，旅遊娛樂消遣支出是多少?,4,"5,000元至未滿7,000元",0,1,version_specific_to_91_2
91,91_2,ques91-2.pdf,23-6,請問每個月家庭平均支出中，旅遊娛樂消遣支出是多少?,5,"7,000元至未滿1萬元",0,1,version_specific_to_91_2
91,91_2,ques91-2.pdf,23-6,請問每個月家庭平均支出中，旅遊娛樂消遣支出是多少?,6,1萬元以上（請記錄金額）,0,1,version_specific_to_91_2
91,91_2,ques91-2.pdf,23-6,請問每個月家庭平均支出中，旅遊娛樂消遣支出是多少?,7,無,0,1,version_specific_to_91_2
91,91_1;91_2,ques91-1.pdf;ques91-2.pdf,24,請問您的配偶有沒有在工作?,1,有,1,1,shared_in_both_versions
91,91_1;91_2,ques91-1.pdf;ques91-2.pdf,24,請問您的配偶有沒有在工作?,2,沒有,1,1,shared_in_both_versions
91,91_1;91_2,ques91-1.pdf;ques91-2.pdf,25,為了改善您的經濟狀況，請問您希不希望您的配偶也外出工作?,1,希望,1,1,shared_in_both_versions
91,91_1;91_2,ques91-1.pdf;ques91-2.pdf,25,為了改善您的經濟狀況，請問您希不希望您的配偶也外出工作?,2,不希望,1,1,shared_in_both_versions
91,91_1;91_2,ques91-1.pdf;ques91-2.pdf,25-1,請問您為什麼不希望您的配偶外出工作?,1,無法找到工作,1,1,shared_in_both_versions
91,91_1;91_2,ques91-1.pdf;ques91-2.pdf,25-1,請問您為什麼不希望您的配偶外出工作?,2,小孩無人照顧,1,1,shared_in_both_versions
91,91_1;91_2,ques91-1.pdf;ques91-2.pdf,25-1,請問您為什麼不希望您的配偶外出工作?,3,需要照顧其他家人或料理家事,1,1,shared_in_both_versions
91,91_1;91_2,ques91-1.pdf;ques91-2.pdf,25-1,請問您為什麼不希望您的配偶外出工作?,4,改善經濟是我的責任,1,1,shared_in_both_versions
91,91_1;91_2,ques91-1.pdf;ques91-2.pdf,25-1,請問您為什麼不希望您的配偶外出工作?,5,其他，請說明,1,1,shared_in_both_versions
91,91_1;91_2,ques91-1.pdf;ques91-2.pdf,26,為了改善您的經濟狀況，請問您或您的家人需不需要政府幫忙?,1,需要,1,1,shared_in_both_versions
91,91_1;91_2,ques91-1.pdf;ques91-2.pdf,26,為了改善您的經濟狀況，請問您或您的家人需不需要政府幫忙?,2,不需要,1,1,shared_in_both_versions
91,91_1;91_2,ques91-1.pdf;ques91-2.pdf,26-1,您或您的家人最需要政府幫忙的事項是：,1,提供職業訓練、輔導就業或轉業,1,1,shared_in_both_versions
91,91_1;91_2,ques91-1.pdf;ques91-2.pdf,26-1,您或您的家人最需要政府幫忙的事項是：,2,提供短期低利貸款來協助自行創業,1,1,shared_in_both_versions
91,91_1;91_2,ques91-1.pdf;ques91-2.pdf,26-1,您或您的家人最需要政府幫忙的事項是：,3,提供長期低利貸款來協助購屋或換屋,1,1,shared_in_both_versions
91,91_1;91_2,ques91-1.pdf;ques91-2.pdf,26-1,您或您的家人最需要政府幫忙的事項是：,4,其他，請說明,1,1,shared_in_both_versions
91,91_1;91_2,ques91-1.pdf;ques91-2.pdf,27,假如為了改善原住民經濟狀況，政府提供一筆15年年利率固定3%的低利貸款，前三年僅繳利,1,會,1,1,shared_in_both_versions
91,91_1;91_2,ques91-1.pdf;ques91-2.pdf,27,假如為了改善原住民經濟狀況，政府提供一筆15年年利率固定3%的低利貸款，前三年僅繳利,2,不會,1,1,shared_in_both_versions
91,91_1;91_2,ques91-1.pdf;ques91-2.pdf,27-1,請問您會貸多少款項?(萬元),,,1,1,shared_in_both_versions
91,91_1;91_2,ques91-1.pdf;ques91-2.pdf,27-2,請問您不會申請貸款的原因?,1,沒有能力繳納利息,1,1,shared_in_both_versions
91,91_1;91_2,ques91-1.pdf;ques91-2.pdf,27-2,請問您不會申請貸款的原因?,2,沒有需要,1,1,shared_in_both_versions
91,91_1;91_2,ques91-1.pdf;ques91-2.pdf,27-2,請問您不會申請貸款的原因?,3,不知道作什麼用,1,1,shared_in_both_versions
91,91_1;91_2,ques91-1.pdf;ques91-2.pdf,27-2,請問您不會申請貸款的原因?,4,找不到擔保品或擔保人,1,1,shared_in_both_versions
91,91_1;91_2,ques91-1.pdf;ques91-2.pdf,27-2,請問您不會申請貸款的原因?,5,其他，請說明,1,1,shared_in_both_versions
91,91_1;91_2,ques91-1.pdf;ques91-2.pdf,b01,訪員編號,,,1,1,shared_in_both_versions
91,91_1;91_2,ques91-1.pdf;ques91-2.pdf,county,縣市鄉鎮市區,,,1,1,shared_in_both_versions
91,91_1;91_2,ques91-1.pdf;ques91-2.pdf,level,行政區域分層,,,1,1,shared_in_both_versions
91,91_1;91_2,ques91-1.pdf;ques91-2.pdf,q28,受訪身分,,,1,1,shared_in_both_versions
91,91_2,ques91-2.pdf,w,樣本權數,,,0,1,version_specific_to_91_2
91,91_2,ques91-2.pdf,w_b,母體權數,,,0,1,version_specific_to_91_2
91,91_1,ques91-1.pdf,w_c,母體權數,,,1,0,version_specific_to_91_1
91,91_1,ques91-1.pdf,w_d,樣本權數,,,1,0,version_specific_to_91_1
