source_file,concept_id,category,integrated_var,concept,mapping_type,data_year,option_year,raw_var,matched_question_id,raw_option_order,raw_option_code,raw_option_text,unified_code,unified_label,mapping_rule,question_text,option_source_file,concept_note,row_note
01-01-make-city-data.R,DEM001,基本資料,MALE,性別/戶長性別/經濟戶長性別,coarse_comparable,2002,91_1,q1,1,1,1,男,1,男性,男/男性 -> 1,性別,question_options_91_1.csv,91/95 為受訪者性別；99 sex；103 gender=戶長性別；106/110 是經濟戶長性別，母體對象略有差異。,
01-01-make-city-data.R,DEM001,基本資料,MALE,性別/戶長性別/經濟戶長性別,coarse_comparable,2002,91_1,q1,1,2,2,女,0,女性,女/女性 -> 0，沿用 01-01 R 的 MALE 編碼,性別,question_options_91_1.csv,91/95 為受訪者性別；99 sex；103 gender=戶長性別；106/110 是經濟戶長性別，母體對象略有差異。,
01-01-make-city-data.R,DEM001,基本資料,MALE,性別/戶長性別/經濟戶長性別,coarse_comparable,2002,91_2,q1,1,1,1,男,1,男性,男/男性 -> 1,性別,question_options_91_2.csv,91/95 為受訪者性別；99 sex；103 gender=戶長性別；106/110 是經濟戶長性別，母體對象略有差異。,
01-01-make-city-data.R,DEM001,基本資料,MALE,性別/戶長性別/經濟戶長性別,coarse_comparable,2002,91_2,q1,1,2,2,女,0,女性,女/女性 -> 0，沿用 01-01 R 的 MALE 編碼,性別,question_options_91_2.csv,91/95 為受訪者性別；99 sex；103 gender=戶長性別；106/110 是經濟戶長性別，母體對象略有差異。,
01-01-make-city-data.R,DEM001,基本資料,MALE,性別/戶長性別/經濟戶長性別,coarse_comparable,2006,95,c10,C10,1,1,男性,1,男性,男/男性 -> 1,性別,question_options_95.csv,91/95 為受訪者性別；99 sex；103 gender=戶長性別；106/110 是經濟戶長性別，母體對象略有差異。,
01-01-make-city-data.R,DEM001,基本資料,MALE,性別/戶長性別/經濟戶長性別,coarse_comparable,2006,95,c10,C10,2,2,女性 謝謝您接受我們的訪問，祝您有愉快的ㄧ天！ 14,0,女性,女/女性 -> 0，沿用 01-01 R 的 MALE 編碼,性別,question_options_95.csv,91/95 為受訪者性別；99 sex；103 gender=戶長性別；106/110 是經濟戶長性別，母體對象略有差異。,
01-01-make-city-data.R,DEM001,基本資料,MALE,性別/戶長性別/經濟戶長性別,coarse_comparable,2010,99,sex,SEX,1,1,男性,1,男性,男/男性 -> 1,性別/戶長性別/經濟戶長性別,manual補列,91/95 為受訪者性別；99 sex；103 gender=戶長性別；106/110 是經濟戶長性別，母體對象略有差異。,question_options 缺 sex 題選項；依 01-01 R 轉碼與前後年度補列
01-01-make-city-data.R,DEM001,基本資料,MALE,性別/戶長性別/經濟戶長性別,coarse_comparable,2010,99,sex,SEX,2,2,女性,0,女性,女/女性 -> 0，沿用 01-01 R 的 MALE 編碼,性別/戶長性別/經濟戶長性別,manual補列,91/95 為受訪者性別；99 sex；103 gender=戶長性別；106/110 是經濟戶長性別，母體對象略有差異。,question_options 缺 sex 題選項；依 01-01 R 轉碼與前後年度補列
01-01-make-city-data.R,DEM001,基本資料,MALE,性別/戶長性別/經濟戶長性別,coarse_comparable,2014,103,gender,GENDER,1,1,男性,1,男性,男/男性 -> 1,性別/戶長性別/經濟戶長性別,manual補列,91/95 為受訪者性別；99 sex；103 gender=戶長性別；106/110 是經濟戶長性別，母體對象略有差異。,question_options 缺 gender 題選項；依 01-01 R 轉碼與前後年度補列
01-01-make-city-data.R,DEM001,基本資料,MALE,性別/戶長性別/經濟戶長性別,coarse_comparable,2014,103,gender,GENDER,2,2,女性,0,女性,女/女性 -> 0，沿用 01-01 R 的 MALE 編碼,性別/戶長性別/經濟戶長性別,manual補列,91/95 為受訪者性別；99 sex；103 gender=戶長性別；106/110 是經濟戶長性別，母體對象略有差異。,question_options 缺 gender 題選項；依 01-01 R 轉碼與前後年度補列
01-01-make-city-data.R,DEM001,基本資料,MALE,性別/戶長性別/經濟戶長性別,coarse_comparable,2017,106,g1,G1,1,1,男性,1,男性,男/男性 -> 1,經濟戶長性別？□(1)男性 □(2)女性,question_options_106.csv,91/95 為受訪者性別；99 sex；103 gender=戶長性別；106/110 是經濟戶長性別，母體對象略有差異。,
01-01-make-city-data.R,DEM001,基本資料,MALE,性別/戶長性別/經濟戶長性別,coarse_comparable,2017,106,g1,G1,2,2,女性,0,女性,女/女性 -> 0，沿用 01-01 R 的 MALE 編碼,經濟戶長性別？□(1)男性 □(2)女性,question_options_106.csv,91/95 為受訪者性別；99 sex；103 gender=戶長性別；106/110 是經濟戶長性別，母體對象略有差異。,
01-01-make-city-data.R,DEM001,基本資料,MALE,性別/戶長性別/經濟戶長性別,coarse_comparable,2021,110,b1,B1,1,1,男性,1,男性,男/男性 -> 1,經濟戶長性別？□(1)男性 □(2)女性,question_options_110.csv,91/95 為受訪者性別；99 sex；103 gender=戶長性別；106/110 是經濟戶長性別，母體對象略有差異。,
01-01-make-city-data.R,DEM001,基本資料,MALE,性別/戶長性別/經濟戶長性別,coarse_comparable,2021,110,b1,B1,2,2,女性,0,女性,女/女性 -> 0，沿用 01-01 R 的 MALE 編碼,經濟戶長性別？□(1)男性 □(2)女性,question_options_110.csv,91/95 為受訪者性別；99 sex；103 gender=戶長性別；106/110 是經濟戶長性別，母體對象略有差異。,
01-01-make-city-data.R,DEM002,基本資料,AGE,年齡/經濟戶長年齡,coarse_comparable,2002,91_1,q2,2,1,1,15至未滿20歲,1,15-19歲,所有年度可比年齡組,請問您的年齡（若不知道，問幾年幾月生）,question_options_91_1.csv,91/95/99/103 問「您」；106/110 問經濟戶長。,
01-01-make-city-data.R,DEM002,基本資料,AGE,年齡/經濟戶長年齡,coarse_comparable,2002,91_1,q2,2,2,2,20至未滿30歲,2,20-29歲,所有年度可比年齡組,請問您的年齡（若不知道，問幾年幾月生）,question_options_91_1.csv,91/95/99/103 問「您」；106/110 問經濟戶長。,
01-01-make-city-data.R,DEM002,基本資料,AGE,年齡/經濟戶長年齡,coarse_comparable,2002,91_1,q2,2,3,3,30至未滿40歲,3,30-39歲,所有年度可比年齡組,請問您的年齡（若不知道，問幾年幾月生）,question_options_91_1.csv,91/95/99/103 問「您」；106/110 問經濟戶長。,
01-01-make-city-data.R,DEM002,基本資料,AGE,年齡/經濟戶長年齡,coarse_comparable,2002,91_1,q2,2,4,4,40至未滿50歲,4,40-49歲,所有年度可比年齡組,請問您的年齡（若不知道，問幾年幾月生）,question_options_91_1.csv,91/95/99/103 問「您」；106/110 問經濟戶長。,
01-01-make-city-data.R,DEM002,基本資料,AGE,年齡/經濟戶長年齡,coarse_comparable,2002,91_1,q2,2,5,5,50至未滿60歲,5,50-59歲,所有年度可比年齡組,請問您的年齡（若不知道，問幾年幾月生）,question_options_91_1.csv,91/95/99/103 問「您」；106/110 問經濟戶長。,
01-01-make-city-data.R,DEM002,基本資料,AGE,年齡/經濟戶長年齡,coarse_comparable,2002,91_1,q2,2,6,6,60歲以上,6,60歲以上,後期 60-64/65-69/70+ 合併以對齊早期 60+,請問您的年齡（若不知道，問幾年幾月生）,question_options_91_1.csv,91/95/99/103 問「您」；106/110 問經濟戶長。,
01-01-make-city-data.R,DEM002,基本資料,AGE,年齡/經濟戶長年齡,coarse_comparable,2002,91_2,q2,2,1,1,15至未滿20歲,1,15-19歲,所有年度可比年齡組,請問您的年齡（若不知道，問幾年幾月生）,question_options_91_2.csv,91/95/99/103 問「您」；106/110 問經濟戶長。,
01-01-make-city-data.R,DEM002,基本資料,AGE,年齡/經濟戶長年齡,coarse_comparable,2002,91_2,q2,2,2,2,20至未滿30歲,2,20-29歲,所有年度可比年齡組,請問您的年齡（若不知道，問幾年幾月生）,question_options_91_2.csv,91/95/99/103 問「您」；106/110 問經濟戶長。,
01-01-make-city-data.R,DEM002,基本資料,AGE,年齡/經濟戶長年齡,coarse_comparable,2002,91_2,q2,2,3,3,30至未滿40歲,3,30-39歲,所有年度可比年齡組,請問您的年齡（若不知道，問幾年幾月生）,question_options_91_2.csv,91/95/99/103 問「您」；106/110 問經濟戶長。,
01-01-make-city-data.R,DEM002,基本資料,AGE,年齡/經濟戶長年齡,coarse_comparable,2002,91_2,q2,2,4,4,40至未滿50歲,4,40-49歲,所有年度可比年齡組,請問您的年齡（若不知道，問幾年幾月生）,question_options_91_2.csv,91/95/99/103 問「您」；106/110 問經濟戶長。,
01-01-make-city-data.R,DEM002,基本資料,AGE,年齡/經濟戶長年齡,coarse_comparable,2002,91_2,q2,2,5,5,50至未滿60歲,5,50-59歲,所有年度可比年齡組,請問您的年齡（若不知道，問幾年幾月生）,question_options_91_2.csv,91/95/99/103 問「您」；106/110 問經濟戶長。,
01-01-make-city-data.R,DEM002,基本資料,AGE,年齡/經濟戶長年齡,coarse_comparable,2002,91_2,q2,2,6,6,60歲以上,6,60歲以上,後期 60-64/65-69/70+ 合併以對齊早期 60+,請問您的年齡（若不知道，問幾年幾月生）,question_options_91_2.csv,91/95/99/103 問「您」；106/110 問經濟戶長。,
01-01-make-city-data.R,DEM002,基本資料,AGE,年齡/經濟戶長年齡,coarse_comparable,2006,95,c2,C2,1,1,15~19歲,1,15-19歲,所有年度可比年齡組,請問您今年幾歲？（若不知道，問幾年幾月生）,question_options_95.csv,91/95/99/103 問「您」；106/110 問經濟戶長。,
01-01-make-city-data.R,DEM002,基本資料,AGE,年齡/經濟戶長年齡,coarse_comparable,2006,95,c2,C2,2,2,20~29歲,2,20-29歲,後期 20-24/25-29 合併以對齊早期 20-29,請問您今年幾歲？（若不知道，問幾年幾月生）,question_options_95.csv,91/95/99/103 問「您」；106/110 問經濟戶長。,
01-01-make-city-data.R,DEM002,基本資料,AGE,年齡/經濟戶長年齡,coarse_comparable,2006,95,c2,C2,3,3,30~39歲,3,30-39歲,後期 30-34/35-39 合併以對齊早期 30-39,請問您今年幾歲？（若不知道，問幾年幾月生）,question_options_95.csv,91/95/99/103 問「您」；106/110 問經濟戶長。,
01-01-make-city-data.R,DEM002,基本資料,AGE,年齡/經濟戶長年齡,coarse_comparable,2006,95,c2,C2,4,4,40~49歲,4,40-49歲,後期 40-44/45-49 合併以對齊早期 40-49,請問您今年幾歲？（若不知道，問幾年幾月生）,question_options_95.csv,91/95/99/103 問「您」；106/110 問經濟戶長。,
01-01-make-city-data.R,DEM002,基本資料,AGE,年齡/經濟戶長年齡,coarse_comparable,2006,95,c2,C2,5,5,50~59歲,5,50-59歲,後期 50-54/55-59 合併以對齊早期 50-59,請問您今年幾歲？（若不知道，問幾年幾月生）,question_options_95.csv,91/95/99/103 問「您」；106/110 問經濟戶長。,
01-01-make-city-data.R,DEM002,基本資料,AGE,年齡/經濟戶長年齡,coarse_comparable,2006,95,c2,C2,6,6,60-64歲,6,60歲以上,後期 60-64/65-69/70+ 合併以對齊早期 60+,請問您今年幾歲？（若不知道，問幾年幾月生）,question_options_95.csv,91/95/99/103 問「您」；106/110 問經濟戶長。,raw_option_code duplicates within this question/year; recode by labelled text or verify DTA labels
01-01-make-city-data.R,DEM002,基本資料,AGE,年齡/經濟戶長年齡,coarse_comparable,2006,95,c2,C2,7,6,65歲及以上,6,60歲以上,後期 60-64/65-69/70+ 合併以對齊早期 60+,請問您今年幾歲？（若不知道，問幾年幾月生）,question_options_95.csv,91/95/99/103 問「您」；106/110 問經濟戶長。,raw_option_code duplicates within this question/year; recode by labelled text or verify DTA labels
01-01-make-city-data.R,DEM002,基本資料,AGE,年齡/經濟戶長年齡,coarse_comparable,2006,95,c2,C2,8,98,不知道/拒答,98,不知道/拒答,保留 nonresponse,請問您今年幾歲？（若不知道，問幾年幾月生）,question_options_95.csv,91/95/99/103 問「您」；106/110 問經濟戶長。,
01-01-make-city-data.R,DEM002,基本資料,AGE,年齡/經濟戶長年齡,coarse_comparable,2010,99,m3,M3,1,,15~19 歲,1,15-19歲,所有年度可比年齡組,請問您今年幾歲？,question_options_99.csv,91/95/99/103 問「您」；106/110 問經濟戶長。,
01-01-make-city-data.R,DEM002,基本資料,AGE,年齡/經濟戶長年齡,coarse_comparable,2010,99,m3,M3,2,,20~24 歲,2,20-29歲,後期 20-24/25-29 合併以對齊早期 20-29,請問您今年幾歲？,question_options_99.csv,91/95/99/103 問「您」；106/110 問經濟戶長。,
01-01-make-city-data.R,DEM002,基本資料,AGE,年齡/經濟戶長年齡,coarse_comparable,2010,99,m3,M3,3,,25~29 歲,2,20-29歲,後期 20-24/25-29 合併以對齊早期 20-29,請問您今年幾歲？,question_options_99.csv,91/95/99/103 問「您」；106/110 問經濟戶長。,
01-01-make-city-data.R,DEM002,基本資料,AGE,年齡/經濟戶長年齡,coarse_comparable,2010,99,m3,M3,4,,30~34 歲,3,30-39歲,後期 30-34/35-39 合併以對齊早期 30-39,請問您今年幾歲？,question_options_99.csv,91/95/99/103 問「您」；106/110 問經濟戶長。,
01-01-make-city-data.R,DEM002,基本資料,AGE,年齡/經濟戶長年齡,coarse_comparable,2010,99,m3,M3,5,,35~39 歲,3,30-39歲,後期 30-34/35-39 合併以對齊早期 30-39,請問您今年幾歲？,question_options_99.csv,91/95/99/103 問「您」；106/110 問經濟戶長。,
01-01-make-city-data.R,DEM002,基本資料,AGE,年齡/經濟戶長年齡,coarse_comparable,2010,99,m3,M3,6,,40~44 歲,4,40-49歲,後期 40-44/45-49 合併以對齊早期 40-49,請問您今年幾歲？,question_options_99.csv,91/95/99/103 問「您」；106/110 問經濟戶長。,
01-01-make-city-data.R,DEM002,基本資料,AGE,年齡/經濟戶長年齡,coarse_comparable,2010,99,m3,M3,7,,45~49 歲,4,40-49歲,後期 40-44/45-49 合併以對齊早期 40-49,請問您今年幾歲？,question_options_99.csv,91/95/99/103 問「您」；106/110 問經濟戶長。,
01-01-make-city-data.R,DEM002,基本資料,AGE,年齡/經濟戶長年齡,coarse_comparable,2010,99,m3,M3,8,,50~54 歲,5,50-59歲,後期 50-54/55-59 合併以對齊早期 50-59,請問您今年幾歲？,question_options_99.csv,91/95/99/103 問「您」；106/110 問經濟戶長。,
01-01-make-city-data.R,DEM002,基本資料,AGE,年齡/經濟戶長年齡,coarse_comparable,2010,99,m3,M3,9,,55~59 歲,5,50-59歲,後期 50-54/55-59 合併以對齊早期 50-59,請問您今年幾歲？,question_options_99.csv,91/95/99/103 問「您」；106/110 問經濟戶長。,
01-01-make-city-data.R,DEM002,基本資料,AGE,年齡/經濟戶長年齡,coarse_comparable,2010,99,m3,M3,10,,60~64 歲,6,60歲以上,後期 60-64/65-69/70+ 合併以對齊早期 60+,請問您今年幾歲？,question_options_99.csv,91/95/99/103 問「您」；106/110 問經濟戶長。,
01-01-make-city-data.R,DEM002,基本資料,AGE,年齡/經濟戶長年齡,coarse_comparable,2010,99,m3,M3,11,,65 歲以上,6,60歲以上,後期 60-64/65-69/70+ 合併以對齊早期 60+,請問您今年幾歲？,question_options_99.csv,91/95/99/103 問「您」；106/110 問經濟戶長。,
01-01-make-city-data.R,DEM002,基本資料,AGE,年齡/經濟戶長年齡,coarse_comparable,2014,103,n3,N3,1,1,15~19 歲,1,15-19歲,所有年度可比年齡組,請問您今年幾歲？,question_options_103.csv,91/95/99/103 問「您」；106/110 問經濟戶長。,
01-01-make-city-data.R,DEM002,基本資料,AGE,年齡/經濟戶長年齡,coarse_comparable,2014,103,n3,N3,2,2,20~24 歲,2,20-29歲,後期 20-24/25-29 合併以對齊早期 20-29,請問您今年幾歲？,question_options_103.csv,91/95/99/103 問「您」；106/110 問經濟戶長。,
01-01-make-city-data.R,DEM002,基本資料,AGE,年齡/經濟戶長年齡,coarse_comparable,2014,103,n3,N3,3,3,25~29 歲,2,20-29歲,後期 20-24/25-29 合併以對齊早期 20-29,請問您今年幾歲？,question_options_103.csv,91/95/99/103 問「您」；106/110 問經濟戶長。,
01-01-make-city-data.R,DEM002,基本資料,AGE,年齡/經濟戶長年齡,coarse_comparable,2014,103,n3,N3,4,4,30~34 歲,3,30-39歲,後期 30-34/35-39 合併以對齊早期 30-39,請問您今年幾歲？,question_options_103.csv,91/95/99/103 問「您」；106/110 問經濟戶長。,
01-01-make-city-data.R,DEM002,基本資料,AGE,年齡/經濟戶長年齡,coarse_comparable,2014,103,n3,N3,5,5,35~39 歲,3,30-39歲,後期 30-34/35-39 合併以對齊早期 30-39,請問您今年幾歲？,question_options_103.csv,91/95/99/103 問「您」；106/110 問經濟戶長。,
01-01-make-city-data.R,DEM002,基本資料,AGE,年齡/經濟戶長年齡,coarse_comparable,2014,103,n3,N3,6,6,40~44 歲,4,40-49歲,後期 40-44/45-49 合併以對齊早期 40-49,請問您今年幾歲？,question_options_103.csv,91/95/99/103 問「您」；106/110 問經濟戶長。,
01-01-make-city-data.R,DEM002,基本資料,AGE,年齡/經濟戶長年齡,coarse_comparable,2014,103,n3,N3,7,7,45~49 歲,4,40-49歲,後期 40-44/45-49 合併以對齊早期 40-49,請問您今年幾歲？,question_options_103.csv,91/95/99/103 問「您」；106/110 問經濟戶長。,
01-01-make-city-data.R,DEM002,基本資料,AGE,年齡/經濟戶長年齡,coarse_comparable,2014,103,n3,N3,8,8,50~54 歲,5,50-59歲,後期 50-54/55-59 合併以對齊早期 50-59,請問您今年幾歲？,question_options_103.csv,91/95/99/103 問「您」；106/110 問經濟戶長。,
01-01-make-city-data.R,DEM002,基本資料,AGE,年齡/經濟戶長年齡,coarse_comparable,2014,103,n3,N3,9,9,55~59 歲,5,50-59歲,後期 50-54/55-59 合併以對齊早期 50-59,請問您今年幾歲？,question_options_103.csv,91/95/99/103 問「您」；106/110 問經濟戶長。,
01-01-make-city-data.R,DEM002,基本資料,AGE,年齡/經濟戶長年齡,coarse_comparable,2014,103,n3,N3,10,10,60~64 歲,6,60歲以上,後期 60-64/65-69/70+ 合併以對齊早期 60+,請問您今年幾歲？,question_options_103.csv,91/95/99/103 問「您」；106/110 問經濟戶長。,
01-01-make-city-data.R,DEM002,基本資料,AGE,年齡/經濟戶長年齡,coarse_comparable,2014,103,n3,N3,11,11,65 歲以上,6,60歲以上,後期 60-64/65-69/70+ 合併以對齊早期 60+,請問您今年幾歲？,question_options_103.csv,91/95/99/103 問「您」；106/110 問經濟戶長。,
01-01-make-city-data.R,DEM002,基本資料,AGE,年齡/經濟戶長年齡,coarse_comparable,2017,106,g2,G2,1,1,15~19 歲,1,15-19歲,所有年度可比年齡組,請問經濟戶長今年幾歲？,question_options_106.csv,91/95/99/103 問「您」；106/110 問經濟戶長。,
01-01-make-city-data.R,DEM002,基本資料,AGE,年齡/經濟戶長年齡,coarse_comparable,2017,106,g2,G2,2,2,20~24 歲,2,20-29歲,後期 20-24/25-29 合併以對齊早期 20-29,請問經濟戶長今年幾歲？,question_options_106.csv,91/95/99/103 問「您」；106/110 問經濟戶長。,
01-01-make-city-data.R,DEM002,基本資料,AGE,年齡/經濟戶長年齡,coarse_comparable,2017,106,g2,G2,3,3,25~29 歲,2,20-29歲,後期 20-24/25-29 合併以對齊早期 20-29,請問經濟戶長今年幾歲？,question_options_106.csv,91/95/99/103 問「您」；106/110 問經濟戶長。,
01-01-make-city-data.R,DEM002,基本資料,AGE,年齡/經濟戶長年齡,coarse_comparable,2017,106,g2,G2,4,4,30~34 歲,3,30-39歲,後期 30-34/35-39 合併以對齊早期 30-39,請問經濟戶長今年幾歲？,question_options_106.csv,91/95/99/103 問「您」；106/110 問經濟戶長。,
01-01-make-city-data.R,DEM002,基本資料,AGE,年齡/經濟戶長年齡,coarse_comparable,2017,106,g2,G2,5,5,35~39 歲,3,30-39歲,後期 30-34/35-39 合併以對齊早期 30-39,請問經濟戶長今年幾歲？,question_options_106.csv,91/95/99/103 問「您」；106/110 問經濟戶長。,
01-01-make-city-data.R,DEM002,基本資料,AGE,年齡/經濟戶長年齡,coarse_comparable,2017,106,g2,G2,6,6,40~44 歲,4,40-49歲,後期 40-44/45-49 合併以對齊早期 40-49,請問經濟戶長今年幾歲？,question_options_106.csv,91/95/99/103 問「您」；106/110 問經濟戶長。,
01-01-make-city-data.R,DEM002,基本資料,AGE,年齡/經濟戶長年齡,coarse_comparable,2017,106,g2,G2,7,7,45~49 歲,4,40-49歲,後期 40-44/45-49 合併以對齊早期 40-49,請問經濟戶長今年幾歲？,question_options_106.csv,91/95/99/103 問「您」；106/110 問經濟戶長。,
01-01-make-city-data.R,DEM002,基本資料,AGE,年齡/經濟戶長年齡,coarse_comparable,2017,106,g2,G2,8,8,50~54 歲,5,50-59歲,後期 50-54/55-59 合併以對齊早期 50-59,請問經濟戶長今年幾歲？,question_options_106.csv,91/95/99/103 問「您」；106/110 問經濟戶長。,
01-01-make-city-data.R,DEM002,基本資料,AGE,年齡/經濟戶長年齡,coarse_comparable,2017,106,g2,G2,9,9,55~59 歲,5,50-59歲,後期 50-54/55-59 合併以對齊早期 50-59,請問經濟戶長今年幾歲？,question_options_106.csv,91/95/99/103 問「您」；106/110 問經濟戶長。,
01-01-make-city-data.R,DEM002,基本資料,AGE,年齡/經濟戶長年齡,coarse_comparable,2017,106,g2,G2,10,10,60~64 歲,6,60歲以上,後期 60-64/65-69/70+ 合併以對齊早期 60+,請問經濟戶長今年幾歲？,question_options_106.csv,91/95/99/103 問「您」；106/110 問經濟戶長。,
01-01-make-city-data.R,DEM002,基本資料,AGE,年齡/經濟戶長年齡,coarse_comparable,2017,106,g2,G2,11,11,65歲以上,6,60歲以上,後期 60-64/65-69/70+ 合併以對齊早期 60+,請問經濟戶長今年幾歲？,question_options_106.csv,91/95/99/103 問「您」；106/110 問經濟戶長。,
01-01-make-city-data.R,DEM002,基本資料,AGE,年齡/經濟戶長年齡,coarse_comparable,2021,110,b2,B2,1,1,15~19 歲,1,15-19歲,所有年度可比年齡組,請問經濟戶長今年幾歲？,question_options_110.csv,91/95/99/103 問「您」；106/110 問經濟戶長。,
01-01-make-city-data.R,DEM002,基本資料,AGE,年齡/經濟戶長年齡,coarse_comparable,2021,110,b2,B2,2,2,20~24 歲,2,20-29歲,後期 20-24/25-29 合併以對齊早期 20-29,請問經濟戶長今年幾歲？,question_options_110.csv,91/95/99/103 問「您」；106/110 問經濟戶長。,
01-01-make-city-data.R,DEM002,基本資料,AGE,年齡/經濟戶長年齡,coarse_comparable,2021,110,b2,B2,3,3,25~29 歲,2,20-29歲,後期 20-24/25-29 合併以對齊早期 20-29,請問經濟戶長今年幾歲？,question_options_110.csv,91/95/99/103 問「您」；106/110 問經濟戶長。,
01-01-make-city-data.R,DEM002,基本資料,AGE,年齡/經濟戶長年齡,coarse_comparable,2021,110,b2,B2,4,4,30~34 歲,3,30-39歲,後期 30-34/35-39 合併以對齊早期 30-39,請問經濟戶長今年幾歲？,question_options_110.csv,91/95/99/103 問「您」；106/110 問經濟戶長。,
01-01-make-city-data.R,DEM002,基本資料,AGE,年齡/經濟戶長年齡,coarse_comparable,2021,110,b2,B2,5,5,35~39 歲,3,30-39歲,後期 30-34/35-39 合併以對齊早期 30-39,請問經濟戶長今年幾歲？,question_options_110.csv,91/95/99/103 問「您」；106/110 問經濟戶長。,
01-01-make-city-data.R,DEM002,基本資料,AGE,年齡/經濟戶長年齡,coarse_comparable,2021,110,b2,B2,6,6,40~44 歲,4,40-49歲,後期 40-44/45-49 合併以對齊早期 40-49,請問經濟戶長今年幾歲？,question_options_110.csv,91/95/99/103 問「您」；106/110 問經濟戶長。,
01-01-make-city-data.R,DEM002,基本資料,AGE,年齡/經濟戶長年齡,coarse_comparable,2021,110,b2,B2,7,7,45~49 歲,4,40-49歲,後期 40-44/45-49 合併以對齊早期 40-49,請問經濟戶長今年幾歲？,question_options_110.csv,91/95/99/103 問「您」；106/110 問經濟戶長。,
01-01-make-city-data.R,DEM002,基本資料,AGE,年齡/經濟戶長年齡,coarse_comparable,2021,110,b2,B2,8,8,50~54 歲,5,50-59歲,後期 50-54/55-59 合併以對齊早期 50-59,請問經濟戶長今年幾歲？,question_options_110.csv,91/95/99/103 問「您」；106/110 問經濟戶長。,
01-01-make-city-data.R,DEM002,基本資料,AGE,年齡/經濟戶長年齡,coarse_comparable,2021,110,b2,B2,9,9,55~59 歲,5,50-59歲,後期 50-54/55-59 合併以對齊早期 50-59,請問經濟戶長今年幾歲？,question_options_110.csv,91/95/99/103 問「您」；106/110 問經濟戶長。,
01-01-make-city-data.R,DEM002,基本資料,AGE,年齡/經濟戶長年齡,coarse_comparable,2021,110,b2,B2,10,10,60~64 歲,6,60歲以上,後期 60-64/65-69/70+ 合併以對齊早期 60+,請問經濟戶長今年幾歲？,question_options_110.csv,91/95/99/103 問「您」；106/110 問經濟戶長。,
01-01-make-city-data.R,DEM002,基本資料,AGE,年齡/經濟戶長年齡,coarse_comparable,2021,110,b2,B2,11,11,65~69歲,6,60歲以上,後期 60-64/65-69/70+ 合併以對齊早期 60+,請問經濟戶長今年幾歲？,question_options_110.csv,91/95/99/103 問「您」；106/110 問經濟戶長。,
01-01-make-city-data.R,DEM002,基本資料,AGE,年齡/經濟戶長年齡,coarse_comparable,2021,110,b2,B2,12,12,70歲以上,6,60歲以上,後期 60-64/65-69/70+ 合併以對齊早期 60+,請問經濟戶長今年幾歲？,question_options_110.csv,91/95/99/103 問「您」；106/110 問經濟戶長。,
01-01-make-city-data.R,DEM003,基本資料,EDU,教育程度/經濟戶長教育程度,coarse_comparable,2002,91_1,q3,3,1,1,不識字,1,不識字/自修,壓成低教育組以提高跨年可比性,請問您的教育程度？,question_options_91_1.csv,106/110 改為經濟戶長教育程度。,
01-01-make-city-data.R,DEM003,基本資料,EDU,教育程度/經濟戶長教育程度,coarse_comparable,2002,91_1,q3,3,2,2,自修,1,不識字/自修,壓成低教育組以提高跨年可比性,請問您的教育程度？,question_options_91_1.csv,106/110 改為經濟戶長教育程度。,
01-01-make-city-data.R,DEM003,基本資料,EDU,教育程度/經濟戶長教育程度,coarse_comparable,2002,91_1,q3,3,3,3,國小,2,國小,國小,請問您的教育程度？,question_options_91_1.csv,106/110 改為經濟戶長教育程度。,
01-01-make-city-data.R,DEM003,基本資料,EDU,教育程度/經濟戶長教育程度,coarse_comparable,2002,91_1,q3,3,4,4,國(初)中,3,國(初)中,國中/初中,請問您的教育程度？,question_options_91_1.csv,106/110 改為經濟戶長教育程度。,
01-01-make-city-data.R,DEM003,基本資料,EDU,教育程度/經濟戶長教育程度,coarse_comparable,2002,91_1,q3,3,5,5,高中,4,高中職,高中與高職合併,請問您的教育程度？,question_options_91_1.csv,106/110 改為經濟戶長教育程度。,
01-01-make-city-data.R,DEM003,基本資料,EDU,教育程度/經濟戶長教育程度,coarse_comparable,2002,91_1,q3,3,6,6,高職（含五專前三年）,4,高中職,高中與高職合併,請問您的教育程度？,question_options_91_1.csv,106/110 改為經濟戶長教育程度。,
01-01-make-city-data.R,DEM003,基本資料,EDU,教育程度/經濟戶長教育程度,coarse_comparable,2002,91_1,q3,3,7,7,專科,5,專科以上,專科、大學、研究所合併,請問您的教育程度？,question_options_91_1.csv,106/110 改為經濟戶長教育程度。,
01-01-make-city-data.R,DEM003,基本資料,EDU,教育程度/經濟戶長教育程度,coarse_comparable,2002,91_1,q3,3,8,8,大學,5,專科以上,專科、大學、研究所合併,請問您的教育程度？,question_options_91_1.csv,106/110 改為經濟戶長教育程度。,
01-01-make-city-data.R,DEM003,基本資料,EDU,教育程度/經濟戶長教育程度,coarse_comparable,2002,91_1,q3,3,9,9,研究所或以上,5,專科以上,專科、大學、研究所合併,請問您的教育程度？,question_options_91_1.csv,106/110 改為經濟戶長教育程度。,
01-01-make-city-data.R,DEM003,基本資料,EDU,教育程度/經濟戶長教育程度,coarse_comparable,2002,91_2,q3,3,1,1,不識字,1,不識字/自修,壓成低教育組以提高跨年可比性,請問您的教育程度？,question_options_91_2.csv,106/110 改為經濟戶長教育程度。,
01-01-make-city-data.R,DEM003,基本資料,EDU,教育程度/經濟戶長教育程度,coarse_comparable,2002,91_2,q3,3,2,2,自修,1,不識字/自修,壓成低教育組以提高跨年可比性,請問您的教育程度？,question_options_91_2.csv,106/110 改為經濟戶長教育程度。,
01-01-make-city-data.R,DEM003,基本資料,EDU,教育程度/經濟戶長教育程度,coarse_comparable,2002,91_2,q3,3,3,3,國小,2,國小,國小,請問您的教育程度？,question_options_91_2.csv,106/110 改為經濟戶長教育程度。,
01-01-make-city-data.R,DEM003,基本資料,EDU,教育程度/經濟戶長教育程度,coarse_comparable,2002,91_2,q3,3,4,4,國(初)中,3,國(初)中,國中/初中,請問您的教育程度？,question_options_91_2.csv,106/110 改為經濟戶長教育程度。,
01-01-make-city-data.R,DEM003,基本資料,EDU,教育程度/經濟戶長教育程度,coarse_comparable,2002,91_2,q3,3,5,5,高中,4,高中職,高中與高職合併,請問您的教育程度？,question_options_91_2.csv,106/110 改為經濟戶長教育程度。,
01-01-make-city-data.R,DEM003,基本資料,EDU,教育程度/經濟戶長教育程度,coarse_comparable,2002,91_2,q3,3,6,6,高職（含五專前三年）,4,高中職,高中與高職合併,請問您的教育程度？,question_options_91_2.csv,106/110 改為經濟戶長教育程度。,
01-01-make-city-data.R,DEM003,基本資料,EDU,教育程度/經濟戶長教育程度,coarse_comparable,2002,91_2,q3,3,7,7,專科,5,專科以上,專科、大學、研究所合併,請問您的教育程度？,question_options_91_2.csv,106/110 改為經濟戶長教育程度。,
01-01-make-city-data.R,DEM003,基本資料,EDU,教育程度/經濟戶長教育程度,coarse_comparable,2002,91_2,q3,3,8,8,大學,5,專科以上,專科、大學、研究所合併,請問您的教育程度？,question_options_91_2.csv,106/110 改為經濟戶長教育程度。,
01-01-make-city-data.R,DEM003,基本資料,EDU,教育程度/經濟戶長教育程度,coarse_comparable,2002,91_2,q3,3,9,9,研究所或以上,5,專科以上,專科、大學、研究所合併,請問您的教育程度？,question_options_91_2.csv,106/110 改為經濟戶長教育程度。,
01-01-make-city-data.R,DEM003,基本資料,EDU,教育程度/經濟戶長教育程度,coarse_comparable,2006,95,c3,C3,1,1,不識字,1,不識字/自修,壓成低教育組以提高跨年可比性,請問您的教育程度？,question_options_95.csv,106/110 改為經濟戶長教育程度。,
01-01-make-city-data.R,DEM003,基本資料,EDU,教育程度/經濟戶長教育程度,coarse_comparable,2006,95,c3,C3,2,2,自修（識字）,1,不識字/自修,壓成低教育組以提高跨年可比性,請問您的教育程度？,question_options_95.csv,106/110 改為經濟戶長教育程度。,
01-01-make-city-data.R,DEM003,基本資料,EDU,教育程度/經濟戶長教育程度,coarse_comparable,2006,95,c3,C3,3,3,國小,2,國小,國小,請問您的教育程度？,question_options_95.csv,106/110 改為經濟戶長教育程度。,
01-01-make-city-data.R,DEM003,基本資料,EDU,教育程度/經濟戶長教育程度,coarse_comparable,2006,95,c3,C3,4,4,國（初）中,3,國(初)中,國中/初中,請問您的教育程度？,question_options_95.csv,106/110 改為經濟戶長教育程度。,
01-01-make-city-data.R,DEM003,基本資料,EDU,教育程度/經濟戶長教育程度,coarse_comparable,2006,95,c3,C3,5,5,高中,4,高中職,高中與高職合併,請問您的教育程度？,question_options_95.csv,106/110 改為經濟戶長教育程度。,
01-01-make-city-data.R,DEM003,基本資料,EDU,教育程度/經濟戶長教育程度,coarse_comparable,2006,95,c3,C3,6,6,高職（含五專前三年）,4,高中職,高中與高職合併,請問您的教育程度？,question_options_95.csv,106/110 改為經濟戶長教育程度。,
01-01-make-city-data.R,DEM003,基本資料,EDU,教育程度/經濟戶長教育程度,coarse_comparable,2006,95,c3,C3,7,7,專科,5,專科以上,專科、大學、研究所合併,請問您的教育程度？,question_options_95.csv,106/110 改為經濟戶長教育程度。,
01-01-make-city-data.R,DEM003,基本資料,EDU,教育程度/經濟戶長教育程度,coarse_comparable,2006,95,c3,C3,8,8,大學,5,專科以上,專科、大學、研究所合併,請問您的教育程度？,question_options_95.csv,106/110 改為經濟戶長教育程度。,
01-01-make-city-data.R,DEM003,基本資料,EDU,教育程度/經濟戶長教育程度,coarse_comparable,2006,95,c3,C3,9,9,研究所及以上,5,專科以上,專科、大學、研究所合併,請問您的教育程度？,question_options_95.csv,106/110 改為經濟戶長教育程度。,
01-01-make-city-data.R,DEM003,基本資料,EDU,教育程度/經濟戶長教育程度,coarse_comparable,2006,95,c3,C3,10,98,不知道/拒答,98,不知道/拒答,保留 nonresponse,請問您的教育程度？,question_options_95.csv,106/110 改為經濟戶長教育程度。,
01-01-make-city-data.R,DEM003,基本資料,EDU,教育程度/經濟戶長教育程度,coarse_comparable,2010,99,m4,M4,1,,不識字,1,不識字/自修,壓成低教育組以提高跨年可比性,請問您的教育程度？,question_options_99.csv,106/110 改為經濟戶長教育程度。,
01-01-make-city-data.R,DEM003,基本資料,EDU,教育程度/經濟戶長教育程度,coarse_comparable,2010,99,m4,M4,2,,自修,1,不識字/自修,壓成低教育組以提高跨年可比性,請問您的教育程度？,question_options_99.csv,106/110 改為經濟戶長教育程度。,
01-01-make-city-data.R,DEM003,基本資料,EDU,教育程度/經濟戶長教育程度,coarse_comparable,2010,99,m4,M4,3,,國小,2,國小,國小,請問您的教育程度？,question_options_99.csv,106/110 改為經濟戶長教育程度。,
01-01-make-city-data.R,DEM003,基本資料,EDU,教育程度/經濟戶長教育程度,coarse_comparable,2010,99,m4,M4,4,,國(初)中,3,國(初)中,國中/初中,請問您的教育程度？,question_options_99.csv,106/110 改為經濟戶長教育程度。,
01-01-make-city-data.R,DEM003,基本資料,EDU,教育程度/經濟戶長教育程度,coarse_comparable,2010,99,m4,M4,5,,高中,4,高中職,高中與高職合併,請問您的教育程度？,question_options_99.csv,106/110 改為經濟戶長教育程度。,
01-01-make-city-data.R,DEM003,基本資料,EDU,教育程度/經濟戶長教育程度,coarse_comparable,2010,99,m4,M4,6,,高職(含五專前三年),4,高中職,高中與高職合併,請問您的教育程度？,question_options_99.csv,106/110 改為經濟戶長教育程度。,
01-01-make-city-data.R,DEM003,基本資料,EDU,教育程度/經濟戶長教育程度,coarse_comparable,2010,99,m4,M4,7,,專科,5,專科以上,專科、大學、研究所合併,請問您的教育程度？,question_options_99.csv,106/110 改為經濟戶長教育程度。,
01-01-make-city-data.R,DEM003,基本資料,EDU,教育程度/經濟戶長教育程度,coarse_comparable,2010,99,m4,M4,8,,大學,5,專科以上,專科、大學、研究所合併,請問您的教育程度？,question_options_99.csv,106/110 改為經濟戶長教育程度。,
01-01-make-city-data.R,DEM003,基本資料,EDU,教育程度/經濟戶長教育程度,coarse_comparable,2010,99,m4,M4,9,,研究所及以上,5,專科以上,專科、大學、研究所合併,請問您的教育程度？,question_options_99.csv,106/110 改為經濟戶長教育程度。,
01-01-make-city-data.R,DEM003,基本資料,EDU,教育程度/經濟戶長教育程度,coarse_comparable,2014,103,n4,N4,1,1,不識字,1,不識字/自修,壓成低教育組以提高跨年可比性,請問您的教育程度？,question_options_103.csv,106/110 改為經濟戶長教育程度。,
01-01-make-city-data.R,DEM003,基本資料,EDU,教育程度/經濟戶長教育程度,coarse_comparable,2014,103,n4,N4,2,2,自修,1,不識字/自修,壓成低教育組以提高跨年可比性,請問您的教育程度？,question_options_103.csv,106/110 改為經濟戶長教育程度。,
01-01-make-city-data.R,DEM003,基本資料,EDU,教育程度/經濟戶長教育程度,coarse_comparable,2014,103,n4,N4,3,3,國小,2,國小,國小,請問您的教育程度？,question_options_103.csv,106/110 改為經濟戶長教育程度。,
01-01-make-city-data.R,DEM003,基本資料,EDU,教育程度/經濟戶長教育程度,coarse_comparable,2014,103,n4,N4,4,4,國(初)中,3,國(初)中,國中/初中,請問您的教育程度？,question_options_103.csv,106/110 改為經濟戶長教育程度。,
01-01-make-city-data.R,DEM003,基本資料,EDU,教育程度/經濟戶長教育程度,coarse_comparable,2014,103,n4,N4,5,5,高中,4,高中職,高中與高職合併,請問您的教育程度？,question_options_103.csv,106/110 改為經濟戶長教育程度。,
01-01-make-city-data.R,DEM003,基本資料,EDU,教育程度/經濟戶長教育程度,coarse_comparable,2014,103,n4,N4,6,6,高職(含五專前三年),4,高中職,高中與高職合併,請問您的教育程度？,question_options_103.csv,106/110 改為經濟戶長教育程度。,
01-01-make-city-data.R,DEM003,基本資料,EDU,教育程度/經濟戶長教育程度,coarse_comparable,2014,103,n4,N4,7,9,研究所及以上,5,專科以上,專科、大學、研究所合併,請問您的教育程度？,question_options_103.csv,106/110 改為經濟戶長教育程度。,
01-01-make-city-data.R,DEM003,基本資料,EDU,教育程度/經濟戶長教育程度,coarse_comparable,2017,106,g3,G3,1,1,不識字,1,不識字/自修,壓成低教育組以提高跨年可比性,請問經濟戶長教育程度？,question_options_106.csv,106/110 改為經濟戶長教育程度。,
01-01-make-city-data.R,DEM003,基本資料,EDU,教育程度/經濟戶長教育程度,coarse_comparable,2017,106,g3,G3,2,2,自修,1,不識字/自修,壓成低教育組以提高跨年可比性,請問經濟戶長教育程度？,question_options_106.csv,106/110 改為經濟戶長教育程度。,
01-01-make-city-data.R,DEM003,基本資料,EDU,教育程度/經濟戶長教育程度,coarse_comparable,2017,106,g3,G3,3,3,國小,2,國小,國小,請問經濟戶長教育程度？,question_options_106.csv,106/110 改為經濟戶長教育程度。,
01-01-make-city-data.R,DEM003,基本資料,EDU,教育程度/經濟戶長教育程度,coarse_comparable,2017,106,g3,G3,4,4,國(初)中,3,國(初)中,國中/初中,請問經濟戶長教育程度？,question_options_106.csv,106/110 改為經濟戶長教育程度。,
01-01-make-city-data.R,DEM003,基本資料,EDU,教育程度/經濟戶長教育程度,coarse_comparable,2017,106,g3,G3,5,5,高中,4,高中職,高中與高職合併,請問經濟戶長教育程度？,question_options_106.csv,106/110 改為經濟戶長教育程度。,
01-01-make-city-data.R,DEM003,基本資料,EDU,教育程度/經濟戶長教育程度,coarse_comparable,2017,106,g3,G3,6,6,高職(含五專前三年),4,高中職,高中與高職合併,請問經濟戶長教育程度？,question_options_106.csv,106/110 改為經濟戶長教育程度。,
01-01-make-city-data.R,DEM003,基本資料,EDU,教育程度/經濟戶長教育程度,coarse_comparable,2017,106,g3,G3,7,7,專科,5,專科以上,專科、大學、研究所合併,請問經濟戶長教育程度？,question_options_106.csv,106/110 改為經濟戶長教育程度。,
01-01-make-city-data.R,DEM003,基本資料,EDU,教育程度/經濟戶長教育程度,coarse_comparable,2017,106,g3,G3,8,8,大學,5,專科以上,專科、大學、研究所合併,請問經濟戶長教育程度？,question_options_106.csv,106/110 改為經濟戶長教育程度。,
01-01-make-city-data.R,DEM003,基本資料,EDU,教育程度/經濟戶長教育程度,coarse_comparable,2017,106,g3,G3,9,9,研究所及以上,5,專科以上,專科、大學、研究所合併,請問經濟戶長教育程度？,question_options_106.csv,106/110 改為經濟戶長教育程度。,
01-01-make-city-data.R,DEM003,基本資料,EDU,教育程度/經濟戶長教育程度,coarse_comparable,2021,110,b3,B3,1,1,不識字,1,不識字/自修,壓成低教育組以提高跨年可比性,請問經濟戶長教育程度？,question_options_110.csv,106/110 改為經濟戶長教育程度。,
01-01-make-city-data.R,DEM003,基本資料,EDU,教育程度/經濟戶長教育程度,coarse_comparable,2021,110,b3,B3,2,2,自修,1,不識字/自修,壓成低教育組以提高跨年可比性,請問經濟戶長教育程度？,question_options_110.csv,106/110 改為經濟戶長教育程度。,
01-01-make-city-data.R,DEM003,基本資料,EDU,教育程度/經濟戶長教育程度,coarse_comparable,2021,110,b3,B3,3,3,國小,2,國小,國小,請問經濟戶長教育程度？,question_options_110.csv,106/110 改為經濟戶長教育程度。,
01-01-make-city-data.R,DEM003,基本資料,EDU,教育程度/經濟戶長教育程度,coarse_comparable,2021,110,b3,B3,4,4,國(初)中,3,國(初)中,國中/初中,請問經濟戶長教育程度？,question_options_110.csv,106/110 改為經濟戶長教育程度。,
01-01-make-city-data.R,DEM003,基本資料,EDU,教育程度/經濟戶長教育程度,coarse_comparable,2021,110,b3,B3,5,5,高級中等(普通教育),4,高中職,高中與高職合併,請問經濟戶長教育程度？,question_options_110.csv,106/110 改為經濟戶長教育程度。,
01-01-make-city-data.R,DEM003,基本資料,EDU,教育程度/經濟戶長教育程度,coarse_comparable,2021,110,b3,B3,6,6,高級中等(職業教育，含五專前三年),4,高中職,高中與高職合併,請問經濟戶長教育程度？,question_options_110.csv,106/110 改為經濟戶長教育程度。,
01-01-make-city-data.R,DEM003,基本資料,EDU,教育程度/經濟戶長教育程度,coarse_comparable,2021,110,b3,B3,7,7,專科,5,專科以上,專科、大學、研究所合併,請問經濟戶長教育程度？,question_options_110.csv,106/110 改為經濟戶長教育程度。,
01-01-make-city-data.R,DEM003,基本資料,EDU,教育程度/經濟戶長教育程度,coarse_comparable,2021,110,b3,B3,8,8,大學,5,專科以上,專科、大學、研究所合併,請問經濟戶長教育程度？,question_options_110.csv,106/110 改為經濟戶長教育程度。,
01-01-make-city-data.R,DEM003,基本資料,EDU,教育程度/經濟戶長教育程度,coarse_comparable,2021,110,b3,B3,9,9,研究所及以上,5,專科以上,專科、大學、研究所合併,請問經濟戶長教育程度？,question_options_110.csv,106/110 改為經濟戶長教育程度。,
01-01-make-city-data.R,DEM004,基本資料,RACE,族別/經濟戶長族別,standardized_nominal,2002,91_1,q4,4,1,1,阿美族,1,阿美族,統一族名異體字與括號寫法,請問您所屬的族別？,question_options_91_1.csv,110 b5r label 缺失但夾在家計與配偶題中，依題序判斷為經濟戶長族別。,
01-01-make-city-data.R,DEM004,基本資料,RACE,族別/經濟戶長族別,standardized_nominal,2002,91_1,q4,4,2,2,泰雅族,2,泰雅族,統一族名異體字與括號寫法,請問您所屬的族別？,question_options_91_1.csv,110 b5r label 缺失但夾在家計與配偶題中，依題序判斷為經濟戶長族別。,
01-01-make-city-data.R,DEM004,基本資料,RACE,族別/經濟戶長族別,standardized_nominal,2002,91_1,q4,4,3,3,排灣族,3,排灣族,統一族名異體字與括號寫法,請問您所屬的族別？,question_options_91_1.csv,110 b5r label 缺失但夾在家計與配偶題中，依題序判斷為經濟戶長族別。,
01-01-make-city-data.R,DEM004,基本資料,RACE,族別/經濟戶長族別,standardized_nominal,2002,91_1,q4,4,4,4,魯凱族,4,魯凱族,統一族名異體字與括號寫法,請問您所屬的族別？,question_options_91_1.csv,110 b5r label 缺失但夾在家計與配偶題中，依題序判斷為經濟戶長族別。,
01-01-make-city-data.R,DEM004,基本資料,RACE,族別/經濟戶長族別,standardized_nominal,2002,91_1,q4,4,5,5,布農族,5,布農族,統一族名異體字與括號寫法,請問您所屬的族別？,question_options_91_1.csv,110 b5r label 缺失但夾在家計與配偶題中，依題序判斷為經濟戶長族別。,
01-01-make-city-data.R,DEM004,基本資料,RACE,族別/經濟戶長族別,standardized_nominal,2002,91_1,q4,4,6,6,賽夏族,6,賽夏族,統一族名異體字與括號寫法,請問您所屬的族別？,question_options_91_1.csv,110 b5r label 缺失但夾在家計與配偶題中，依題序判斷為經濟戶長族別。,
01-01-make-city-data.R,DEM004,基本資料,RACE,族別/經濟戶長族別,standardized_nominal,2002,91_1,q4,4,7,7,雅美族,7,雅美族/達悟族,統一族名異體字與括號寫法,請問您所屬的族別？,question_options_91_1.csv,110 b5r label 缺失但夾在家計與配偶題中，依題序判斷為經濟戶長族別。,
01-01-make-city-data.R,DEM004,基本資料,RACE,族別/經濟戶長族別,standardized_nominal,2002,91_1,q4,4,8,8,卑南族,8,卑南族,統一族名異體字與括號寫法,請問您所屬的族別？,question_options_91_1.csv,110 b5r label 缺失但夾在家計與配偶題中，依題序判斷為經濟戶長族別。,
01-01-make-city-data.R,DEM004,基本資料,RACE,族別/經濟戶長族別,standardized_nominal,2002,91_1,q4,4,9,9,鄒族,9,鄒族,統一族名異體字與括號寫法,請問您所屬的族別？,question_options_91_1.csv,110 b5r label 缺失但夾在家計與配偶題中，依題序判斷為經濟戶長族別。,
01-01-make-city-data.R,DEM004,基本資料,RACE,族別/經濟戶長族別,standardized_nominal,2002,91_1,q4,4,10,10,邵族,10,邵族,統一族名異體字與括號寫法,請問您所屬的族別？,question_options_91_1.csv,110 b5r label 缺失但夾在家計與配偶題中，依題序判斷為經濟戶長族別。,
01-01-make-city-data.R,DEM004,基本資料,RACE,族別/經濟戶長族別,standardized_nominal,2002,91_2,q4,4,1,1,阿美族,1,阿美族,統一族名異體字與括號寫法,請問您所屬的族別？,question_options_91_2.csv,110 b5r label 缺失但夾在家計與配偶題中，依題序判斷為經濟戶長族別。,
01-01-make-city-data.R,DEM004,基本資料,RACE,族別/經濟戶長族別,standardized_nominal,2002,91_2,q4,4,2,2,泰雅族,2,泰雅族,統一族名異體字與括號寫法,請問您所屬的族別？,question_options_91_2.csv,110 b5r label 缺失但夾在家計與配偶題中，依題序判斷為經濟戶長族別。,
01-01-make-city-data.R,DEM004,基本資料,RACE,族別/經濟戶長族別,standardized_nominal,2002,91_2,q4,4,3,3,排灣族,3,排灣族,統一族名異體字與括號寫法,請問您所屬的族別？,question_options_91_2.csv,110 b5r label 缺失但夾在家計與配偶題中，依題序判斷為經濟戶長族別。,
01-01-make-city-data.R,DEM004,基本資料,RACE,族別/經濟戶長族別,standardized_nominal,2002,91_2,q4,4,4,4,魯凱族,4,魯凱族,統一族名異體字與括號寫法,請問您所屬的族別？,question_options_91_2.csv,110 b5r label 缺失但夾在家計與配偶題中，依題序判斷為經濟戶長族別。,
01-01-make-city-data.R,DEM004,基本資料,RACE,族別/經濟戶長族別,standardized_nominal,2002,91_2,q4,4,5,5,布農族,5,布農族,統一族名異體字與括號寫法,請問您所屬的族別？,question_options_91_2.csv,110 b5r label 缺失但夾在家計與配偶題中，依題序判斷為經濟戶長族別。,
01-01-make-city-data.R,DEM004,基本資料,RACE,族別/經濟戶長族別,standardized_nominal,2002,91_2,q4,4,6,6,賽夏族,6,賽夏族,統一族名異體字與括號寫法,請問您所屬的族別？,question_options_91_2.csv,110 b5r label 缺失但夾在家計與配偶題中，依題序判斷為經濟戶長族別。,
01-01-make-city-data.R,DEM004,基本資料,RACE,族別/經濟戶長族別,standardized_nominal,2002,91_2,q4,4,7,7,雅美族,7,雅美族/達悟族,統一族名異體字與括號寫法,請問您所屬的族別？,question_options_91_2.csv,110 b5r label 缺失但夾在家計與配偶題中，依題序判斷為經濟戶長族別。,
01-01-make-city-data.R,DEM004,基本資料,RACE,族別/經濟戶長族別,standardized_nominal,2002,91_2,q4,4,8,8,卑南族,8,卑南族,統一族名異體字與括號寫法,請問您所屬的族別？,question_options_91_2.csv,110 b5r label 缺失但夾在家計與配偶題中，依題序判斷為經濟戶長族別。,
01-01-make-city-data.R,DEM004,基本資料,RACE,族別/經濟戶長族別,standardized_nominal,2002,91_2,q4,4,9,9,鄒族,9,鄒族,統一族名異體字與括號寫法,請問您所屬的族別？,question_options_91_2.csv,110 b5r label 缺失但夾在家計與配偶題中，依題序判斷為經濟戶長族別。,
01-01-make-city-data.R,DEM004,基本資料,RACE,族別/經濟戶長族別,standardized_nominal,2002,91_2,q4,4,10,10,邵族,10,邵族,統一族名異體字與括號寫法,請問您所屬的族別？,question_options_91_2.csv,110 b5r label 缺失但夾在家計與配偶題中，依題序判斷為經濟戶長族別。,
01-01-make-city-data.R,DEM004,基本資料,RACE,族別/經濟戶長族別,standardized_nominal,2002,91_2,q4,4,11,11,噶瑪蘭族,11,噶瑪蘭族,統一族名異體字與括號寫法,請問您所屬的族別？,question_options_91_2.csv,110 b5r label 缺失但夾在家計與配偶題中，依題序判斷為經濟戶長族別。,
01-01-make-city-data.R,DEM004,基本資料,RACE,族別/經濟戶長族別,standardized_nominal,2006,95,c1,C1,1,1,阿美族,1,阿美族,統一族名異體字與括號寫法,首先請問您屬於哪一個族別？,question_options_95.csv,110 b5r label 缺失但夾在家計與配偶題中，依題序判斷為經濟戶長族別。,
01-01-make-city-data.R,DEM004,基本資料,RACE,族別/經濟戶長族別,standardized_nominal,2006,95,c1,C1,2,2,泰雅族,2,泰雅族,統一族名異體字與括號寫法,首先請問您屬於哪一個族別？,question_options_95.csv,110 b5r label 缺失但夾在家計與配偶題中，依題序判斷為經濟戶長族別。,
01-01-make-city-data.R,DEM004,基本資料,RACE,族別/經濟戶長族別,standardized_nominal,2006,95,c1,C1,3,3,排灣族,3,排灣族,統一族名異體字與括號寫法,首先請問您屬於哪一個族別？,question_options_95.csv,110 b5r label 缺失但夾在家計與配偶題中，依題序判斷為經濟戶長族別。,
01-01-make-city-data.R,DEM004,基本資料,RACE,族別/經濟戶長族別,standardized_nominal,2006,95,c1,C1,4,4,魯凱族,4,魯凱族,統一族名異體字與括號寫法,首先請問您屬於哪一個族別？,question_options_95.csv,110 b5r label 缺失但夾在家計與配偶題中，依題序判斷為經濟戶長族別。,
01-01-make-city-data.R,DEM004,基本資料,RACE,族別/經濟戶長族別,standardized_nominal,2006,95,c1,C1,5,5,布農族,5,布農族,統一族名異體字與括號寫法,首先請問您屬於哪一個族別？,question_options_95.csv,110 b5r label 缺失但夾在家計與配偶題中，依題序判斷為經濟戶長族別。,
01-01-make-city-data.R,DEM004,基本資料,RACE,族別/經濟戶長族別,standardized_nominal,2006,95,c1,C1,6,6,賽夏族,6,賽夏族,統一族名異體字與括號寫法,首先請問您屬於哪一個族別？,question_options_95.csv,110 b5r label 缺失但夾在家計與配偶題中，依題序判斷為經濟戶長族別。,
01-01-make-city-data.R,DEM004,基本資料,RACE,族別/經濟戶長族別,standardized_nominal,2006,95,c1,C1,7,7,雅美族（達悟族）,7,雅美族/達悟族,統一族名異體字與括號寫法,首先請問您屬於哪一個族別？,question_options_95.csv,110 b5r label 缺失但夾在家計與配偶題中，依題序判斷為經濟戶長族別。,
01-01-make-city-data.R,DEM004,基本資料,RACE,族別/經濟戶長族別,standardized_nominal,2006,95,c1,C1,8,8,卑南族,8,卑南族,統一族名異體字與括號寫法,首先請問您屬於哪一個族別？,question_options_95.csv,110 b5r label 缺失但夾在家計與配偶題中，依題序判斷為經濟戶長族別。,
01-01-make-city-data.R,DEM004,基本資料,RACE,族別/經濟戶長族別,standardized_nominal,2006,95,c1,C1,9,9,鄒族,9,鄒族,統一族名異體字與括號寫法,首先請問您屬於哪一個族別？,question_options_95.csv,110 b5r label 缺失但夾在家計與配偶題中，依題序判斷為經濟戶長族別。,
01-01-make-city-data.R,DEM004,基本資料,RACE,族別/經濟戶長族別,standardized_nominal,2006,95,c1,C1,10,10,邵族,10,邵族,統一族名異體字與括號寫法,首先請問您屬於哪一個族別？,question_options_95.csv,110 b5r label 缺失但夾在家計與配偶題中，依題序判斷為經濟戶長族別。,
01-01-make-city-data.R,DEM004,基本資料,RACE,族別/經濟戶長族別,standardized_nominal,2006,95,c1,C1,11,11,噶瑪蘭族,11,噶瑪蘭族,統一族名異體字與括號寫法,首先請問您屬於哪一個族別？,question_options_95.csv,110 b5r label 缺失但夾在家計與配偶題中，依題序判斷為經濟戶長族別。,
01-01-make-city-data.R,DEM004,基本資料,RACE,族別/經濟戶長族別,standardized_nominal,2006,95,c1,C1,12,12,太魯閣族,12,太魯閣族,統一族名異體字與括號寫法,首先請問您屬於哪一個族別？,question_options_95.csv,110 b5r label 缺失但夾在家計與配偶題中，依題序判斷為經濟戶長族別。,
01-01-make-city-data.R,DEM004,基本資料,RACE,族別/經濟戶長族別,standardized_nominal,2006,95,c1,C1,13,98,拒答,98,拒答,保留 nonresponse,首先請問您屬於哪一個族別？,question_options_95.csv,110 b5r label 缺失但夾在家計與配偶題中，依題序判斷為經濟戶長族別。,
01-01-make-city-data.R,DEM004,基本資料,RACE,族別/經濟戶長族別,standardized_nominal,2010,99,m2,M2,1,,阿美族,1,阿美族,統一族名異體字與括號寫法,請問您所屬的族別？,question_options_99.csv,110 b5r label 缺失但夾在家計與配偶題中，依題序判斷為經濟戶長族別。,
01-01-make-city-data.R,DEM004,基本資料,RACE,族別/經濟戶長族別,standardized_nominal,2010,99,m2,M2,2,,泰雅族,2,泰雅族,統一族名異體字與括號寫法,請問您所屬的族別？,question_options_99.csv,110 b5r label 缺失但夾在家計與配偶題中，依題序判斷為經濟戶長族別。,
01-01-make-city-data.R,DEM004,基本資料,RACE,族別/經濟戶長族別,standardized_nominal,2010,99,m2,M2,3,,排灣族,3,排灣族,統一族名異體字與括號寫法,請問您所屬的族別？,question_options_99.csv,110 b5r label 缺失但夾在家計與配偶題中，依題序判斷為經濟戶長族別。,
01-01-make-city-data.R,DEM004,基本資料,RACE,族別/經濟戶長族別,standardized_nominal,2010,99,m2,M2,4,,魯凱族,4,魯凱族,統一族名異體字與括號寫法,請問您所屬的族別？,question_options_99.csv,110 b5r label 缺失但夾在家計與配偶題中，依題序判斷為經濟戶長族別。,
01-01-make-city-data.R,DEM004,基本資料,RACE,族別/經濟戶長族別,standardized_nominal,2010,99,m2,M2,5,,布農族,5,布農族,統一族名異體字與括號寫法,請問您所屬的族別？,question_options_99.csv,110 b5r label 缺失但夾在家計與配偶題中，依題序判斷為經濟戶長族別。,
01-01-make-city-data.R,DEM004,基本資料,RACE,族別/經濟戶長族別,standardized_nominal,2010,99,m2,M2,6,,賽夏族,6,賽夏族,統一族名異體字與括號寫法,請問您所屬的族別？,question_options_99.csv,110 b5r label 缺失但夾在家計與配偶題中，依題序判斷為經濟戶長族別。,
01-01-make-city-data.R,DEM004,基本資料,RACE,族別/經濟戶長族別,standardized_nominal,2010,99,m2,M2,7,,雅美族(達悟),7,雅美族/達悟族,統一族名異體字與括號寫法,請問您所屬的族別？,question_options_99.csv,110 b5r label 缺失但夾在家計與配偶題中，依題序判斷為經濟戶長族別。,
01-01-make-city-data.R,DEM004,基本資料,RACE,族別/經濟戶長族別,standardized_nominal,2010,99,m2,M2,8,,卑南族,8,卑南族,統一族名異體字與括號寫法,請問您所屬的族別？,question_options_99.csv,110 b5r label 缺失但夾在家計與配偶題中，依題序判斷為經濟戶長族別。,
01-01-make-city-data.R,DEM004,基本資料,RACE,族別/經濟戶長族別,standardized_nominal,2010,99,m2,M2,9,,鄒族,9,鄒族,統一族名異體字與括號寫法,請問您所屬的族別？,question_options_99.csv,110 b5r label 缺失但夾在家計與配偶題中，依題序判斷為經濟戶長族別。,
01-01-make-city-data.R,DEM004,基本資料,RACE,族別/經濟戶長族別,standardized_nominal,2010,99,m2,M2,10,,邵族,10,邵族,統一族名異體字與括號寫法,請問您所屬的族別？,question_options_99.csv,110 b5r label 缺失但夾在家計與配偶題中，依題序判斷為經濟戶長族別。,
01-01-make-city-data.R,DEM004,基本資料,RACE,族別/經濟戶長族別,standardized_nominal,2010,99,m2,M2,11,,葛瑪蘭族,11,噶瑪蘭族,統一族名異體字與括號寫法,請問您所屬的族別？,question_options_99.csv,110 b5r label 缺失但夾在家計與配偶題中，依題序判斷為經濟戶長族別。,
01-01-make-city-data.R,DEM004,基本資料,RACE,族別/經濟戶長族別,standardized_nominal,2010,99,m2,M2,12,,太魯閣族,12,太魯閣族,統一族名異體字與括號寫法,請問您所屬的族別？,question_options_99.csv,110 b5r label 缺失但夾在家計與配偶題中，依題序判斷為經濟戶長族別。,
01-01-make-city-data.R,DEM004,基本資料,RACE,族別/經濟戶長族別,standardized_nominal,2010,99,m2,M2,13,,撒奇萊雅族,13,撒奇萊雅族,統一族名異體字與括號寫法,請問您所屬的族別？,question_options_99.csv,110 b5r label 缺失但夾在家計與配偶題中，依題序判斷為經濟戶長族別。,
01-01-make-city-data.R,DEM004,基本資料,RACE,族別/經濟戶長族別,standardized_nominal,2010,99,m2,M2,14,,賽德克族,14,賽德克族,統一族名異體字與括號寫法,請問您所屬的族別？,question_options_99.csv,110 b5r label 缺失但夾在家計與配偶題中，依題序判斷為經濟戶長族別。,
01-01-make-city-data.R,DEM004,基本資料,RACE,族別/經濟戶長族別,standardized_nominal,2010,99,m2,M2,15,,其他,97,其他,保留其他,請問您所屬的族別？,question_options_99.csv,110 b5r label 缺失但夾在家計與配偶題中，依題序判斷為經濟戶長族別。,
01-01-make-city-data.R,DEM004,基本資料,RACE,族別/經濟戶長族別,standardized_nominal,2014,103,n2,N2,1,1,阿美族,1,阿美族,統一族名異體字與括號寫法,請問您所屬的族別？,question_options_103.csv,110 b5r label 缺失但夾在家計與配偶題中，依題序判斷為經濟戶長族別。,
01-01-make-city-data.R,DEM004,基本資料,RACE,族別/經濟戶長族別,standardized_nominal,2014,103,n2,N2,2,2,泰雅族,2,泰雅族,統一族名異體字與括號寫法,請問您所屬的族別？,question_options_103.csv,110 b5r label 缺失但夾在家計與配偶題中，依題序判斷為經濟戶長族別。,
01-01-make-city-data.R,DEM004,基本資料,RACE,族別/經濟戶長族別,standardized_nominal,2014,103,n2,N2,3,3,排灣族,3,排灣族,統一族名異體字與括號寫法,請問您所屬的族別？,question_options_103.csv,110 b5r label 缺失但夾在家計與配偶題中，依題序判斷為經濟戶長族別。,
01-01-make-city-data.R,DEM004,基本資料,RACE,族別/經濟戶長族別,standardized_nominal,2014,103,n2,N2,4,4,魯凱族,4,魯凱族,統一族名異體字與括號寫法,請問您所屬的族別？,question_options_103.csv,110 b5r label 缺失但夾在家計與配偶題中，依題序判斷為經濟戶長族別。,
01-01-make-city-data.R,DEM004,基本資料,RACE,族別/經濟戶長族別,standardized_nominal,2014,103,n2,N2,5,5,布農族,5,布農族,統一族名異體字與括號寫法,請問您所屬的族別？,question_options_103.csv,110 b5r label 缺失但夾在家計與配偶題中，依題序判斷為經濟戶長族別。,
01-01-make-city-data.R,DEM004,基本資料,RACE,族別/經濟戶長族別,standardized_nominal,2014,103,n2,N2,6,6,賽夏族,6,賽夏族,統一族名異體字與括號寫法,請問您所屬的族別？,question_options_103.csv,110 b5r label 缺失但夾在家計與配偶題中，依題序判斷為經濟戶長族別。,
01-01-make-city-data.R,DEM004,基本資料,RACE,族別/經濟戶長族別,standardized_nominal,2014,103,n2,N2,7,7,雅美族(達悟),7,雅美族/達悟族,統一族名異體字與括號寫法,請問您所屬的族別？,question_options_103.csv,110 b5r label 缺失但夾在家計與配偶題中，依題序判斷為經濟戶長族別。,
01-01-make-city-data.R,DEM004,基本資料,RACE,族別/經濟戶長族別,standardized_nominal,2014,103,n2,N2,8,8,卑南族,8,卑南族,統一族名異體字與括號寫法,請問您所屬的族別？,question_options_103.csv,110 b5r label 缺失但夾在家計與配偶題中，依題序判斷為經濟戶長族別。,
01-01-make-city-data.R,DEM004,基本資料,RACE,族別/經濟戶長族別,standardized_nominal,2014,103,n2,N2,9,9,鄒族,9,鄒族,統一族名異體字與括號寫法,請問您所屬的族別？,question_options_103.csv,110 b5r label 缺失但夾在家計與配偶題中，依題序判斷為經濟戶長族別。,
01-01-make-city-data.R,DEM004,基本資料,RACE,族別/經濟戶長族別,standardized_nominal,2014,103,n2,N2,10,10,邵族,10,邵族,統一族名異體字與括號寫法,請問您所屬的族別？,question_options_103.csv,110 b5r label 缺失但夾在家計與配偶題中，依題序判斷為經濟戶長族別。,
01-01-make-city-data.R,DEM004,基本資料,RACE,族別/經濟戶長族別,standardized_nominal,2014,103,n2,N2,11,11,噶瑪蘭族,11,噶瑪蘭族,統一族名異體字與括號寫法,請問您所屬的族別？,question_options_103.csv,110 b5r label 缺失但夾在家計與配偶題中，依題序判斷為經濟戶長族別。,
01-01-make-city-data.R,DEM004,基本資料,RACE,族別/經濟戶長族別,standardized_nominal,2014,103,n2,N2,12,12,太魯閣族,12,太魯閣族,統一族名異體字與括號寫法,請問您所屬的族別？,question_options_103.csv,110 b5r label 缺失但夾在家計與配偶題中，依題序判斷為經濟戶長族別。,
01-01-make-city-data.R,DEM004,基本資料,RACE,族別/經濟戶長族別,standardized_nominal,2014,103,n2,N2,13,13,撒奇萊雅族,13,撒奇萊雅族,統一族名異體字與括號寫法,請問您所屬的族別？,question_options_103.csv,110 b5r label 缺失但夾在家計與配偶題中，依題序判斷為經濟戶長族別。,
01-01-make-city-data.R,DEM004,基本資料,RACE,族別/經濟戶長族別,standardized_nominal,2014,103,n2,N2,14,14,賽德克族,14,賽德克族,統一族名異體字與括號寫法,請問您所屬的族別？,question_options_103.csv,110 b5r label 缺失但夾在家計與配偶題中，依題序判斷為經濟戶長族別。,
01-01-make-city-data.R,DEM004,基本資料,RACE,族別/經濟戶長族別,standardized_nominal,2014,103,n2,N2,15,15,拉阿魯哇族,15,拉阿魯哇族,統一族名異體字與括號寫法,請問您所屬的族別？,question_options_103.csv,110 b5r label 缺失但夾在家計與配偶題中，依題序判斷為經濟戶長族別。,
01-01-make-city-data.R,DEM004,基本資料,RACE,族別/經濟戶長族別,standardized_nominal,2014,103,n2,N2,16,16,卡那卡那富族,16,卡那卡那富族,統一族名異體字與括號寫法,請問您所屬的族別？,question_options_103.csv,110 b5r label 缺失但夾在家計與配偶題中，依題序判斷為經濟戶長族別。,
01-01-make-city-data.R,DEM004,基本資料,RACE,族別/經濟戶長族別,standardized_nominal,2014,103,n2,N2,17,17,其他______,97,其他,保留其他,請問您所屬的族別？,question_options_103.csv,110 b5r label 缺失但夾在家計與配偶題中，依題序判斷為經濟戶長族別。,
01-01-make-city-data.R,DEM004,基本資料,RACE,族別/經濟戶長族別,standardized_nominal,2014,103,n2,N2,18,18,非原住民族,96,非原住民族,保留後期非原住民族選項,請問您所屬的族別？,question_options_103.csv,110 b5r label 缺失但夾在家計與配偶題中，依題序判斷為經濟戶長族別。,
01-01-make-city-data.R,DEM004,基本資料,RACE,族別/經濟戶長族別,standardized_nominal,2017,106,g5,G5,1,1,阿美族,1,阿美族,統一族名異體字與括號寫法,請問經濟戶長所屬的族別？,question_options_106.csv,110 b5r label 缺失但夾在家計與配偶題中，依題序判斷為經濟戶長族別。,
01-01-make-city-data.R,DEM004,基本資料,RACE,族別/經濟戶長族別,standardized_nominal,2017,106,g5,G5,2,2,泰雅族,2,泰雅族,統一族名異體字與括號寫法,請問經濟戶長所屬的族別？,question_options_106.csv,110 b5r label 缺失但夾在家計與配偶題中，依題序判斷為經濟戶長族別。,
01-01-make-city-data.R,DEM004,基本資料,RACE,族別/經濟戶長族別,standardized_nominal,2017,106,g5,G5,3,3,排灣族,3,排灣族,統一族名異體字與括號寫法,請問經濟戶長所屬的族別？,question_options_106.csv,110 b5r label 缺失但夾在家計與配偶題中，依題序判斷為經濟戶長族別。,
01-01-make-city-data.R,DEM004,基本資料,RACE,族別/經濟戶長族別,standardized_nominal,2017,106,g5,G5,4,4,魯凱族,4,魯凱族,統一族名異體字與括號寫法,請問經濟戶長所屬的族別？,question_options_106.csv,110 b5r label 缺失但夾在家計與配偶題中，依題序判斷為經濟戶長族別。,
01-01-make-city-data.R,DEM004,基本資料,RACE,族別/經濟戶長族別,standardized_nominal,2017,106,g5,G5,5,5,布農族,5,布農族,統一族名異體字與括號寫法,請問經濟戶長所屬的族別？,question_options_106.csv,110 b5r label 缺失但夾在家計與配偶題中，依題序判斷為經濟戶長族別。,
01-01-make-city-data.R,DEM004,基本資料,RACE,族別/經濟戶長族別,standardized_nominal,2017,106,g5,G5,6,6,賽夏族,6,賽夏族,統一族名異體字與括號寫法,請問經濟戶長所屬的族別？,question_options_106.csv,110 b5r label 缺失但夾在家計與配偶題中，依題序判斷為經濟戶長族別。,
01-01-make-city-data.R,DEM004,基本資料,RACE,族別/經濟戶長族別,standardized_nominal,2017,106,g5,G5,7,7,雅美族(達悟),7,雅美族/達悟族,統一族名異體字與括號寫法,請問經濟戶長所屬的族別？,question_options_106.csv,110 b5r label 缺失但夾在家計與配偶題中，依題序判斷為經濟戶長族別。,
01-01-make-city-data.R,DEM004,基本資料,RACE,族別/經濟戶長族別,standardized_nominal,2017,106,g5,G5,8,8,卑南族,8,卑南族,統一族名異體字與括號寫法,請問經濟戶長所屬的族別？,question_options_106.csv,110 b5r label 缺失但夾在家計與配偶題中，依題序判斷為經濟戶長族別。,
01-01-make-city-data.R,DEM004,基本資料,RACE,族別/經濟戶長族別,standardized_nominal,2017,106,g5,G5,9,9,鄒族,9,鄒族,統一族名異體字與括號寫法,請問經濟戶長所屬的族別？,question_options_106.csv,110 b5r label 缺失但夾在家計與配偶題中，依題序判斷為經濟戶長族別。,
01-01-make-city-data.R,DEM004,基本資料,RACE,族別/經濟戶長族別,standardized_nominal,2017,106,g5,G5,10,10,邵族,10,邵族,統一族名異體字與括號寫法,請問經濟戶長所屬的族別？,question_options_106.csv,110 b5r label 缺失但夾在家計與配偶題中，依題序判斷為經濟戶長族別。,
01-01-make-city-data.R,DEM004,基本資料,RACE,族別/經濟戶長族別,standardized_nominal,2017,106,g5,G5,11,11,噶瑪蘭族,11,噶瑪蘭族,統一族名異體字與括號寫法,請問經濟戶長所屬的族別？,question_options_106.csv,110 b5r label 缺失但夾在家計與配偶題中，依題序判斷為經濟戶長族別。,
01-01-make-city-data.R,DEM004,基本資料,RACE,族別/經濟戶長族別,standardized_nominal,2017,106,g5,G5,12,12,太魯閣族,12,太魯閣族,統一族名異體字與括號寫法,請問經濟戶長所屬的族別？,question_options_106.csv,110 b5r label 缺失但夾在家計與配偶題中，依題序判斷為經濟戶長族別。,
01-01-make-city-data.R,DEM004,基本資料,RACE,族別/經濟戶長族別,standardized_nominal,2017,106,g5,G5,13,13,撒奇萊雅族,13,撒奇萊雅族,統一族名異體字與括號寫法,請問經濟戶長所屬的族別？,question_options_106.csv,110 b5r label 缺失但夾在家計與配偶題中，依題序判斷為經濟戶長族別。,
01-01-make-city-data.R,DEM004,基本資料,RACE,族別/經濟戶長族別,standardized_nominal,2017,106,g5,G5,14,14,賽德克族,14,賽德克族,統一族名異體字與括號寫法,請問經濟戶長所屬的族別？,question_options_106.csv,110 b5r label 缺失但夾在家計與配偶題中，依題序判斷為經濟戶長族別。,
01-01-make-city-data.R,DEM004,基本資料,RACE,族別/經濟戶長族別,standardized_nominal,2017,106,g5,G5,15,15,拉阿魯哇族,15,拉阿魯哇族,統一族名異體字與括號寫法,請問經濟戶長所屬的族別？,question_options_106.csv,110 b5r label 缺失但夾在家計與配偶題中，依題序判斷為經濟戶長族別。,
01-01-make-city-data.R,DEM004,基本資料,RACE,族別/經濟戶長族別,standardized_nominal,2017,106,g5,G5,16,16,卡那卡那富族,16,卡那卡那富族,統一族名異體字與括號寫法,請問經濟戶長所屬的族別？,question_options_106.csv,110 b5r label 缺失但夾在家計與配偶題中，依題序判斷為經濟戶長族別。,
01-01-make-city-data.R,DEM004,基本資料,RACE,族別/經濟戶長族別,standardized_nominal,2017,106,g5,G5,17,17,其他______,97,其他,保留其他,請問經濟戶長所屬的族別？,question_options_106.csv,110 b5r label 缺失但夾在家計與配偶題中，依題序判斷為經濟戶長族別。,
01-01-make-city-data.R,DEM004,基本資料,RACE,族別/經濟戶長族別,standardized_nominal,2017,106,g5,G5,18,18,非原住民 2,96,非原住民族,保留後期非原住民族選項,請問經濟戶長所屬的族別？,question_options_106.csv,110 b5r label 缺失但夾在家計與配偶題中，依題序判斷為經濟戶長族別。,
01-01-make-city-data.R,DEM004,基本資料,RACE,族別/經濟戶長族別,standardized_nominal,2021,110,b5r,B5,1,1,阿美族,1,阿美族,統一族名異體字與括號寫法,請問經濟戶長所屬的族別？,question_options_110.csv,110 b5r label 缺失但夾在家計與配偶題中，依題序判斷為經濟戶長族別。,question_options uses B5 for crosswalk raw_var b5r
01-01-make-city-data.R,DEM004,基本資料,RACE,族別/經濟戶長族別,standardized_nominal,2021,110,b5r,B5,2,2,泰雅族,2,泰雅族,統一族名異體字與括號寫法,請問經濟戶長所屬的族別？,question_options_110.csv,110 b5r label 缺失但夾在家計與配偶題中，依題序判斷為經濟戶長族別。,question_options uses B5 for crosswalk raw_var b5r
01-01-make-city-data.R,DEM004,基本資料,RACE,族別/經濟戶長族別,standardized_nominal,2021,110,b5r,B5,3,3,排灣族,3,排灣族,統一族名異體字與括號寫法,請問經濟戶長所屬的族別？,question_options_110.csv,110 b5r label 缺失但夾在家計與配偶題中，依題序判斷為經濟戶長族別。,question_options uses B5 for crosswalk raw_var b5r
01-01-make-city-data.R,DEM004,基本資料,RACE,族別/經濟戶長族別,standardized_nominal,2021,110,b5r,B5,4,4,魯凱族,4,魯凱族,統一族名異體字與括號寫法,請問經濟戶長所屬的族別？,question_options_110.csv,110 b5r label 缺失但夾在家計與配偶題中，依題序判斷為經濟戶長族別。,question_options uses B5 for crosswalk raw_var b5r
01-01-make-city-data.R,DEM004,基本資料,RACE,族別/經濟戶長族別,standardized_nominal,2021,110,b5r,B5,5,5,布農族,5,布農族,統一族名異體字與括號寫法,請問經濟戶長所屬的族別？,question_options_110.csv,110 b5r label 缺失但夾在家計與配偶題中，依題序判斷為經濟戶長族別。,question_options uses B5 for crosswalk raw_var b5r
01-01-make-city-data.R,DEM004,基本資料,RACE,族別/經濟戶長族別,standardized_nominal,2021,110,b5r,B5,6,6,賽夏族,6,賽夏族,統一族名異體字與括號寫法,請問經濟戶長所屬的族別？,question_options_110.csv,110 b5r label 缺失但夾在家計與配偶題中，依題序判斷為經濟戶長族別。,question_options uses B5 for crosswalk raw_var b5r
01-01-make-city-data.R,DEM004,基本資料,RACE,族別/經濟戶長族別,standardized_nominal,2021,110,b5r,B5,7,7,雅美族(達悟),7,雅美族/達悟族,統一族名異體字與括號寫法,請問經濟戶長所屬的族別？,question_options_110.csv,110 b5r label 缺失但夾在家計與配偶題中，依題序判斷為經濟戶長族別。,question_options uses B5 for crosswalk raw_var b5r
01-01-make-city-data.R,DEM004,基本資料,RACE,族別/經濟戶長族別,standardized_nominal,2021,110,b5r,B5,8,8,卑南族,8,卑南族,統一族名異體字與括號寫法,請問經濟戶長所屬的族別？,question_options_110.csv,110 b5r label 缺失但夾在家計與配偶題中，依題序判斷為經濟戶長族別。,question_options uses B5 for crosswalk raw_var b5r
01-01-make-city-data.R,DEM004,基本資料,RACE,族別/經濟戶長族別,standardized_nominal,2021,110,b5r,B5,9,9,鄒族,9,鄒族,統一族名異體字與括號寫法,請問經濟戶長所屬的族別？,question_options_110.csv,110 b5r label 缺失但夾在家計與配偶題中，依題序判斷為經濟戶長族別。,question_options uses B5 for crosswalk raw_var b5r
01-01-make-city-data.R,DEM004,基本資料,RACE,族別/經濟戶長族別,standardized_nominal,2021,110,b5r,B5,10,10,邵族,10,邵族,統一族名異體字與括號寫法,請問經濟戶長所屬的族別？,question_options_110.csv,110 b5r label 缺失但夾在家計與配偶題中，依題序判斷為經濟戶長族別。,question_options uses B5 for crosswalk raw_var b5r
01-01-make-city-data.R,DEM004,基本資料,RACE,族別/經濟戶長族別,standardized_nominal,2021,110,b5r,B5,11,11,噶瑪蘭族,11,噶瑪蘭族,統一族名異體字與括號寫法,請問經濟戶長所屬的族別？,question_options_110.csv,110 b5r label 缺失但夾在家計與配偶題中，依題序判斷為經濟戶長族別。,question_options uses B5 for crosswalk raw_var b5r
01-01-make-city-data.R,DEM004,基本資料,RACE,族別/經濟戶長族別,standardized_nominal,2021,110,b5r,B5,12,12,太魯閣族,12,太魯閣族,統一族名異體字與括號寫法,請問經濟戶長所屬的族別？,question_options_110.csv,110 b5r label 缺失但夾在家計與配偶題中，依題序判斷為經濟戶長族別。,question_options uses B5 for crosswalk raw_var b5r
01-01-make-city-data.R,DEM004,基本資料,RACE,族別/經濟戶長族別,standardized_nominal,2021,110,b5r,B5,13,13,撒奇萊雅族,13,撒奇萊雅族,統一族名異體字與括號寫法,請問經濟戶長所屬的族別？,question_options_110.csv,110 b5r label 缺失但夾在家計與配偶題中，依題序判斷為經濟戶長族別。,question_options uses B5 for crosswalk raw_var b5r
01-01-make-city-data.R,DEM004,基本資料,RACE,族別/經濟戶長族別,standardized_nominal,2021,110,b5r,B5,14,14,賽德克族,14,賽德克族,統一族名異體字與括號寫法,請問經濟戶長所屬的族別？,question_options_110.csv,110 b5r label 缺失但夾在家計與配偶題中，依題序判斷為經濟戶長族別。,question_options uses B5 for crosswalk raw_var b5r
01-01-make-city-data.R,DEM004,基本資料,RACE,族別/經濟戶長族別,standardized_nominal,2021,110,b5r,B5,15,15,拉阿魯哇族,15,拉阿魯哇族,統一族名異體字與括號寫法,請問經濟戶長所屬的族別？,question_options_110.csv,110 b5r label 缺失但夾在家計與配偶題中，依題序判斷為經濟戶長族別。,question_options uses B5 for crosswalk raw_var b5r
01-01-make-city-data.R,DEM004,基本資料,RACE,族別/經濟戶長族別,standardized_nominal,2021,110,b5r,B5,16,16,卡那卡那富族,16,卡那卡那富族,統一族名異體字與括號寫法,請問經濟戶長所屬的族別？,question_options_110.csv,110 b5r label 缺失但夾在家計與配偶題中，依題序判斷為經濟戶長族別。,question_options uses B5 for crosswalk raw_var b5r
01-01-make-city-data.R,DEM004,基本資料,RACE,族別/經濟戶長族別,standardized_nominal,2021,110,b5r,B5,17,17,其他______,97,其他,保留其他,請問經濟戶長所屬的族別？,question_options_110.csv,110 b5r label 缺失但夾在家計與配偶題中，依題序判斷為經濟戶長族別。,question_options uses B5 for crosswalk raw_var b5r
01-01-make-city-data.R,DEM004,基本資料,RACE,族別/經濟戶長族別,standardized_nominal,2021,110,b5r,B5,18,18,非原住民,96,非原住民族,保留後期非原住民族選項,請問經濟戶長所屬的族別？,question_options_110.csv,110 b5r label 缺失但夾在家計與配偶題中，依題序判斷為經濟戶長族別。,question_options uses B5 for crosswalk raw_var b5r
01-02-make-family-data.R,HOUSE001,住宅,HOUSE_BELONG,住宅所有權/房子屬於誰,coarse_comparable,2002,91_1,q18,18,1,1,自有（跳答20題）,1,自有/家人所有/自建,自有、家人所有、自己搭建合併,請問您的住宅是？,question_options_91_1.csv,91 題文是自有、租賃、配住、借用；95+ 問房子屬於誰。,
01-02-make-family-data.R,HOUSE001,住宅,HOUSE_BELONG,住宅所有權/房子屬於誰,coarse_comparable,2002,91_1,q18,18,2,2,租賃（續答19題）,2,租賃,政府租賃與私人租賃合併以對齊早期租賃,請問您的住宅是？,question_options_91_1.csv,91 題文是自有、租賃、配住、借用；95+ 問房子屬於誰。,
01-02-make-family-data.R,HOUSE001,住宅,HOUSE_BELONG,住宅所有權/房子屬於誰,coarse_comparable,2002,91_1,q18,18,3,3,配住（續答19題）,3,配住,單位/公司配住與配住合併,請問您的住宅是？,question_options_91_1.csv,91 題文是自有、租賃、配住、借用；95+ 問房子屬於誰。,
01-02-make-family-data.R,HOUSE001,住宅,HOUSE_BELONG,住宅所有權/房子屬於誰,coarse_comparable,2002,91_1,q18,18,4,4,借用（跳答21題）,4,借用,各年借用合併,請問您的住宅是？,question_options_91_1.csv,91 題文是自有、租賃、配住、借用；95+ 問房子屬於誰。,
01-02-make-family-data.R,HOUSE001,住宅,HOUSE_BELONG,住宅所有權/房子屬於誰,coarse_comparable,2002,91_2,q18,18,1,1,自有（跳答20題）,1,自有/家人所有/自建,自有、家人所有、自己搭建合併,請問您的住宅是？,question_options_91_2.csv,91 題文是自有、租賃、配住、借用；95+ 問房子屬於誰。,
01-02-make-family-data.R,HOUSE001,住宅,HOUSE_BELONG,住宅所有權/房子屬於誰,coarse_comparable,2002,91_2,q18,18,2,2,租賃（續答19題）,2,租賃,政府租賃與私人租賃合併以對齊早期租賃,請問您的住宅是？,question_options_91_2.csv,91 題文是自有、租賃、配住、借用；95+ 問房子屬於誰。,
01-02-make-family-data.R,HOUSE001,住宅,HOUSE_BELONG,住宅所有權/房子屬於誰,coarse_comparable,2002,91_2,q18,18,3,3,配住（續答19題）,3,配住,單位/公司配住與配住合併,請問您的住宅是？,question_options_91_2.csv,91 題文是自有、租賃、配住、借用；95+ 問房子屬於誰。,
01-02-make-family-data.R,HOUSE001,住宅,HOUSE_BELONG,住宅所有權/房子屬於誰,coarse_comparable,2002,91_2,q18,18,4,4,借用（跳答21題）,4,借用,各年借用合併,請問您的住宅是？,question_options_91_2.csv,91 題文是自有、租賃、配住、借用；95+ 問房子屬於誰。,
01-02-make-family-data.R,HOUSE001,住宅,HOUSE_BELONG,住宅所有權/房子屬於誰,coarse_comparable,2002,91_2,q18,18,5,5,未經許可自行搭建（跳答21題）,1,自有/家人所有/自建,自有、家人所有、自己搭建合併,請問您的住宅是？,question_options_91_2.csv,91 題文是自有、租賃、配住、借用；95+ 問房子屬於誰。,
01-02-make-family-data.R,HOUSE001,住宅,HOUSE_BELONG,住宅所有權/房子屬於誰,coarse_comparable,2006,95,q3,Q3,1,1,自己的（自己搭建）（跳 Q5）,1,自有/家人所有/自建,自有、家人所有、自己搭建合併,請問您現在住的房子是屬於誰的？【提示選項】,question_options_95.csv,91 題文是自有、租賃、配住、借用；95+ 問房子屬於誰。,
01-02-make-family-data.R,HOUSE001,住宅,HOUSE_BELONG,住宅所有權/房子屬於誰,coarse_comparable,2006,95,q3,Q3,2,2,租賃（續問Q4）,2,租賃,政府租賃與私人租賃合併以對齊早期租賃,請問您現在住的房子是屬於誰的？【提示選項】,question_options_95.csv,91 題文是自有、租賃、配住、借用；95+ 問房子屬於誰。,
01-02-make-family-data.R,HOUSE001,住宅,HOUSE_BELONG,住宅所有權/房子屬於誰,coarse_comparable,2006,95,q3,Q3,3,3,單位/公司配住（續問 Q4）,3,配住,單位/公司配住與配住合併,請問您現在住的房子是屬於誰的？【提示選項】,question_options_95.csv,91 題文是自有、租賃、配住、借用；95+ 問房子屬於誰。,
01-02-make-family-data.R,HOUSE001,住宅,HOUSE_BELONG,住宅所有權/房子屬於誰,coarse_comparable,2006,95,q3,Q3,4,4,借用（跳Q5）,4,借用,各年借用合併,請問您現在住的房子是屬於誰的？【提示選項】,question_options_95.csv,91 題文是自有、租賃、配住、借用；95+ 問房子屬於誰。,
01-02-make-family-data.R,HOUSE001,住宅,HOUSE_BELONG,住宅所有權/房子屬於誰,coarse_comparable,2006,95,q3,Q3,5,65,其他，請說明,97,其他,保留其他,請問您現在住的房子是屬於誰的？【提示選項】,question_options_95.csv,91 題文是自有、租賃、配住、借用；95+ 問房子屬於誰。,
01-02-make-family-data.R,HOUSE001,住宅,HOUSE_BELONG,住宅所有權/房子屬於誰,coarse_comparable,2010,99,g1,G1,1,,自己(其他家人)的/自己搭建 跳答 G3,1,自有/家人所有/自建,自有、家人所有、自己搭建合併,請問您現在住的房子是屬於誰的？,question_options_99.csv,91 題文是自有、租賃、配住、借用；95+ 問房子屬於誰。,
01-02-make-family-data.R,HOUSE001,住宅,HOUSE_BELONG,住宅所有權/房子屬於誰,coarse_comparable,2010,99,g1,G1,2,,租賃 續問 G2,2,租賃,政府租賃與私人租賃合併以對齊早期租賃,請問您現在住的房子是屬於誰的？,question_options_99.csv,91 題文是自有、租賃、配住、借用；95+ 問房子屬於誰。,
01-02-make-family-data.R,HOUSE001,住宅,HOUSE_BELONG,住宅所有權/房子屬於誰,coarse_comparable,2010,99,g1,G1,3,,單位/公司配住 續問 G2,3,配住,單位/公司配住與配住合併,請問您現在住的房子是屬於誰的？,question_options_99.csv,91 題文是自有、租賃、配住、借用；95+ 問房子屬於誰。,
01-02-make-family-data.R,HOUSE001,住宅,HOUSE_BELONG,住宅所有權/房子屬於誰,coarse_comparable,2010,99,g1,G1,4,,借用 跳答 G3,4,借用,各年借用合併,請問您現在住的房子是屬於誰的？,question_options_99.csv,91 題文是自有、租賃、配住、借用；95+ 問房子屬於誰。,
01-02-make-family-data.R,HOUSE001,住宅,HOUSE_BELONG,住宅所有權/房子屬於誰,coarse_comparable,2010,99,g1,G1,5,,其他，請說明 跳答 G3,97,其他,保留其他,請問您現在住的房子是屬於誰的？,question_options_99.csv,91 題文是自有、租賃、配住、借用；95+ 問房子屬於誰。,
01-02-make-family-data.R,HOUSE001,住宅,HOUSE_BELONG,住宅所有權/房子屬於誰,coarse_comparable,2014,103,g1,G1,1,1,自己(其他家人)的/自己搭建跳答G3,1,自有/家人所有/自建,自有、家人所有、自己搭建合併,請問您現在住的房子是屬於誰的？,question_options_103.csv,91 題文是自有、租賃、配住、借用；95+ 問房子屬於誰。,
01-02-make-family-data.R,HOUSE001,住宅,HOUSE_BELONG,住宅所有權/房子屬於誰,coarse_comparable,2014,103,g1,G1,2,2,向政府租賃(如:社會住宅) 續問 G2,2,租賃,政府租賃與私人租賃合併以對齊早期租賃,請問您現在住的房子是屬於誰的？,question_options_103.csv,91 題文是自有、租賃、配住、借用；95+ 問房子屬於誰。,
01-02-make-family-data.R,HOUSE001,住宅,HOUSE_BELONG,住宅所有權/房子屬於誰,coarse_comparable,2014,103,g1,G1,3,3,向私人租賃續問G2,2,租賃,政府租賃與私人租賃合併以對齊早期租賃,請問您現在住的房子是屬於誰的？,question_options_103.csv,91 題文是自有、租賃、配住、借用；95+ 問房子屬於誰。,
01-02-make-family-data.R,HOUSE001,住宅,HOUSE_BELONG,住宅所有權/房子屬於誰,coarse_comparable,2014,103,g1,G1,4,4,單位/公司配住續問G2,3,配住,單位/公司配住與配住合併,請問您現在住的房子是屬於誰的？,question_options_103.csv,91 題文是自有、租賃、配住、借用；95+ 問房子屬於誰。,
01-02-make-family-data.R,HOUSE001,住宅,HOUSE_BELONG,住宅所有權/房子屬於誰,coarse_comparable,2014,103,g1,G1,5,5,借用跳答G6,4,借用,各年借用合併,請問您現在住的房子是屬於誰的？,question_options_103.csv,91 題文是自有、租賃、配住、借用；95+ 問房子屬於誰。,
01-02-make-family-data.R,HOUSE001,住宅,HOUSE_BELONG,住宅所有權/房子屬於誰,coarse_comparable,2014,103,g1,G1,6,6,其他，請說明__________ 跳答 G6,97,其他,保留其他,請問您現在住的房子是屬於誰的？,question_options_103.csv,91 題文是自有、租賃、配住、借用；95+ 問房子屬於誰。,
01-02-make-family-data.R,HOUSE001,住宅,HOUSE_BELONG,住宅所有權/房子屬於誰,coarse_comparable,2017,106,h1,H1,1,1,自有(住宅所有權為家庭內共同生活居住成員擁有) /自己搭建跳答 H3,1,自有/家人所有/自建,自有、家人所有、自己搭建合併,請問您現在住的房子是屬於誰的？,question_options_106.csv,91 題文是自有、租賃、配住、借用；95+ 問房子屬於誰。,
01-02-make-family-data.R,HOUSE001,住宅,HOUSE_BELONG,住宅所有權/房子屬於誰,coarse_comparable,2017,106,h1,H1,2,2,不住在一起的配偶、父母或子女所擁有(住宅所有權不屬於家庭內共同生活居住成員擁有) 跳答 H3,1,自有/家人所有/自建,自有、家人所有、自己搭建合併,請問您現在住的房子是屬於誰的？,question_options_106.csv,91 題文是自有、租賃、配住、借用；95+ 問房子屬於誰。,
01-02-make-family-data.R,HOUSE001,住宅,HOUSE_BELONG,住宅所有權/房子屬於誰,coarse_comparable,2017,106,h1,H1,3,3,向政府租賃(如:社會住宅) 續問H2,2,租賃,政府租賃與私人租賃合併以對齊早期租賃,請問您現在住的房子是屬於誰的？,question_options_106.csv,91 題文是自有、租賃、配住、借用；95+ 問房子屬於誰。,
01-02-make-family-data.R,HOUSE001,住宅,HOUSE_BELONG,住宅所有權/房子屬於誰,coarse_comparable,2017,106,h1,H1,4,4,向私人租賃續問H2,2,租賃,政府租賃與私人租賃合併以對齊早期租賃,請問您現在住的房子是屬於誰的？,question_options_106.csv,91 題文是自有、租賃、配住、借用；95+ 問房子屬於誰。,
01-02-make-family-data.R,HOUSE001,住宅,HOUSE_BELONG,住宅所有權/房子屬於誰,coarse_comparable,2017,106,h1,H1,5,5,單位/公司配住續問H2,3,配住,單位/公司配住與配住合併,請問您現在住的房子是屬於誰的？,question_options_106.csv,91 題文是自有、租賃、配住、借用；95+ 問房子屬於誰。,
01-02-make-family-data.R,HOUSE001,住宅,HOUSE_BELONG,住宅所有權/房子屬於誰,coarse_comparable,2017,106,h1,H1,6,6,借用(目前居住的住宅向他人借用，不需支付費用，如退休人員續住公家宿舍)跳答I部分,4,借用,各年借用合併,請問您現在住的房子是屬於誰的？,question_options_106.csv,91 題文是自有、租賃、配住、借用；95+ 問房子屬於誰。,
01-02-make-family-data.R,HOUSE001,住宅,HOUSE_BELONG,住宅所有權/房子屬於誰,coarse_comparable,2017,106,h1,H1,7,7,其他，請說明________________跳答H3 3,97,其他,保留其他,請問您現在住的房子是屬於誰的？,question_options_106.csv,91 題文是自有、租賃、配住、借用；95+ 問房子屬於誰。,
01-02-make-family-data.R,HOUSE001,住宅,HOUSE_BELONG,住宅所有權/房子屬於誰,coarse_comparable,2021,110,c1,C1,1,1,自有(住宅所有權為家庭內共同生活居住成員擁有) /自己搭建跳答 C3,1,自有/家人所有/自建,自有、家人所有、自己搭建合併,請問您現在住的房子是屬於誰的？,question_options_110.csv,91 題文是自有、租賃、配住、借用；95+ 問房子屬於誰。,
01-02-make-family-data.R,HOUSE001,住宅,HOUSE_BELONG,住宅所有權/房子屬於誰,coarse_comparable,2021,110,c1,C1,2,2,不住在一起的配偶、父母或子女所擁有(住宅所有權不屬於家庭內共同生活居住成員擁有) 跳答 C3,1,自有/家人所有/自建,自有、家人所有、自己搭建合併,請問您現在住的房子是屬於誰的？,question_options_110.csv,91 題文是自有、租賃、配住、借用；95+ 問房子屬於誰。,
01-02-make-family-data.R,HOUSE001,住宅,HOUSE_BELONG,住宅所有權/房子屬於誰,coarse_comparable,2021,110,c1,C1,3,3,向政府租賃(如:社會住宅) 續問C2,2,租賃,政府租賃與私人租賃合併以對齊早期租賃,請問您現在住的房子是屬於誰的？,question_options_110.csv,91 題文是自有、租賃、配住、借用；95+ 問房子屬於誰。,
01-02-make-family-data.R,HOUSE001,住宅,HOUSE_BELONG,住宅所有權/房子屬於誰,coarse_comparable,2021,110,c1,C1,4,4,向私人租賃續問C2,2,租賃,政府租賃與私人租賃合併以對齊早期租賃,請問您現在住的房子是屬於誰的？,question_options_110.csv,91 題文是自有、租賃、配住、借用；95+ 問房子屬於誰。,
01-02-make-family-data.R,HOUSE001,住宅,HOUSE_BELONG,住宅所有權/房子屬於誰,coarse_comparable,2021,110,c1,C1,5,5,單位/公司配住續問C2,3,配住,單位/公司配住與配住合併,請問您現在住的房子是屬於誰的？,question_options_110.csv,91 題文是自有、租賃、配住、借用；95+ 問房子屬於誰。,
01-02-make-family-data.R,HOUSE001,住宅,HOUSE_BELONG,住宅所有權/房子屬於誰,coarse_comparable,2021,110,c1,C1,6,6,借用(目前居住的住宅向他人借用，不需支付費用，如退休人員續住公家宿舍)跳答D部分,4,借用,各年借用合併,請問您現在住的房子是屬於誰的？,question_options_110.csv,91 題文是自有、租賃、配住、借用；95+ 問房子屬於誰。,
01-02-make-family-data.R,HOUSE001,住宅,HOUSE_BELONG,住宅所有權/房子屬於誰,coarse_comparable,2021,110,c1,C1,7,7,其他，請說明________________跳答 C3,97,其他,保留其他,請問您現在住的房子是屬於誰的？,question_options_110.csv,91 題文是自有、租賃、配住、借用；95+ 問房子屬於誰。,
01-02-make-family-data.R,HOUSE002,住宅,RENT,每月房租,coarse_comparable,2002,91_1,q19,19,1,1,未滿1千,1,"未滿1,000元",所有年度可比租金組,若房子為租賃者（18題答2、3者），請問你每個月的租金是多少？,question_options_91_1.csv,103/106/110 同時有級距與開放數值欄。,
01-02-make-family-data.R,HOUSE002,住宅,RENT,每月房租,coarse_comparable,2002,91_1,q19,19,2,2,1千至未滿3千元,2,"1,000-2,999元",所有年度可比租金組,若房子為租賃者（18題答2、3者），請問你每個月的租金是多少？,question_options_91_1.csv,103/106/110 同時有級距與開放數值欄。,
01-02-make-family-data.R,HOUSE002,住宅,RENT,每月房租,coarse_comparable,2002,91_1,q19,19,3,3,3千至未滿5千元,3,"3,000-4,999元",所有年度可比租金組,若房子為租賃者（18題答2、3者），請問你每個月的租金是多少？,question_options_91_1.csv,103/106/110 同時有級距與開放數值欄。,
01-02-make-family-data.R,HOUSE002,住宅,RENT,每月房租,coarse_comparable,2002,91_1,q19,19,4,4,5千至未滿 7千元,4,"5,000-6,999元","103+ 的 5,000-5,999/6,000-6,999 合併",若房子為租賃者（18題答2、3者），請問你每個月的租金是多少？,question_options_91_1.csv,103/106/110 同時有級距與開放數值欄。,
01-02-make-family-data.R,HOUSE002,住宅,RENT,每月房租,coarse_comparable,2002,91_1,q19,19,5,5,7千元至未滿1萬元,5,"7,000-9,999元","103+ 的 7,000-7,999/8,000-8,999/9,000-9,999 合併",若房子為租賃者（18題答2、3者），請問你每個月的租金是多少？,question_options_91_1.csv,103/106/110 同時有級距與開放數值欄。,
01-02-make-family-data.R,HOUSE002,住宅,RENT,每月房租,coarse_comparable,2002,91_1,q19,19,6,6,1萬元至未滿2萬元,6,"10,000-19,999元","10,000-14,999 與 15,000-19,999 合併以對齊早期",若房子為租賃者（18題答2、3者），請問你每個月的租金是多少？,question_options_91_1.csv,103/106/110 同時有級距與開放數值欄。,raw_option_code duplicates within this question/year; recode by labelled text or verify DTA labels
01-02-make-family-data.R,HOUSE002,住宅,RENT,每月房租,coarse_comparable,2002,91_1,q19,19,7,6,2萬元以上（請記錄　　元）,7,"20,000元以上",所有年度可比租金組,若房子為租賃者（18題答2、3者），請問你每個月的租金是多少？,question_options_91_1.csv,103/106/110 同時有級距與開放數值欄。,raw_option_code duplicates within this question/year; recode by labelled text or verify DTA labels
01-02-make-family-data.R,HOUSE002,住宅,RENT,每月房租,coarse_comparable,2002,91_2,q19,19,1,1,未滿1千,1,"未滿1,000元",所有年度可比租金組,若房子為租賃者（18題答2、3者），請問你每個月的租金是多少？,question_options_91_2.csv,103/106/110 同時有級距與開放數值欄。,
01-02-make-family-data.R,HOUSE002,住宅,RENT,每月房租,coarse_comparable,2002,91_2,q19,19,2,2,1千至未滿3千元,2,"1,000-2,999元",所有年度可比租金組,若房子為租賃者（18題答2、3者），請問你每個月的租金是多少？,question_options_91_2.csv,103/106/110 同時有級距與開放數值欄。,
01-02-make-family-data.R,HOUSE002,住宅,RENT,每月房租,coarse_comparable,2002,91_2,q19,19,3,3,3千至未滿5千元,3,"3,000-4,999元",所有年度可比租金組,若房子為租賃者（18題答2、3者），請問你每個月的租金是多少？,question_options_91_2.csv,103/106/110 同時有級距與開放數值欄。,
01-02-make-family-data.R,HOUSE002,住宅,RENT,每月房租,coarse_comparable,2002,91_2,q19,19,4,4,5千至未滿 7千元,4,"5,000-6,999元","103+ 的 5,000-5,999/6,000-6,999 合併",若房子為租賃者（18題答2、3者），請問你每個月的租金是多少？,question_options_91_2.csv,103/106/110 同時有級距與開放數值欄。,
01-02-make-family-data.R,HOUSE002,住宅,RENT,每月房租,coarse_comparable,2002,91_2,q19,19,5,5,7千元至未滿1萬元,5,"7,000-9,999元","103+ 的 7,000-7,999/8,000-8,999/9,000-9,999 合併",若房子為租賃者（18題答2、3者），請問你每個月的租金是多少？,question_options_91_2.csv,103/106/110 同時有級距與開放數值欄。,
01-02-make-family-data.R,HOUSE002,住宅,RENT,每月房租,coarse_comparable,2002,91_2,q19,19,6,6,1萬元至未滿2萬元,6,"10,000-19,999元","10,000-14,999 與 15,000-19,999 合併以對齊早期",若房子為租賃者（18題答2、3者），請問你每個月的租金是多少？,question_options_91_2.csv,103/106/110 同時有級距與開放數值欄。,raw_option_code duplicates within this question/year; recode by labelled text or verify DTA labels
01-02-make-family-data.R,HOUSE002,住宅,RENT,每月房租,coarse_comparable,2002,91_2,q19,19,7,6,2萬元以上（請記錄　　元）,7,"20,000元以上",所有年度可比租金組,若房子為租賃者（18題答2、3者），請問你每個月的租金是多少？,question_options_91_2.csv,103/106/110 同時有級距與開放數值欄。,raw_option_code duplicates within this question/year; recode by labelled text or verify DTA labels
01-02-make-family-data.R,HOUSE002,住宅,RENT,每月房租,coarse_comparable,2006,95,q4,Q4,1,1,999元及以下,1,"未滿1,000元",所有年度可比租金組,若房子為租賃者（Q3回答2、3者），請問您每個月的租金是多少？,question_options_95.csv,103/106/110 同時有級距與開放數值欄。,
01-02-make-family-data.R,HOUSE002,住宅,RENT,每月房租,coarse_comparable,2006,95,q4,Q4,2,2,"1,000-2,999元",2,"1,000-2,999元",所有年度可比租金組,若房子為租賃者（Q3回答2、3者），請問您每個月的租金是多少？,question_options_95.csv,103/106/110 同時有級距與開放數值欄。,
01-02-make-family-data.R,HOUSE002,住宅,RENT,每月房租,coarse_comparable,2006,95,q4,Q4,3,3,"3,000-4,999 元",3,"3,000-4,999元",所有年度可比租金組,若房子為租賃者（Q3回答2、3者），請問您每個月的租金是多少？,question_options_95.csv,103/106/110 同時有級距與開放數值欄。,
01-02-make-family-data.R,HOUSE002,住宅,RENT,每月房租,coarse_comparable,2006,95,q4,Q4,4,4,"5,000-6,999元",4,"5,000-6,999元","103+ 的 5,000-5,999/6,000-6,999 合併",若房子為租賃者（Q3回答2、3者），請問您每個月的租金是多少？,question_options_95.csv,103/106/110 同時有級距與開放數值欄。,
01-02-make-family-data.R,HOUSE002,住宅,RENT,每月房租,coarse_comparable,2006,95,q4,Q4,5,5,"7,000-9,999 元",5,"7,000-9,999元","103+ 的 7,000-7,999/8,000-8,999/9,000-9,999 合併",若房子為租賃者（Q3回答2、3者），請問您每個月的租金是多少？,question_options_95.csv,103/106/110 同時有級距與開放數值欄。,
01-02-make-family-data.R,HOUSE002,住宅,RENT,每月房租,coarse_comparable,2006,95,q4,Q4,6,6,"10,000-14,999元",6,"10,000-19,999元","10,000-14,999 與 15,000-19,999 合併以對齊早期",若房子為租賃者（Q3回答2、3者），請問您每個月的租金是多少？,question_options_95.csv,103/106/110 同時有級距與開放數值欄。,
01-02-make-family-data.R,HOUSE002,住宅,RENT,每月房租,coarse_comparable,2006,95,q4,Q4,7,7,"15,000-19,999 元",6,"10,000-19,999元","10,000-14,999 與 15,000-19,999 合併以對齊早期",若房子為租賃者（Q3回答2、3者），請問您每個月的租金是多少？,question_options_95.csv,103/106/110 同時有級距與開放數值欄。,
01-02-make-family-data.R,HOUSE002,住宅,RENT,每月房租,coarse_comparable,2006,95,q4,Q4,8,90,"20,000 元及以上，請記錄 元",7,"20,000元以上",所有年度可比租金組,若房子為租賃者（Q3回答2、3者），請問您每個月的租金是多少？,question_options_95.csv,103/106/110 同時有級距與開放數值欄。,
01-02-make-family-data.R,HOUSE002,住宅,RENT,每月房租,coarse_comparable,2010,99,g2,G2,1,,999 元及以下,1,"未滿1,000元",所有年度可比租金組,若房子為租賃者（G1 回答 2、3 者），請問您每個月的房屋租金是多少？,question_options_99.csv,103/106/110 同時有級距與開放數值欄。,
01-02-make-family-data.R,HOUSE002,住宅,RENT,每月房租,coarse_comparable,2010,99,g2,G2,2,1,"000-2,999 元",2,"1,000-2,999元",所有年度可比租金組,"若房子為租賃者（G1 回答 2、3 者），請問您每個月的房屋租金是多少？,",question_options_99.csv,103/106/110 同時有級距與開放數值欄。,
01-02-make-family-data.R,HOUSE002,住宅,RENT,每月房租,coarse_comparable,2010,99,g2,G2,3,3,"000-4,999 元",3,"3,000-4,999元",所有年度可比租金組,"若房子為租賃者（G1 回答 2、3 者），請問您每個月的房屋租金是多少？,",question_options_99.csv,103/106/110 同時有級距與開放數值欄。,
01-02-make-family-data.R,HOUSE002,住宅,RENT,每月房租,coarse_comparable,2010,99,g2,G2,4,5,"000-6,999 元",4,"5,000-6,999元","103+ 的 5,000-5,999/6,000-6,999 合併","若房子為租賃者（G1 回答 2、3 者），請問您每個月的房屋租金是多少？,",question_options_99.csv,103/106/110 同時有級距與開放數值欄。,
01-02-make-family-data.R,HOUSE002,住宅,RENT,每月房租,coarse_comparable,2010,99,g2,G2,5,7,"000-9,999 元",5,"7,000-9,999元","103+ 的 7,000-7,999/8,000-8,999/9,000-9,999 合併","若房子為租賃者（G1 回答 2、3 者），請問您每個月的房屋租金是多少？,",question_options_99.csv,103/106/110 同時有級距與開放數值欄。,
01-02-make-family-data.R,HOUSE002,住宅,RENT,每月房租,coarse_comparable,2010,99,g2,G2,6,10,"000-14,999 元",6,"10,000-19,999元","10,000-14,999 與 15,000-19,999 合併以對齊早期","若房子為租賃者（G1 回答 2、3 者），請問您每個月的房屋租金是多少？,",question_options_99.csv,103/106/110 同時有級距與開放數值欄。,
01-02-make-family-data.R,HOUSE002,住宅,RENT,每月房租,coarse_comparable,2010,99,g2,G2,7,15,"000-19,999 元",6,"10,000-19,999元","10,000-14,999 與 15,000-19,999 合併以對齊早期","若房子為租賃者（G1 回答 2、3 者），請問您每個月的房屋租金是多少？,",question_options_99.csv,103/106/110 同時有級距與開放數值欄。,
01-02-make-family-data.R,HOUSE002,住宅,RENT,每月房租,coarse_comparable,2010,99,g2,G2,8,20,000 元及以上，請記錄 元,7,"20,000元以上",所有年度可比租金組,"若房子為租賃者（G1 回答 2、3 者），請問您每個月的房屋租金是多少？,",question_options_99.csv,103/106/110 同時有級距與開放數值欄。,
01-02-make-family-data.R,HOUSE002,住宅,RENT,每月房租,coarse_comparable,2010,99,g2,G2,9,,不需要支付租金,0,不需要支付租金,後期新增免租選項，獨立保留,若房子為租賃者（G1 回答 2、3 者），請問您每個月的房屋租金是多少？,question_options_99.csv,103/106/110 同時有級距與開放數值欄。,
01-02-make-family-data.R,HOUSE002,住宅,RENT,每月房租,coarse_comparable,2014,103,g2,G2,1,1,999 元及以下,1,"未滿1,000元",所有年度可比租金組,若房子為租賃者（G1回答2、3、4者），請問您每個月的房屋租金是多少？ 回答完跳答G6,question_options_103.csv,103/106/110 同時有級距與開放數值欄。,
01-02-make-family-data.R,HOUSE002,住宅,RENT,每月房租,coarse_comparable,2014,103,g2,G2,2,2,"1,000-2,999",2,"1,000-2,999元",所有年度可比租金組,若房子為租賃者（G1回答2、3、4者），請問您每個月的房屋租金是多少？ 回答完跳答G6,question_options_103.csv,103/106/110 同時有級距與開放數值欄。,
01-02-make-family-data.R,HOUSE002,住宅,RENT,每月房租,coarse_comparable,2014,103,g2,G2,3,3,"3,000-4,999 元",3,"3,000-4,999元",所有年度可比租金組,若房子為租賃者（G1回答2、3、4者），請問您每個月的房屋租金是多少？ 回答完跳答G6,question_options_103.csv,103/106/110 同時有級距與開放數值欄。,
01-02-make-family-data.R,HOUSE002,住宅,RENT,每月房租,coarse_comparable,2014,103,g2,G2,4,4,"5,000-5,999 元",4,"5,000-6,999元","103+ 的 5,000-5,999/6,000-6,999 合併",若房子為租賃者（G1回答2、3、4者），請問您每個月的房屋租金是多少？ 回答完跳答G6,question_options_103.csv,103/106/110 同時有級距與開放數值欄。,
01-02-make-family-data.R,HOUSE002,住宅,RENT,每月房租,coarse_comparable,2014,103,g2,G2,5,5,"6,000-6,999 元",4,"5,000-6,999元","103+ 的 5,000-5,999/6,000-6,999 合併",若房子為租賃者（G1回答2、3、4者），請問您每個月的房屋租金是多少？ 回答完跳答G6,question_options_103.csv,103/106/110 同時有級距與開放數值欄。,
01-02-make-family-data.R,HOUSE002,住宅,RENT,每月房租,coarse_comparable,2014,103,g2,G2,6,6,"7,000-7,999 元",5,"7,000-9,999元","103+ 的 7,000-7,999/8,000-8,999/9,000-9,999 合併",若房子為租賃者（G1回答2、3、4者），請問您每個月的房屋租金是多少？ 回答完跳答G6,question_options_103.csv,103/106/110 同時有級距與開放數值欄。,
01-02-make-family-data.R,HOUSE002,住宅,RENT,每月房租,coarse_comparable,2014,103,g2,G2,7,7,"8,000-8,999 元",5,"7,000-9,999元","103+ 的 7,000-7,999/8,000-8,999/9,000-9,999 合併",若房子為租賃者（G1回答2、3、4者），請問您每個月的房屋租金是多少？ 回答完跳答G6,question_options_103.csv,103/106/110 同時有級距與開放數值欄。,
01-02-make-family-data.R,HOUSE002,住宅,RENT,每月房租,coarse_comparable,2014,103,g2,G2,8,8,"9,000-9,999 元",5,"7,000-9,999元","103+ 的 7,000-7,999/8,000-8,999/9,000-9,999 合併",若房子為租賃者（G1回答2、3、4者），請問您每個月的房屋租金是多少？ 回答完跳答G6,question_options_103.csv,103/106/110 同時有級距與開放數值欄。,
01-02-make-family-data.R,HOUSE002,住宅,RENT,每月房租,coarse_comparable,2014,103,g2,G2,9,9,"10,000-14,999 元",6,"10,000-19,999元","10,000-14,999 與 15,000-19,999 合併以對齊早期",若房子為租賃者（G1回答2、3、4者），請問您每個月的房屋租金是多少？ 回答完跳答G6,question_options_103.csv,103/106/110 同時有級距與開放數值欄。,
01-02-make-family-data.R,HOUSE002,住宅,RENT,每月房租,coarse_comparable,2014,103,g2,G2,10,10,"15,000-19,999 元",6,"10,000-19,999元","10,000-14,999 與 15,000-19,999 合併以對齊早期",若房子為租賃者（G1回答2、3、4者），請問您每個月的房屋租金是多少？ 回答完跳答G6,question_options_103.csv,103/106/110 同時有級距與開放數值欄。,
01-02-make-family-data.R,HOUSE002,住宅,RENT,每月房租,coarse_comparable,2014,103,g2,G2,11,11,"20,000 元及以上，請記錄_________元",7,"20,000元以上",所有年度可比租金組,若房子為租賃者（G1回答2、3、4者），請問您每個月的房屋租金是多少？ 回答完跳答G6,question_options_103.csv,103/106/110 同時有級距與開放數值欄。,
01-02-make-family-data.R,HOUSE002,住宅,RENT,每月房租,coarse_comparable,2014,103,g2,G2,12,12,不需要支付租金,0,不需要支付租金,後期新增免租選項，獨立保留,若房子為租賃者（G1回答2、3、4者），請問您每個月的房屋租金是多少？ 回答完跳答G6,question_options_103.csv,103/106/110 同時有級距與開放數值欄。,
01-02-make-family-data.R,HOUSE002,住宅,RENT,每月房租,coarse_comparable,2017,106,h2,H2,1,1,"未滿 1,000元",1,"未滿1,000元",所有年度可比租金組,若房子為租賃/配住者（H1回答3、4、5者），請問您每個月的房屋租金是多少？回答完跳答I部分,question_options_106.csv,103/106/110 同時有級距與開放數值欄。,
01-02-make-family-data.R,HOUSE002,住宅,RENT,每月房租,coarse_comparable,2017,106,h2,H2,2,2,"1,000 元-未滿3,000元",2,"1,000-2,999元",所有年度可比租金組,若房子為租賃/配住者（H1回答3、4、5者），請問您每個月的房屋租金是多少？回答完跳答I部分,question_options_106.csv,103/106/110 同時有級距與開放數值欄。,
01-02-make-family-data.R,HOUSE002,住宅,RENT,每月房租,coarse_comparable,2017,106,h2,H2,3,3,"3,000 元-未滿5,000元",3,"3,000-4,999元",所有年度可比租金組,若房子為租賃/配住者（H1回答3、4、5者），請問您每個月的房屋租金是多少？回答完跳答I部分,question_options_106.csv,103/106/110 同時有級距與開放數值欄。,
01-02-make-family-data.R,HOUSE002,住宅,RENT,每月房租,coarse_comparable,2017,106,h2,H2,4,4,"5,000 元-未滿6,000元",4,"5,000-6,999元","103+ 的 5,000-5,999/6,000-6,999 合併",若房子為租賃/配住者（H1回答3、4、5者），請問您每個月的房屋租金是多少？回答完跳答I部分,question_options_106.csv,103/106/110 同時有級距與開放數值欄。,
01-02-make-family-data.R,HOUSE002,住宅,RENT,每月房租,coarse_comparable,2017,106,h2,H2,5,5,"6,000 元-未滿7,000元",4,"5,000-6,999元","103+ 的 5,000-5,999/6,000-6,999 合併",若房子為租賃/配住者（H1回答3、4、5者），請問您每個月的房屋租金是多少？回答完跳答I部分,question_options_106.csv,103/106/110 同時有級距與開放數值欄。,
01-02-make-family-data.R,HOUSE002,住宅,RENT,每月房租,coarse_comparable,2017,106,h2,H2,6,6,"7,000 元-未滿8,000元",5,"7,000-9,999元","103+ 的 7,000-7,999/8,000-8,999/9,000-9,999 合併",若房子為租賃/配住者（H1回答3、4、5者），請問您每個月的房屋租金是多少？回答完跳答I部分,question_options_106.csv,103/106/110 同時有級距與開放數值欄。,
01-02-make-family-data.R,HOUSE002,住宅,RENT,每月房租,coarse_comparable,2017,106,h2,H2,7,7,"8,000 元-未滿9,000元",5,"7,000-9,999元","103+ 的 7,000-7,999/8,000-8,999/9,000-9,999 合併",若房子為租賃/配住者（H1回答3、4、5者），請問您每個月的房屋租金是多少？回答完跳答I部分,question_options_106.csv,103/106/110 同時有級距與開放數值欄。,
01-02-make-family-data.R,HOUSE002,住宅,RENT,每月房租,coarse_comparable,2017,106,h2,H2,8,8,"9,000 元-未滿10,000元",5,"7,000-9,999元","103+ 的 7,000-7,999/8,000-8,999/9,000-9,999 合併",若房子為租賃/配住者（H1回答3、4、5者），請問您每個月的房屋租金是多少？回答完跳答I部分,question_options_106.csv,103/106/110 同時有級距與開放數值欄。,
01-02-make-family-data.R,HOUSE002,住宅,RENT,每月房租,coarse_comparable,2017,106,h2,H2,9,9,"10,000 元-未滿15,000元",6,"10,000-19,999元","10,000-14,999 與 15,000-19,999 合併以對齊早期",若房子為租賃/配住者（H1回答3、4、5者），請問您每個月的房屋租金是多少？回答完跳答I部分,question_options_106.csv,103/106/110 同時有級距與開放數值欄。,
01-02-make-family-data.R,HOUSE002,住宅,RENT,每月房租,coarse_comparable,2017,106,h2,H2,10,10,"15,000 元-未滿20,000元",6,"10,000-19,999元","10,000-14,999 與 15,000-19,999 合併以對齊早期",若房子為租賃/配住者（H1回答3、4、5者），請問您每個月的房屋租金是多少？回答完跳答I部分,question_options_106.csv,103/106/110 同時有級距與開放數值欄。,
01-02-make-family-data.R,HOUSE002,住宅,RENT,每月房租,coarse_comparable,2017,106,h2,H2,11,11,"20,000 元以上，請記錄____________元",7,"20,000元以上",所有年度可比租金組,若房子為租賃/配住者（H1回答3、4、5者），請問您每個月的房屋租金是多少？回答完跳答I部分,question_options_106.csv,103/106/110 同時有級距與開放數值欄。,
01-02-make-family-data.R,HOUSE002,住宅,RENT,每月房租,coarse_comparable,2017,106,h2,H2,12,12,不需要支付租金,0,不需要支付租金,後期新增免租選項，獨立保留,若房子為租賃/配住者（H1回答3、4、5者），請問您每個月的房屋租金是多少？回答完跳答I部分,question_options_106.csv,103/106/110 同時有級距與開放數值欄。,
01-02-make-family-data.R,HOUSE002,住宅,RENT,每月房租,coarse_comparable,2021,110,c2,C2,1,1,"未滿 1,000元",1,"未滿1,000元",所有年度可比租金組,若房子為租賃/配住者（C1回答3、4、5者），請問您每個月的房屋租金是多少？回答完跳答D部,question_options_110.csv,103/106/110 同時有級距與開放數值欄。,
01-02-make-family-data.R,HOUSE002,住宅,RENT,每月房租,coarse_comparable,2021,110,c2,C2,2,2,"1,000 元-未滿3,000元",2,"1,000-2,999元",所有年度可比租金組,若房子為租賃/配住者（C1回答3、4、5者），請問您每個月的房屋租金是多少？回答完跳答D部,question_options_110.csv,103/106/110 同時有級距與開放數值欄。,
01-02-make-family-data.R,HOUSE002,住宅,RENT,每月房租,coarse_comparable,2021,110,c2,C2,3,3,"3,000 元-未滿5,000元",3,"3,000-4,999元",所有年度可比租金組,若房子為租賃/配住者（C1回答3、4、5者），請問您每個月的房屋租金是多少？回答完跳答D部,question_options_110.csv,103/106/110 同時有級距與開放數值欄。,
01-02-make-family-data.R,HOUSE002,住宅,RENT,每月房租,coarse_comparable,2021,110,c2,C2,4,4,"5,000 元-未滿6,000元",4,"5,000-6,999元","103+ 的 5,000-5,999/6,000-6,999 合併",若房子為租賃/配住者（C1回答3、4、5者），請問您每個月的房屋租金是多少？回答完跳答D部,question_options_110.csv,103/106/110 同時有級距與開放數值欄。,
01-02-make-family-data.R,HOUSE002,住宅,RENT,每月房租,coarse_comparable,2021,110,c2,C2,5,5,"6,000 元-未滿7,000元",4,"5,000-6,999元","103+ 的 5,000-5,999/6,000-6,999 合併",若房子為租賃/配住者（C1回答3、4、5者），請問您每個月的房屋租金是多少？回答完跳答D部,question_options_110.csv,103/106/110 同時有級距與開放數值欄。,
01-02-make-family-data.R,HOUSE002,住宅,RENT,每月房租,coarse_comparable,2021,110,c2,C2,6,6,"7,000 元-未滿8,000元",5,"7,000-9,999元","103+ 的 7,000-7,999/8,000-8,999/9,000-9,999 合併",若房子為租賃/配住者（C1回答3、4、5者），請問您每個月的房屋租金是多少？回答完跳答D部,question_options_110.csv,103/106/110 同時有級距與開放數值欄。,
01-02-make-family-data.R,HOUSE002,住宅,RENT,每月房租,coarse_comparable,2021,110,c2,C2,7,7,"8,000 元-未滿9,000元",5,"7,000-9,999元","103+ 的 7,000-7,999/8,000-8,999/9,000-9,999 合併",若房子為租賃/配住者（C1回答3、4、5者），請問您每個月的房屋租金是多少？回答完跳答D部,question_options_110.csv,103/106/110 同時有級距與開放數值欄。,
01-02-make-family-data.R,HOUSE002,住宅,RENT,每月房租,coarse_comparable,2021,110,c2,C2,8,8,"9,000 元-未滿10,000元",5,"7,000-9,999元","103+ 的 7,000-7,999/8,000-8,999/9,000-9,999 合併",若房子為租賃/配住者（C1回答3、4、5者），請問您每個月的房屋租金是多少？回答完跳答D部,question_options_110.csv,103/106/110 同時有級距與開放數值欄。,
01-02-make-family-data.R,HOUSE002,住宅,RENT,每月房租,coarse_comparable,2021,110,c2,C2,9,9,"10,000 元-未滿15,000元",6,"10,000-19,999元","10,000-14,999 與 15,000-19,999 合併以對齊早期",若房子為租賃/配住者（C1回答3、4、5者），請問您每個月的房屋租金是多少？回答完跳答D部,question_options_110.csv,103/106/110 同時有級距與開放數值欄。,
01-02-make-family-data.R,HOUSE002,住宅,RENT,每月房租,coarse_comparable,2021,110,c2,C2,10,10,"15,000 元-未滿20,000元",6,"10,000-19,999元","10,000-14,999 與 15,000-19,999 合併以對齊早期",若房子為租賃/配住者（C1回答3、4、5者），請問您每個月的房屋租金是多少？回答完跳答D部,question_options_110.csv,103/106/110 同時有級距與開放數值欄。,
01-02-make-family-data.R,HOUSE002,住宅,RENT,每月房租,coarse_comparable,2021,110,c2,C2,11,11,"20,000 元以上，請記錄____________元",7,"20,000元以上",所有年度可比租金組,若房子為租賃/配住者（C1回答3、4、5者），請問您每個月的房屋租金是多少？回答完跳答D部,question_options_110.csv,103/106/110 同時有級距與開放數值欄。,
01-02-make-family-data.R,HOUSE002,住宅,RENT,每月房租,coarse_comparable,2021,110,c2,C2,12,12,不需要支付租金,0,不需要支付租金,後期新增免租選項，獨立保留,若房子為租賃/配住者（C1回答3、4、5者），請問您每個月的房屋租金是多少？回答完跳答D部,question_options_110.csv,103/106/110 同時有級距與開放數值欄。,
